AUDD,UDDANNELSESNIVEAU,FAGOMRAADE_UNDER,UDDANNELSESTYPE_UNDER,ISCED_P,ISCED_F,PRIA,KOMP,HOVEDOMRAADE_DETALJERET
0,90,991010,9910,999,9999,0,0,90992010
1,10,995010,9920,999,9999,0,0,10011010
2,90,993010,9910,999,9999,0,0,90993010
141,50,251010,4510,551,0220,0,0,40241010
144,50,351010,4510,551,0300,0,0,40381010
145,50,551010,4510,551,0700,0,0,40581010
146,50,555010,4510,551,0721,0,0,40751010
148,50,801010,4510,551,1041,0,0,40859510
150,60,202010,6010,651,0111,0,0,50201010
151,60,251010,6010,651,0220,0,0,50241010
152,60,301010,6010,651,0210,0,0,50301010
153,60,451010,6010,651,0500,0,0,50751010
154,60,351010,6010,651,0300,0,0,50381010
155,60,551010,6010,651,0700,0,0,50581010
156,60,453015,6010,651,0518,0,0,50751010
159,60,651010,6010,651,0900,0,0,50891010
161,60,251010,5030,641,0220,0,0,60251010
162,60,301010,5030,641,0210,0,0,60301010
163,60,451010,5030,641,0500,0,0,60351010
164,60,351010,5030,641,0300,0,0,60391010
165,60,551010,5030,641,0700,0,0,60591010
167,60,601010,5030,641,0800,0,0,60801010
170,70,202010,7510,741,0111,0,0,70201010
171,70,251010,7510,741,0220,0,0,70251010
172,70,301010,7510,741,0210,0,0,70301010
173,70,451010,7510,741,0500,0,0,70351010
174,70,351010,7510,741,0300,0,0,70391010
175,70,551010,7510,741,0700,0,0,70591010
176,70,453015,7510,741,0518,0,0,70759510
177,70,601010,7510,741,0800,0,0,70801010
179,70,651010,7510,741,0900,0,0,70901010
200,10,101010,1510,100,0011,84,2,10101020
205,20,102010,1520,241,0011,108,2,10201020
210,20,102010,1520,244,0011,132,1,10201020
215,30,121030,2040,344,0011,156,1,20305010
220,30,656525,8590,351,0922,0,8,39101510
239,30,401010,8590,351,0410,0,8,39152510
253,30,581010,8590,351,0730,0,8,39351010
254,30,571010,8590,351,0715,0,8,39553525
255,30,271010,8590,351,0211,0,8,39453010
258,30,551010,8590,351,0700,0,8,39551060
260,30,701010,8590,351,1000,0,8,39155010
275,30,555010,8590,351,0721,0,8,39202030
280,30,601010,8590,351,0800,0,8,39254010
285,30,801010,8590,351,1041,0,8,39654010
290,30,651010,8590,351,0900,0,8,39101010
299,30,981020,8520,351,9999,0,8,39903010
300,30,981010,3020,353,9999,168,3,30971010
320,30,656525,3090,353,0922,150,3,30101010
339,30,401010,3090,353,0410,168,3,30151010
353,30,581010,3090,353,0730,176,3,30351010
354,30,571010,3090,353,0715,180,3,30551010
355,30,271010,3090,353,0211,180,3,30451010
358,30,551010,3090,353,0700,168,3,30551010
360,30,701010,3090,353,1000,174,3,30155010
375,30,555010,3090,353,0721,172,3,30205010
380,30,601010,3090,353,0800,172,3,30254010
385,30,801010,3090,353,1041,168,3,30651010
390,30,651010,3090,353,0900,162,3,30102010
400,50,981010,4510,554,9999,180,3,40971010
425,50,251010,4510,554,0220,180,3,40241010
430,50,301010,4510,554,0210,192,3,40301010
439,50,401010,4510,554,0410,180,3,40381010
459,50,551010,4510,554,0700,180,3,40581010
475,50,555010,4510,554,0721,180,3,40751010
480,50,601010,4510,554,0800,180,3,40801010
485,50,801010,4510,554,1041,180,3,40859510
490,50,651010,4510,554,0900,180,3,40891010
495,50,751510,4510,554,1032,180,3,40951010
500,60,981010,6010,655,9999,198,3,50971010
520,60,202010,6010,665,0111,192,3,50201010
525,60,251010,6010,665,0220,198,3,50241010
530,60,301010,6010,665,0210,198,3,50301010
539,60,351010,6010,665,0300,192,3,50381010
545,60,451010,6010,665,0500,204,3,50751010
559,60,551010,6010,665,0700,198,3,50581010
575,60,453015,6010,665,0518,198,3,50751010
580,60,601010,6010,665,0800,201,3,50801010
585,60,801010,6010,665,1041,192,3,50589520
590,60,651010,6010,665,0900,204,3,50891010
595,60,751010,6010,665,1031,186,3,50951010
600,70,981010,7510,741,9999,216,3,70971010
620,70,202010,7510,767,0111,216,3,70201010
625,70,251010,7510,767,0220,216,3,70251010
630,70,301010,7510,767,0210,216,3,70301010
639,70,351010,7510,767,0300,216,3,70391010
645,70,451010,7510,767,0500,216,3,70351010
659,70,551010,7510,767,0700,216,3,70591010
675,70,453015,7510,767,0518,216,3,70759510
680,70,601010,7510,767,0800,216,3,70801010
690,70,651010,7510,767,0900,216,3,70901010
695,70,751010,7510,757,1031,205,3,70951010
700,60,981010,5030,645,9999,192,3,60971010
702,60,251010,5030,645,0220,192,3,60251010
703,60,301010,5030,645,0210,192,3,60301010
704,60,451010,5030,645,0500,192,3,60351010
705,60,351010,5030,645,0300,192,3,60391010
706,60,551010,5030,645,0700,192,3,60591010
707,60,453015,5030,645,0518,192,3,60759510
708,60,601010,5030,645,0800,192,3,60801010
709,60,651010,5030,645,0900,192,3,60901010
720,80,981010,8010,864,9999,252,3,80971010
721,80,202010,8010,864,0111,252,3,80201010
722,80,251010,8010,864,0220,252,3,80251010
723,80,301010,8010,864,0210,252,3,80301010
724,80,451010,8010,864,0500,252,3,80351010
725,80,351010,8010,864,0300,252,3,80391010
726,80,551010,8010,864,0700,252,3,80591010
728,80,601010,8010,864,0800,252,3,80801010
729,80,651010,8010,864,0900,252,3,80901010
800,50,309525,4510,554,0218,144,3,40309010
802,60,308015,6010,655,0215,168,3,50306555
803,50,302510,4510,554,0213,180,3,40309010
805,30,304035,3090,353,0215,144,3,30902510
806,50,304045,4510,554,0215,156,3,40306555
807,50,304045,4510,551,0215,144,3,40306555
810,60,654510,6010,655,0915,192,3,50894525
811,50,654510,4510,554,0915,180,3,40894525
812,30,204015,3090,353,0114,132,3,30103510
815,60,656515,6010,655,0922,198,3,50201510
816,60,656515,6010,655,0922,192,3,50201510
820,30,802510,3090,353,1041,156,3,30654010
825,30,555070,3090,353,0723,144,3,30557010
835,50,657015,4510,554,0923,174,3,40892510
840,60,402510,6010,655,0413,192,3,50391510
845,60,271015,6010,655,0618,168,3,50589525
850,30,702025,3090,353,1012,150,3,30902510
990,70,202010,8590,741,0111,216,5,70203020
1006,10,101010,1510,100,0011,84,2,10101016
1007,20,102010,1520,241,0011,96,2,10201010
1008,20,102010,1520,241,0011,108,2,10201011
1009,20,102010,1520,244,0011,120,1,10201012
1010,20,102010,1530,244,0011,132,1,10301010
1011,20,102010,1530,244,0011,132,1,10301010
1021,20,102010,1520,241,0011,108,2,10201011
1022,20,102010,1520,241,0011,120,2,10201012
1023,20,102010,1530,244,0011,132,1,10301010
1031,30,121030,2020,341,0011,144,2,20102011
1032,30,121030,2020,344,0011,156,1,20102012
1040,30,121030,2010,341,0011,132,2,20101011
1041,30,121010,2010,341,0011,132,2,20101021
1042,30,121020,2010,341,0011,132,2,20101031
1049,30,121030,2010,341,0011,144,2,20101012
1051,30,121010,2010,341,0011,144,2,20101022
1052,30,121010,2010,341,0011,144,2,20101022
1061,30,121020,2010,341,0011,144,2,20101032
1062,30,121020,2010,341,0011,144,2,20101032
1064,30,121020,2010,341,0011,144,2,20101032
1069,30,121030,2010,344,0011,156,1,20101013
1070,30,121010,2010,344,0011,156,1,20101023
1071,30,121010,2010,344,0011,156,1,20101023
1072,30,121010,2010,344,0011,156,1,20101023
1073,30,121010,2010,344,0011,156,1,20101023
1080,30,121020,2010,344,0011,156,1,20101033
1081,30,121020,2010,344,0011,156,1,20101033
1082,30,121020,2010,344,0011,156,1,20101033
1083,30,121020,2010,344,0011,156,1,20101033
1084,30,121020,2010,344,0011,156,1,20101033
1090,90,994010,9910,999,9999,0,0,90991010
1095,90,994030,9910,999,9999,0,0,90991020
1097,30,121010,2010,344,0011,156,1,20101013
1098,30,121030,2040,344,0011,156,1,20305010
1099,90,994020,9910,999,9999,0,0,90991030
1100,10,101010,1510,100,0011,12,2,10101010
1101,10,101010,1510,100,0011,24,2,10101011
1102,10,101010,1510,100,0011,36,2,10101012
1103,10,101010,1510,100,0011,48,2,10101013
1104,10,101010,1510,100,0011,60,2,10101014
1105,10,101010,1510,100,0011,72,2,10101015
1106,10,101010,1510,100,0011,84,2,10101016
1107,20,102010,1520,241,0011,96,2,10201010
1108,20,102010,1520,241,0011,108,2,10201011
1109,20,102010,1520,244,0011,120,1,10201012
1110,20,102010,1530,244,0011,132,1,10301010
1111,20,102010,1530,244,0011,132,1,10301010
1120,10,101010,1510,100,0011,12,2,10101010
1121,20,102010,1520,241,0011,108,2,10201011
1122,20,102010,1520,241,0011,120,2,10201012
1123,20,102010,1530,244,0011,132,1,10301010
1140,30,121030,2010,341,0011,132,2,20101011
1141,30,121010,2010,341,0011,132,2,20101021
1142,30,121020,2010,341,0011,132,2,20101031
1143,30,121010,2010,341,0011,144,2,20101022
1144,30,121020,2010,341,0011,144,2,20101032
1145,30,121010,2010,344,0011,156,1,20101023
1146,30,121020,2010,344,0011,156,1,20101033
1149,30,121030,2010,341,0011,144,2,20101012
1151,30,121010,2010,341,0011,144,2,20101022
1152,30,121010,2010,341,0011,144,2,20101022
1153,30,121010,2010,341,0011,144,2,20101022
1154,30,121010,2010,341,0011,144,2,20101022
1155,30,121010,2010,341,0011,144,2,20101022
1161,30,121020,2010,341,0011,144,2,20101032
1162,30,121020,2010,341,0011,144,2,20101032
1163,30,121020,2010,341,0011,144,2,20101032
1164,30,121020,2010,341,0011,144,2,20101032
1165,30,121020,2010,341,0011,144,2,20101032
1169,30,121030,2010,344,0011,156,1,20101013
1171,30,121010,2010,344,0011,156,1,20101023
1172,30,121010,2010,344,0011,156,1,20101023
1173,30,121010,2010,344,0011,156,1,20101023
1174,30,121010,2010,344,0011,156,1,20101023
1175,30,121010,2010,344,0011,156,1,20101023
1179,30,121010,2010,344,0011,156,1,20101020
1181,30,121020,2010,344,0011,156,1,20101033
1182,30,121020,2010,344,0011,156,1,20101033
1183,30,121020,2010,344,0011,156,1,20101033
1184,30,121020,2010,344,0011,156,1,20101033
1185,30,121020,2010,344,0011,156,1,20101033
1189,30,121020,2010,344,0011,156,1,20101030
1190,30,123020,2050,344,0021,168,1,35101020
1195,30,123020,2050,341,0021,156,2,35101030
1196,30,121030,2010,341,0011,132,2,20101011
1197,30,121030,2010,341,0011,144,2,20101012
1198,30,121030,2010,344,0011,156,1,20101013
1199,30,121030,2010,344,0011,156,1,20101010
1206,10,101010,1510,100,0011,84,2,10101016
1207,20,102010,1520,241,0011,96,2,10201010
1208,20,102010,1520,241,0011,108,2,10201011
1209,20,102010,1520,244,0011,120,1,10201012
1210,20,102010,1530,244,0011,132,1,10301010
1301,20,151020,8590,243,0021,0,2,25101111
1302,20,151020,8590,244,0021,0,2,25101212
1303,20,151020,8590,244,0021,0,2,25101313
1304,30,151020,8590,344,0021,0,2,25101313
1305,20,151020,8590,243,0021,0,2,25103030
1351,20,152020,8590,241,0031,0,2,15205030
1352,20,152020,8590,241,0031,0,2,15205030
1353,20,152020,8590,241,0031,0,2,15205030
1354,20,152020,8590,241,0031,0,2,15205030
1355,20,152020,8590,241,0031,0,2,15205030
1356,20,152020,8590,241,0031,0,2,15205030
1357,20,152020,8590,241,0031,0,2,15205030
1359,20,152020,8590,241,0031,0,2,15205030
1365,30,271040,8590,341,0211,0,2,15205010
1410,20,102010,1530,244,0011,132,1,10301010
1423,20,102010,1530,244,0011,132,1,10301010
1509,20,102010,1520,244,0011,120,2,10201012
1510,20,102010,1530,244,0011,132,1,10301010
1511,30,123020,8515,344,0021,162,1,20102010
1522,20,102010,1520,241,0011,120,2,10201012
1523,20,102010,1530,244,0011,132,1,10301010
1531,30,121030,2020,341,0011,144,2,20102011
1532,30,121030,2020,344,0011,156,1,20102012
1533,30,121030,2020,344,0011,156,1,20102023
1535,30,121030,2020,341,0011,144,2,20102021
1536,30,121030,2020,341,0011,156,2,20102022
1537,30,121030,2020,344,0011,168,1,20102023
1539,30,121030,2020,344,0011,156,1,20102010
1540,30,121030,2020,344,0011,156,1,20102020
1541,30,121030,2020,341,0011,144,2,20102011
1542,30,121030,2020,344,0011,156,1,20102012
1543,30,121030,2020,344,0011,156,1,20102010
1549,30,121030,2020,344,0011,156,1,20102010
1551,30,121010,2030,341,0011,144,2,20103021
1552,30,121010,2030,341,0011,144,2,20103021
1553,30,121010,2030,341,0011,144,2,20103021
1555,30,121010,2030,341,0011,144,2,20103021
1559,30,121010,2030,341,0011,144,2,20103021
1561,30,121020,2030,341,0011,144,2,20103031
1562,30,121020,2030,341,0011,144,2,20103031
1563,30,121020,2030,341,0011,144,2,20103031
1565,30,121020,2030,341,0011,144,2,20103031
1569,30,121020,2030,341,0011,144,2,20103031
1650,30,121030,2030,341,0011,144,2,20103011
1651,30,121030,2030,344,0011,156,1,20103012
1652,30,121030,2030,344,0011,156,1,20103010
1671,30,121010,2030,344,0011,156,1,20103022
1672,30,121010,2030,344,0011,156,1,20103022
1673,30,121010,2030,344,0011,156,1,20103022
1679,30,121010,2030,344,0011,156,1,20103022
1681,30,121020,2030,344,0011,156,1,20103032
1682,30,121020,2030,344,0011,156,1,20103032
1683,30,121020,2030,344,0011,156,1,20103032
1689,30,121020,2030,344,0011,156,1,20103032
1721,20,102010,1520,241,0011,108,2,10201011
1722,20,102010,1520,241,0011,120,2,10201012
1723,20,102010,1530,244,0011,132,1,10301010
1879,30,121010,2030,344,0011,156,1,20103020
1881,30,121030,2040,341,0011,132,2,20306010
1882,30,121030,2040,341,0011,144,2,20306010
1883,30,121030,2040,344,0011,156,1,20306010
1889,30,121020,2030,344,0011,156,1,20103030
1891,30,121030,2040,341,0011,132,2,20301010
1892,30,121030,2040,341,0011,144,2,20302021
1893,30,121030,2040,344,0011,156,1,20302022
1896,30,121030,2040,341,0011,132,2,20304010
1897,30,121030,2040,341,0011,144,2,20304010
1898,30,121030,2040,344,0011,156,1,20304010
1899,30,121030,2040,344,0011,156,1,20302020
1901,20,152030,3510,251,0031,0,2,15205020
1983,05,051010,1010,010,0011,0,0,05103010
1984,05,051010,1010,010,0011,0,0,05101010
1985,05,051010,1010,020,0011,0,0,05102010
2003,30,702515,3090,351,1013,126,5,30203515
2005,30,801520,3010,351,1041,132,3,30901510
2007,30,801520,3090,353,1041,144,3,30901510
2008,30,801520,3090,353,1041,137,3,30901510
2009,30,801520,3090,353,1041,141,3,30901510
2010,30,702515,3090,353,1013,170,3,30203515
2015,30,801515,3090,353,1041,156,3,30901010
2016,30,801515,3090,353,1041,150,3,30901010
2017,30,801515,3090,353,1041,162,3,30901010
2018,30,603510,3090,353,0831,144,3,30901010
2019,30,801520,3090,353,1041,132,3,30901510
2021,30,801515,3090,353,1041,162,3,30901010
2022,30,801515,3090,353,1041,150,3,30901010
2027,30,801515,3090,353,1041,162,3,30901010
2028,30,801510,3090,351,1041,159,5,30901510
2029,60,801525,6010,551,1041,162,5,50852015
2401,20,102010,1530,244,0011,120,1,10301010
2411,20,701530,8590,251,1011,120,5,15201010
2413,20,702515,8590,251,1013,138,5,15201020
2414,50,703510,8590,551,1018,174,3,40751590
2415,20,701530,8590,251,1011,126,5,15201020
2417,20,701530,8590,251,1011,126,5,15201020
2419,30,702515,3090,353,1013,144,3,30203010
2421,20,701010,8590,251,1000,126,5,15201030
2425,30,154010,3510,342,0000,156,2,15204010
2428,20,151030,8590,243,0021,0,2,15101010
2431,20,151030,8590,241,0021,126,2,15101020
2432,20,152010,8590,241,0031,126,2,15101020
2441,20,151030,8590,241,0021,125,2,15101030
2442,20,703010,8590,241,1014,125,2,15101040
2443,20,152010,8590,241,0031,125,2,15101060
2444,20,652525,8590,241,0913,125,2,15101060
2445,20,152010,8590,241,0031,125,2,15101050
2446,20,152010,8590,241,0031,125,2,15101060
2447,20,152010,8590,241,0031,125,2,15101060
2459,30,601515,3090,351,0811,150,5,30251010
2460,30,601515,3090,351,0811,150,5,30251010
2461,30,601520,3090,351,0811,156,3,30251020
2462,30,601515,3090,351,0811,158,3,30251020
2463,50,601525,4010,554,0811,180,3,40801510
2464,50,601525,4010,554,0811,180,3,40801510
2465,50,601525,4010,554,0811,180,3,40801510
2466,50,601525,4010,554,0811,180,3,40801510
2467,50,601525,4010,554,0811,180,3,40801510
2468,50,601525,4010,554,0811,180,3,40801510
2469,30,601515,3090,351,0811,177,3,30251020
2470,30,601515,3090,351,0811,192,3,30251020
2471,30,601510,3090,351,0811,173,3,30251020
2472,20,601525,8590,241,0811,138,5,15203010
2473,30,601510,3090,351,0811,150,3,30251020
2475,50,555015,4010,554,0721,180,3,40751510
2476,30,555015,3090,351,0721,132,3,30202510
2477,30,602025,8590,351,0812,132,3,30251525
2478,30,602020,8590,351,0812,132,3,30251525
2479,30,602015,8590,351,0812,132,3,30251525
2480,30,602020,8590,351,0812,132,3,30251525
2481,30,303520,8590,351,0214,126,3,30154510
2483,30,602010,8590,351,0812,132,3,30251525
2484,30,603010,8590,351,0821,132,3,30252520
2485,30,601515,3090,353,0811,156,3,30251010
2486,30,601520,3090,353,0811,162,3,30251020
2487,30,601515,3090,351,0811,132,5,30251010
2488,30,602030,8590,351,0812,162,3,30251525
2489,30,601520,3090,351,0811,168,3,30251020
2490,30,601520,3020,353,0811,191,3,30251015
2491,30,601520,3090,353,0811,171,3,30251020
2492,30,154010,3510,342,0000,144,2,15204010
2493,30,601520,3020,353,0811,190,3,30251015
2494,30,601520,3020,353,0811,190,3,30251015
2495,30,601520,3020,353,0811,188,3,30251015
2508,20,102010,1520,241,0011,108,2,10201011
2509,20,102010,1520,244,0011,120,1,10201012
2510,20,102010,1530,244,0011,132,1,10301010
2511,20,102010,1530,244,0011,132,1,10301010
2530,30,153010,9510,342,0021,144,2,15204010
2887,30,582055,8520,351,0732,0,8,39351010
2888,30,582055,8520,351,0732,0,8,39351010
2891,30,803510,8520,351,1041,0,8,39653510
2893,30,582040,8520,351,0732,0,8,39351010
2894,30,981020,8520,351,9999,0,8,39902510
2895,30,582055,8520,351,0732,0,8,39351010
2900,30,555065,8520,351,0723,0,8,39552020
2901,30,402510,8520,351,0413,0,8,39151010
2902,30,553510,8520,351,0714,0,8,39401010
2903,30,555035,8520,351,0721,0,8,39202030
2904,30,555010,8520,351,0721,0,8,39202030
2905,30,571010,8520,351,0715,0,8,39553525
2906,30,555035,8520,351,0721,0,8,39202030
2907,30,555010,8520,351,0721,0,8,39202030
2908,30,555040,8520,351,0722,0,8,39354010
2909,30,271025,8520,351,0211,0,8,39453010
2910,30,553010,8520,351,0713,0,8,39401010
2911,30,555040,8520,351,0722,0,8,39355510
2912,30,271010,8520,351,0211,0,8,39453010
2913,30,555088,8520,351,0728,0,8,39351010
2914,30,571010,8520,351,0715,0,8,39553525
2915,30,555060,8520,351,0722,0,8,39551060
2916,30,571510,8520,351,0713,0,8,39354510
2917,30,552010,8520,351,0711,0,8,39552010
2918,30,555020,8520,351,0721,0,8,39202010
2919,30,555015,8520,351,0721,0,8,39202020
2920,30,575010,8520,351,0722,0,8,39555010
2921,30,555075,8520,351,0723,0,8,39552020
2922,30,555035,8520,351,0721,0,8,39202030
2923,30,603510,8520,351,0831,0,8,39901010
2924,30,555055,8520,351,0722,0,8,39552010
2925,30,571010,8520,351,0715,0,8,39553525
2926,30,552010,8520,351,0711,0,8,39552010
2950,30,582010,8520,351,0732,0,8,39352010
2951,30,582015,8520,351,0732,0,8,39353010
2952,30,582020,8520,351,0732,0,8,39354010
2953,30,553010,8520,351,0713,0,8,39401010
2954,30,574025,8520,351,0716,0,8,39501520
2955,30,582060,8520,351,0738,0,8,39351010
2956,30,582035,8520,351,0732,0,8,39351010
2957,30,574025,8520,351,0716,0,8,39501520
2958,30,553010,8520,351,0713,0,8,39401010
2959,30,701515,8520,351,1011,0,8,39155010
2960,30,571510,8520,351,0713,0,8,39354510
2961,30,601510,8520,351,0811,0,8,39251010
2962,30,582055,8520,351,0732,0,8,39355510
2969,30,402510,8520,351,0413,0,8,39151010
2970,30,403010,8520,351,0414,0,8,39152510
2971,30,271530,8520,351,0211,0,8,39451510
2972,30,555025,8520,351,0721,0,8,39201010
2973,30,403510,8520,351,0415,0,8,39151510
2974,30,653520,8520,351,0914,0,8,39559040
2975,30,572010,8520,351,0715,0,8,39559030
2976,30,702010,8520,351,1012,0,8,39153010
2977,30,651515,8520,351,0911,0,8,39101010
2978,30,603510,8520,351,0831,0,8,39901010
2979,30,702510,8520,351,1013,0,8,39203510
2980,30,402010,8520,351,0412,0,8,39151520
2981,30,271025,8520,351,0211,0,8,39453010
2982,30,801010,8520,351,1041,0,8,39654010
2983,30,701010,8520,351,1000,0,8,39155010
2984,30,403510,8520,351,0415,0,8,39151510
2985,30,701525,8520,351,1011,0,8,39155010
2986,30,308010,8520,351,0215,0,8,39404020
2990,30,651010,8520,351,0900,0,8,39101010
2991,30,403510,8520,351,0415,0,8,39151510
2992,30,656525,8520,351,0922,0,8,39101510
3000,70,452515,7020,747,0512,216,3,70591510
3001,70,501095,7010,747,0618,216,3,70253710
3002,70,258210,7010,746,0232,228,3,70255010
3003,70,257610,7010,747,0231,216,3,70258810
3004,70,257610,7010,747,0231,216,3,70258810
3005,70,257610,7010,747,0231,216,3,70258810
3006,60,355015,5010,645,0321,192,3,60253010
3007,60,258425,5010,645,0238,192,3,60258910
3008,60,258425,5010,645,0238,192,3,60258910
3009,60,258425,5010,645,0238,192,3,60258910
3010,60,258425,5010,645,0238,192,3,60258910
3011,60,258425,5010,645,0238,192,3,60258910
3012,60,258425,5010,645,0238,192,3,60258910
3013,60,258425,5010,645,0238,192,3,60258910
3014,60,258425,5010,645,0238,192,3,60258910
3015,60,258425,5010,645,0238,192,3,60258910
3016,60,258425,5010,645,0238,192,3,60258910
3017,60,258425,5010,645,0238,192,3,60258910
3018,60,258425,5010,645,0238,192,3,60258910
3019,60,501090,5020,645,0618,192,3,60593015
3020,70,255215,8520,757,0231,204,3,70256520
3021,70,352510,7010,747,0312,216,3,70392515
3022,60,409015,5010,645,0418,192,3,60396510
3023,60,409015,5010,645,0418,192,3,60397010
3024,70,257010,7010,747,0231,216,3,70396010
3025,60,409015,5010,645,0418,204,3,60396510
3026,60,409015,5010,645,0418,192,3,60396510
3027,60,573020,5020,645,0715,192,3,60595010
3028,70,555090,7020,747,0728,216,3,70597010
3029,70,555086,7020,747,0728,216,3,70597010
3030,70,501095,8550,757,0618,204,3,70903510
3031,70,258415,7010,747,0238,216,3,70258810
3032,60,258210,5010,645,0232,192,3,60255010
3033,70,258210,7010,747,0232,216,3,70255010
3034,60,256020,5010,645,0231,198,3,60255510
3035,70,256020,7010,747,0231,222,3,70255515
3036,60,258415,5010,645,0238,192,3,60397010
3037,60,409015,5010,645,0418,192,3,60397010
3038,60,409015,5010,645,0418,192,3,60397010
3039,60,255410,5010,645,0231,192,3,60255730
3040,70,355010,7010,747,0321,216,3,70253210
3041,60,255410,5010,645,0231,192,3,60255730
3042,70,453015,7010,747,0518,216,3,70752510
3043,60,302015,5030,645,0212,192,3,60305050
3044,30,403510,8520,351,0415,0,8,39151510
3045,60,452010,5010,645,0512,192,3,60351510
3046,70,451515,7010,747,0511,216,3,70351715
3047,70,552510,7010,747,0712,216,3,70595510
3048,70,451515,7010,747,0511,216,3,70351715
3049,70,554010,7010,747,0718,216,3,70909525
3050,70,452515,7010,747,0512,216,3,70591510
3051,70,452515,8550,757,0512,216,3,70591510
3052,70,553025,7010,747,0713,216,3,70594015
3053,60,451510,5010,645,0511,192,3,60351710
3054,70,451510,7010,747,0511,216,3,70351710
3055,60,409015,5010,645,0418,192,3,60396510
3056,60,551510,5020,645,0710,192,3,60591010
3057,70,552015,7010,747,0711,216,3,70591520
3058,70,452010,7010,747,0512,216,3,70351510
3059,70,451510,7020,747,0511,216,3,70351710
3060,70,452515,7010,747,0512,216,3,70591510
3061,70,501095,7010,747,0618,216,3,70356020
3062,60,202020,5010,645,0111,192,3,60203010
3063,70,202020,7010,747,0111,216,3,70203010
3064,60,202020,5010,645,0111,192,3,60203010
3065,60,202020,5010,645,0111,192,3,60203010
3066,60,255415,5010,645,0231,198,3,60255720
3067,70,255415,7010,747,0231,222,3,70255720
3068,60,255415,5010,645,0231,198,3,60255720
3069,70,255415,7010,747,0231,222,3,70255720
3070,70,352515,7010,747,0312,222,3,70256010
3071,60,255645,5010,645,0231,198,3,60256010
3072,60,255645,5010,645,0231,198,3,60256010
3073,60,255645,5010,645,0231,198,3,60256010
3074,60,255645,5010,645,0231,198,3,60256010
3075,70,352515,7010,747,0312,222,3,70256010
3076,70,354525,7010,747,0318,216,3,70391010
3077,70,409030,7010,747,0418,216,3,70396010
3078,70,351510,7010,747,0311,216,3,70395010
3079,70,351510,7010,747,0311,216,3,70395010
3080,60,352010,5010,645,0312,192,3,60393510
3081,70,351510,7010,747,0311,216,3,70395010
3082,70,352530,7010,747,0312,216,3,70391510
3083,60,409015,5010,645,0418,192,3,60396510
3084,60,403010,5010,645,0414,192,3,60258910
3085,70,353520,7010,747,0314,216,3,70353710
3086,70,402510,8550,757,0413,216,3,70391510
3087,60,256610,5010,645,0231,204,3,60257025
3088,60,256610,5010,645,0231,204,3,60257025
3089,60,256610,5010,645,0231,204,3,60257025
3090,60,256610,5010,645,0231,204,3,60257025
3091,70,254030,7010,747,0222,216,3,70251510
3092,70,451010,7010,747,0500,216,3,70351010
3093,70,501095,7010,747,0618,216,3,70253710
3094,60,355015,5010,645,0321,192,3,60253010
3095,70,354525,7010,747,0318,216,3,70253710
3096,70,501095,7010,747,0618,216,3,70253710
3097,60,501025,5010,645,0618,192,3,60356010
3098,70,501095,7010,747,0618,216,3,70253710
3099,70,501095,7010,747,0618,216,3,70253710
3100,60,355015,5010,645,0321,192,3,60253010
3101,70,501095,7010,747,0618,216,3,70356020
3102,70,402510,8550,757,0413,216,3,70391510
3103,70,553520,7020,747,0714,216,3,70593010
3104,70,501095,7010,747,0618,216,3,70356040
3105,60,501015,5020,655,0612,192,3,60593015
3106,70,501090,7020,747,0618,216,3,70593015
3107,70,501090,7020,747,0618,216,3,70593015
3108,70,501090,7010,747,0618,216,3,70593015
3109,70,501090,7010,747,0618,216,3,70593015
3110,70,555086,7020,747,0728,216,3,70597010
3111,70,555086,7010,747,0728,216,3,70597010
3112,70,551510,7020,747,0710,216,3,70599530
3113,70,551510,7010,747,0710,216,3,70591010
3114,70,555090,7020,747,0728,216,3,70597010
3115,70,553520,7020,747,0714,216,3,70593010
3116,60,553520,5020,645,0714,192,3,60593010
3117,70,555090,7020,747,0728,216,3,70597010
3118,70,555090,7020,747,0728,216,3,70597010
3119,70,555090,7020,747,0728,216,3,70597010
3120,70,453015,7010,747,0518,216,3,70752510
3121,60,555086,5020,645,0728,192,3,60597010
3122,60,573020,5020,645,0715,192,3,60595010
3123,70,551510,7010,747,0710,216,3,70591010
3124,60,551510,5020,645,0710,192,3,60591010
3125,70,552015,7020,747,0711,216,3,70591520
3126,70,581515,7010,747,0731,216,3,70594510
3127,70,553025,7020,747,0713,216,3,70594015
3128,70,553025,7010,747,0713,216,3,70594015
3129,70,551010,7020,747,0700,216,3,70599530
3130,70,402510,8550,757,0413,216,3,70391510
3131,70,552015,7020,747,0711,216,3,70591520
3132,70,453030,7010,747,0518,216,3,70591520
3133,70,453015,7010,747,0518,216,3,70752510
3134,70,601530,7010,747,0811,216,3,70802010
3135,30,802010,8520,351,1041,0,8,39651510
3136,70,554010,7010,747,0718,216,3,70359520
3137,70,453010,7010,747,0518,216,3,70902510
3138,70,453010,7010,747,0518,216,3,70902510
3139,70,454010,7010,747,0531,216,3,70354710
3140,70,552015,7020,747,0711,216,3,70591520
3141,70,554010,7020,747,0718,216,3,70596020
3142,70,455515,7010,747,0532,216,3,70596510
3143,70,209015,7010,747,0118,216,3,70203020
3144,70,209020,7010,747,0118,216,3,70203020
3145,70,201010,7010,747,0111,216,3,70203015
3146,70,201010,7010,747,0111,216,3,70203015
3147,70,255010,7010,747,0228,216,3,70252610
3148,60,303010,5010,645,0213,192,3,60252610
3149,70,258210,7010,747,0232,216,3,70255010
3150,70,355010,7010,747,0321,216,3,70253210
3151,70,501095,7010,747,0618,216,3,70356020
3152,70,355520,8550,757,0322,216,3,70253510
3153,70,604015,8550,757,0841,204,3,70803010
3154,60,554015,5010,645,0718,192,3,60254010
3155,70,554010,7010,747,0718,216,3,70909525
3156,70,501015,7010,747,0612,216,3,70356040
3157,70,354025,8550,757,0314,204,3,70394525
3158,70,255415,7010,747,0231,222,3,70255720
3159,30,601535,8520,351,0811,0,8,39251020
3160,70,355015,7010,747,0321,216,3,70253010
3161,70,581520,7010,747,0731,216,3,70592515
3162,60,354525,5010,645,0318,192,3,60391010
3163,70,501095,7010,747,0618,216,3,70356040
3164,70,501095,7010,747,0618,216,3,70356020
3165,70,303010,8550,757,0213,216,3,70252610
3166,60,258415,5010,645,0238,192,3,60258920
3167,70,703015,7010,747,1015,216,3,70391510
3168,70,501015,7020,747,0612,216,3,70591010
3169,70,501090,7020,747,0618,216,3,70593015
3170,70,401010,7010,747,0410,216,3,70396010
3171,60,354525,5010,645,0318,192,3,60394010
3172,60,255625,5010,645,0231,192,3,60256010
3173,70,255645,7010,747,0231,222,3,70256010
3174,70,451010,7010,747,0500,216,3,70356040
3175,30,571510,8520,351,0713,0,8,39401010
3176,70,581510,7010,757,0731,204,3,70592510
3177,60,551510,5020,645,0511,192,3,60591510
3178,60,204015,5510,655,0114,198,3,50202515
3179,60,453030,5510,655,0518,198,3,50751510
3180,60,453030,5510,655,0518,198,3,50751510
3181,30,994020,8520,351,9999,0,8,39903010
3182,60,653515,5510,655,0914,198,3,50893010
3183,60,653516,5510,655,0914,198,3,50893010
3184,60,555087,5510,655,0728,198,3,50585020
3185,60,552510,5510,655,0712,198,3,50585020
3186,60,656515,5510,655,0922,198,3,50201510
3187,60,656515,5510,655,0922,198,3,50201510
3188,50,751525,4010,554,1032,180,3,40589530
3189,60,654530,5510,655,0915,198,3,50752010
3190,60,654530,5510,655,0915,198,3,50752010
3191,60,654530,5510,655,0915,198,3,50894590
3192,60,402010,5510,655,0412,198,3,50382010
3193,60,402010,5510,655,0412,198,3,50382010
3194,60,402010,5510,655,0412,198,3,50382010
3195,60,402010,5510,655,0412,198,3,50382010
3196,60,309515,5510,655,0218,198,3,50305010
3197,60,309515,5510,655,0218,198,3,50305010
3198,60,309515,5510,655,0218,198,3,50305010
3199,60,309515,5510,655,0218,198,3,50305010
3200,60,309515,5510,655,0218,198,3,50305010
3201,60,309515,5510,655,0218,198,3,50305010
3202,60,309515,5510,655,0218,198,3,50305010
3203,60,309516,5510,655,0218,198,3,50305010
3204,60,309515,5510,655,0218,198,3,50305010
3205,60,309515,5510,655,0218,198,3,50305010
3206,60,271525,5510,655,0211,198,3,50303015
3207,70,655520,7010,747,0918,216,3,70909525
3208,50,553515,8530,554,0714,168,3,40582020
3209,60,652520,6010,655,0913,213,3,50893510
3210,50,555082,4010,554,0724,180,3,40589515
3211,60,654530,5010,645,0915,192,3,60759510
3212,60,654530,5010,645,0915,198,3,60759510
3213,70,501095,8550,757,0618,204,3,70593015
3214,70,501095,8550,757,0618,204,3,70593015
3215,70,501095,8550,757,0618,204,3,70593015
3216,70,352520,7010,747,0312,216,3,70392510
3217,60,573010,5020,645,0715,192,3,60595010
3219,60,551510,5020,645,0532,192,3,60591010
3220,60,254005,5010,645,0222,192,3,60251205
3221,60,355015,5010,645,0321,192,3,60253010
3222,70,501090,7020,747,0618,216,3,70593010
3223,60,553025,5510,655,0713,198,3,50582510
3224,70,355010,7010,747,0321,228,3,70253210
3225,30,651010,3020,353,0900,156,3,30101010
3226,30,401010,3020,353,0410,156,3,30151010
3227,30,555010,3020,353,0721,156,3,30205010
3228,30,581010,3020,353,0730,156,3,30351010
3229,30,601535,3020,354,0811,172,3,30253010
3230,60,553510,5520,655,0714,198,3,50582020
3231,30,555010,3010,351,0721,132,5,29201010
3232,30,651010,3010,351,0900,132,5,29101010
3233,30,401010,3010,351,0410,132,5,29151010
3234,30,581010,3010,351,0730,132,5,29251015
3235,30,601535,3020,354,0811,172,3,30253010
3236,30,601535,3020,354,0811,163,3,30253010
3237,30,601535,3020,354,0811,174,3,30253010
3238,30,404015,3020,354,0416,168,3,30152510
3239,30,404015,3020,354,0416,168,3,30152510
3240,30,402010,3020,354,0412,168,3,30152010
3241,30,402010,3020,354,0412,168,3,30152010
3242,30,402010,3020,354,0412,168,3,30152010
3243,30,555025,3020,354,0721,156,3,30201010
3244,30,702515,3020,354,1013,162,3,30203510
3245,30,803510,3020,354,1041,144,3,30652510
3246,30,803510,3020,354,1041,146,3,30652510
3247,30,553015,3020,354,0713,156,3,30402510
3248,30,553015,3020,354,0713,174,3,30402510
3249,30,553015,3020,354,0713,174,3,30402510
3250,30,571510,3020,354,0713,171,3,30354510
3251,30,582025,3020,354,0732,176,3,30352510
3252,30,582025,3020,354,0732,176,3,30352510
3253,30,575010,3020,354,0722,174,3,30555010
3254,30,575010,3020,354,0722,174,3,30555010
3255,30,575010,3020,354,0722,186,3,30555010
3256,30,571510,3020,354,0713,150,3,30553015
3257,30,574035,3020,354,0716,198,3,30501525
3258,30,574030,3020,354,0716,174,3,30556010
3259,30,601520,3020,354,0811,187,3,30251015
3260,30,601520,3020,353,0811,180,3,30251015
3261,60,453510,8540,655,0528,192,3,50805090
3262,30,803020,3020,354,1041,144,3,30653510
3263,30,803020,3020,354,1041,162,3,30653510
3264,30,803020,3020,354,1041,180,3,30653510
3265,30,803020,3020,354,1041,156,3,30653510
3266,30,803020,3020,354,1041,174,3,30653510
3267,30,803015,3020,354,1041,144,3,30653515
3268,30,803015,3020,354,1041,162,3,30653515
3269,30,803015,3020,354,1041,180,3,30653515
3270,30,602010,3020,354,0812,151,3,30251526
3271,30,602025,3020,354,0812,171,3,30251520
3272,60,256610,5010,645,0231,192,3,60257025
3273,70,256610,7010,747,0231,216,3,70257025
3274,60,453030,5510,655,0518,198,3,50751510
3275,30,574035,3020,354,0716,180,3,30501525
3276,60,602510,5510,655,0818,198,3,50802015
3277,60,309515,5510,655,0218,198,3,50305010
3278,60,402010,5510,655,0412,198,3,50382010
3279,60,654530,5510,655,0915,198,3,50894590
3280,60,654530,5510,655,0915,198,3,50752010
3281,30,403510,8520,351,0415,0,8,39151510
3282,60,656515,5510,655,0922,198,3,50201510
3283,60,555086,5510,655,0728,198,3,50585020
3284,60,653515,5510,655,0914,198,3,50893010
3285,30,555040,8520,351,0722,0,8,39355510
3286,60,602511,5510,655,0818,198,3,50802016
3287,30,803510,8520,351,1041,0,8,39654010
3288,60,204015,5510,655,0114,198,3,50202515
3289,60,271525,5510,655,0211,198,3,50303015
3290,60,309515,5510,655,0218,198,3,50305010
3291,30,553510,8530,351,0714,0,8,39401510
3292,30,803020,3020,354,1041,144,3,30653510
3293,30,803020,3020,354,1041,162,3,30653510
3294,30,803020,3020,354,1041,180,3,30653510
3295,30,803020,3020,354,1041,156,3,30653510
3296,30,803020,3020,354,1041,174,3,30653510
3297,30,803015,3020,354,1041,144,3,30653515
3298,30,803015,3020,354,1041,162,3,30653515
3299,30,803015,3020,354,1041,180,3,30653515
3300,30,602010,3020,354,0812,151,3,30251526
3301,30,602025,3020,354,0812,173,3,30251520
3302,30,602010,3020,354,0812,173,3,30251527
3303,30,602010,3020,354,0812,173,3,30251528
3304,60,351510,5010,645,0311,192,3,60395510
3305,50,571510,4010,554,0713,168,3,40582420
3306,50,553030,8530,554,0713,192,3,40582415
3307,70,255015,7010,747,0228,216,3,70259525
3308,70,655520,8550,757,0918,204,3,70909525
3309,70,453010,8550,757,0518,204,3,70902510
3310,70,255420,7010,747,0231,216,3,70255710
3311,70,255425,7010,747,0231,216,3,70255715
3312,70,255415,7010,747,0231,216,3,70255720
3313,70,255410,7010,747,0231,216,3,70255730
3314,70,258410,7010,747,0238,222,3,70257530
3315,70,255215,7010,747,0231,216,3,70256520
3316,60,309515,8540,655,0218,192,3,50305010
3317,70,309520,7010,747,0218,216,3,70302015
3318,70,255010,7010,747,0228,216,3,70259520
3319,20,151020,8590,243,0021,0,2,25102020
3320,50,701525,8530,554,1011,168,3,40585020
3321,60,981030,6010,655,9999,0,3,50971010
3322,60,981030,6010,655,9999,0,3,50971010
3323,30,122010,2510,341,0011,132,2,20203011
3324,30,122010,2510,344,0011,144,1,20203012
3325,30,981030,3090,353,9999,162,3,30902510
3326,70,501015,7010,747,0612,216,3,70356015
3327,60,355015,5010,645,0321,192,3,60253010
3328,60,452515,5520,655,0512,198,3,50584510
3329,60,203510,6010,655,0113,204,3,50201010
3330,70,551510,7010,747,0710,216,3,70591010
3331,70,551510,7020,747,0710,216,3,70599515
3332,70,551510,7020,747,0710,216,3,70599515
3333,60,552015,5520,655,0711,198,3,50584510
3334,70,251515,7010,747,0221,216,3,70254510
3335,60,355015,5010,645,0321,192,3,60253010
3336,70,202020,7010,747,0111,216,3,70203010
3337,70,255010,7010,747,0228,216,3,70252610
3338,30,602010,3020,354,0812,173,3,30251515
3339,60,303010,5010,645,0213,192,3,60252610
3340,70,501090,7020,747,0618,216,3,70593015
3341,70,455515,7010,747,0532,216,3,70596510
3342,60,501025,5010,645,0618,192,3,60356010
3343,60,202020,5010,645,0111,192,3,60203010
3344,70,452515,7020,747,0512,216,3,70591510
3345,70,453030,7020,747,0518,216,3,70591520
3346,60,255645,5010,645,0231,198,3,60256010
3347,70,501015,7010,747,0612,216,3,70356040
3348,70,352530,7010,747,0312,216,3,70391510
3349,70,501095,7010,747,0618,216,3,70356020
3350,50,582055,8530,554,0732,168,3,40581515
3351,50,581010,8530,554,0730,168,3,40581515
3352,50,552510,8530,554,0712,168,3,40583510
3353,60,551510,5020,645,0710,192,3,60591010
3354,70,551510,7010,747,0710,216,3,70596510
3355,60,452515,5520,655,0512,198,3,50584510
3356,60,255645,5010,645,0231,198,3,60256010
3357,60,554015,5520,655,0718,198,3,50589510
3358,60,602511,5510,655,0818,198,3,50802016
3359,60,602511,5510,655,0818,198,3,50802016
3360,60,602511,5510,655,0818,198,3,50802016
3361,60,602511,5510,655,0818,198,3,50802016
3362,60,602510,5510,655,0818,198,3,50802015
3363,70,409020,7010,747,0418,216,3,70395510
3364,30,553020,8520,351,0713,0,8,39553010
3365,30,553015,8520,351,0713,0,8,39404030
3366,70,453510,7010,747,0528,204,3,70805010
3367,70,453510,7010,747,0528,204,3,70805015
3368,60,551510,5010,645,0710,192,3,60591010
3369,60,451010,5010,645,0710,192,3,60356040
3370,60,551510,5010,645,0710,192,3,60591010
3371,60,573020,5010,645,0715,192,3,60595010
3372,70,573020,7020,747,0715,216,3,70595010
3373,60,573020,5010,645,0715,192,3,60595010
3374,70,573020,7020,747,0715,216,3,70595010
3375,70,501025,7010,747,0618,204,3,70356010
3376,60,409015,5010,645,0418,204,3,60396510
3377,70,501095,7010,747,0618,216,3,70356040
3378,70,405010,7010,747,0421,216,3,70393010
3379,60,405010,5010,645,0421,192,3,60393010
3380,70,251010,7010,747,0220,216,3,70251010
3381,70,258210,7010,747,0232,216,3,70255010
3382,70,354525,7010,747,0318,216,3,70391010
3383,60,602510,5510,655,0818,195,3,50802015
3384,60,551510,5020,645,0710,192,3,60591010
3385,70,655510,7010,747,0918,216,3,70903010
3386,70,258210,7010,747,0232,216,3,70255010
3387,60,453030,5020,645,0518,192,3,60591515
3388,60,453030,5020,645,0518,192,3,60591515
3389,70,201010,7010,747,0111,216,3,70203015
3390,70,401010,7010,747,0410,216,3,70396010
3391,70,401010,7010,747,0410,216,3,70396010
3392,70,401010,7010,747,0410,216,3,70396010
3393,70,401010,7010,747,0410,216,3,70396010
3394,70,401010,7010,747,0410,216,3,70396010
3395,70,401010,7010,747,0410,216,3,70396010
3396,70,401010,7010,747,0410,216,3,70396010
3397,70,401010,7010,747,0410,216,3,70396010
3398,70,401010,7010,747,0410,216,3,70396010
3399,70,401010,7010,747,0410,216,3,70396010
3400,60,652010,5010,645,0912,192,3,60905010
3401,30,555010,3010,351,0721,123,5,29201010
3402,30,651010,3010,351,0900,123,5,29101010
3403,30,401010,3010,351,0410,123,5,29151010
3404,30,581010,3010,351,0730,123,5,29251015
3405,60,409025,5510,655,0418,198,3,50589510
3406,60,553025,5520,655,0713,198,3,50582010
3407,60,552015,5520,655,0711,198,3,50584510
3408,60,573020,5520,655,0715,198,3,50583015
3409,60,573020,5520,655,0715,198,3,50582020
3410,60,501090,5520,655,0618,198,3,50582010
3411,60,573020,5520,655,0715,198,3,50583015
3412,60,352010,5010,645,0312,192,3,60393510
3413,60,401010,5010,645,0410,192,3,60396510
3414,60,401010,5010,645,0410,192,3,60396510
3415,60,401010,5010,645,0410,192,3,60396510
3416,60,401010,5010,645,0410,192,3,60396510
3417,60,401010,5010,645,0410,192,3,60396510
3418,60,401010,5010,645,0410,192,3,60396510
3419,60,401010,5010,645,0410,192,3,60396510
3420,60,553515,5020,645,0714,192,3,60593510
3421,60,501025,5010,645,0618,192,3,60356010
3422,60,202020,5010,645,0111,192,3,60203010
3423,60,409010,5010,645,0418,192,3,60396510
3424,60,258415,5010,645,0238,192,3,60258920
3425,60,258415,5010,645,0238,192,3,60258920
3426,60,258415,5010,645,0238,192,3,60258920
3427,60,258415,5010,645,0238,192,3,60258920
3428,60,354030,5010,645,0314,192,3,60252615
3429,60,255210,5010,645,0231,192,3,60256510
3430,60,254510,5010,645,0223,192,3,60252010
3431,60,252010,5010,645,0222,192,3,60252210
3432,60,258010,5010,645,0232,192,3,60252710
3433,60,257810,5010,645,0232,192,3,60255210
3434,60,255215,5010,645,0231,192,3,60256520
3435,60,251515,5010,645,0221,198,3,60254510
3436,60,351510,5010,645,0311,192,3,60395010
3437,60,405010,5010,645,0421,192,3,60393010
3438,60,351010,5010,645,0300,192,3,60391010
3439,60,353010,5010,645,0313,192,3,60394010
3440,60,453010,5010,645,0518,192,3,60902510
3441,60,655510,5010,645,0918,192,3,60903010
3442,60,459010,5010,645,0548,192,3,60355015
3443,60,454010,5010,645,0531,192,3,60354710
3444,60,457010,5010,645,0533,192,3,60353015
3445,60,457510,5010,645,0541,192,3,60355010
3446,60,451510,5010,645,0511,192,3,60351710
3447,60,655515,5010,645,0918,192,3,60354510
3448,70,401010,7010,747,0410,216,3,70396010
3449,70,401010,7010,747,0410,216,3,70396010
3450,70,401010,7010,747,0410,216,3,70396010
3451,70,401010,7010,747,0410,216,3,70396010
3452,70,351510,7010,747,0311,216,3,70395010
3453,70,405010,7010,747,0421,216,3,70393010
3454,70,352010,7010,747,0312,216,3,70393510
3455,70,501025,7010,747,0618,216,3,70356010
3456,70,454010,7010,747,0531,216,3,70354710
3457,70,457510,7010,747,0541,216,3,70355010
3458,70,457010,7010,747,0533,216,3,70353015
3459,70,459010,7010,747,0548,216,3,70355010
3460,70,451510,7010,747,0511,216,3,70351710
3461,70,202020,7010,747,0111,216,3,70203010
3462,70,553515,7020,747,0714,216,3,70593510
3463,70,553510,7020,747,0714,216,3,70593510
3464,70,553510,7020,747,0714,216,3,70593510
3465,70,401510,7010,747,0411,216,3,70391510
3466,70,257810,7010,747,0232,216,3,70255210
3467,70,202010,7010,747,0111,216,3,70203020
3468,70,255215,7010,747,0231,216,3,70256520
3469,70,254510,7010,747,0223,216,3,70252010
3470,70,252010,7010,747,0222,216,3,70252210
3471,70,354030,7010,747,0314,216,3,70252615
3472,70,258010,7010,747,0232,216,3,70252710
3473,70,251515,7010,747,0221,216,3,70254510
3474,70,355010,7010,747,0321,216,3,70253210
3475,70,351010,7010,747,0300,216,3,70391010
3476,70,353010,7010,747,0313,216,3,70394010
3477,70,652010,7010,747,0912,228,3,70905010
3478,70,652010,7010,747,0912,228,3,70905010
3479,70,652525,7010,747,0913,216,3,70909525
3480,70,453010,7010,747,0518,216,3,70902510
3481,70,454015,7010,747,0531,216,3,70352210
3482,70,655515,7010,747,0918,216,3,70354510
3483,60,554015,5520,655,0718,198,3,50589510
3484,70,401010,7010,747,0410,216,3,70396010
3485,70,554015,7020,747,0718,216,3,70599530
3486,70,401010,7010,747,0410,216,3,70396010
3487,70,258210,7010,747,0232,216,3,70255010
3488,70,258210,7010,747,0232,216,3,70255010
3489,70,452015,7010,747,0512,216,3,70352015
3490,70,452015,7010,747,0512,216,3,70352015
3491,70,501090,7020,747,0618,216,3,70593010
3492,70,501090,7020,747,0618,216,3,70593010
3493,70,451010,7010,747,0710,216,3,70356040
3494,70,451010,7010,747,0710,216,3,70356040
3495,70,501025,7010,747,0618,216,3,70356010
3496,60,501090,5020,645,0618,192,3,60593010
3497,60,501090,5020,645,0618,192,3,60593010
3498,60,451010,5010,645,0710,192,3,60356040
3499,60,501025,5010,645,0618,192,3,60356010
3500,70,352520,7010,747,0312,216,3,70392510
3535,70,601010,7010,747,0800,216,3,70599530
3594,30,651010,8520,351,0900,0,8,39101010
3595,30,582055,8520,351,0732,0,8,39355510
3596,30,555010,8520,351,0721,0,8,39202030
3597,30,555111,3010,351,0001,138,1,30911111
3598,30,555111,3010,351,0001,138,5,30911111
3599,30,574510,8520,351,0718,0,8,39651010
3600,30,403510,8520,351,0415,0,8,39151510
3601,30,574010,8520,351,0716,0,8,39651010
3602,30,574025,8520,351,0716,0,8,39501520
3603,30,553515,8520,351,0714,0,8,39401510
3604,30,574035,8520,351,0716,0,8,39501525
3605,30,582010,8520,351,0732,0,8,39352010
3606,30,303510,8520,351,0214,0,8,39553515
3607,30,403510,8520,351,0415,0,8,39151510
3608,30,574030,8520,351,0716,0,8,39501535
3609,30,271520,8520,351,0211,0,8,39451510
3610,30,573510,8520,351,0715,0,8,39553525
3611,30,704010,8520,351,1021,0,8,39654010
3612,30,404015,8520,351,0416,0,8,39152510
3613,30,271010,8520,351,0211,0,8,39453010
3614,30,404030,8520,351,0416,0,8,39651010
3615,30,582055,8520,351,0732,0,8,39351010
3616,30,404030,8520,351,0416,0,8,39651010
3617,30,403510,8520,351,0415,0,8,39151510
3618,30,403510,8520,351,0415,0,8,39151510
3619,30,402510,8520,351,0413,0,8,39151510
3620,30,703015,8520,351,1015,0,8,39152510
3621,30,582030,8520,351,0732,0,8,39355010
3622,30,573025,8520,351,0715,0,8,39559050
3623,30,402510,8520,351,0413,0,8,39151010
3624,30,573035,8520,351,0715,0,8,39554510
3625,30,582035,8520,351,0732,0,8,39351010
3626,30,553510,8520,351,0714,0,8,39401010
3627,30,553520,8520,351,0714,0,8,39402010
3628,30,402010,8520,351,0412,0,8,39151520
3629,30,656525,8520,351,0922,0,8,39101510
3630,30,402020,8520,351,0412,0,8,39151520
3631,30,582055,8520,351,0732,0,8,39351010
3632,30,555020,8520,351,0721,0,8,39202010
3633,30,582040,8520,351,0732,0,8,39351010
3634,30,555020,8520,351,0721,0,8,39202010
3635,30,574025,8520,351,0716,0,8,39501520
3636,30,701515,8520,351,1011,0,8,39155010
3637,30,582055,8520,351,0732,0,8,39351010
3638,30,702510,8520,351,1013,0,8,39203510
3639,30,704010,8520,351,1021,0,8,39654010
3640,30,601510,8520,351,0811,0,8,39251010
3641,30,601515,8520,351,0811,0,8,39251010
3642,30,601535,8520,351,0811,0,8,39251020
3643,30,582040,8520,351,0732,0,8,39351010
3644,30,582060,8520,351,0738,0,8,39351010
3645,30,582055,8520,351,0732,0,8,39351010
3646,30,555015,8520,351,0721,0,8,39202020
3647,30,555025,8520,351,0721,0,8,39201010
3648,30,552010,8520,351,0711,0,8,39552010
3649,30,702515,8520,351,1013,0,8,39203510
3650,30,573510,8520,351,0715,0,8,39553525
3651,30,555088,8520,351,0728,0,8,39351010
3652,30,553515,8520,351,0714,0,8,39401510
3653,30,553515,8520,351,0714,0,8,39401510
3654,30,553010,8520,351,0713,0,8,39401010
3655,30,553015,8520,351,0713,0,8,39401010
3656,30,553020,8520,351,0713,0,8,39553010
3657,30,553015,8520,351,0713,0,8,39401010
3658,30,553015,8520,351,0713,0,8,39401010
3659,30,553520,8520,351,0714,0,8,39402010
3660,30,702025,8520,351,1012,0,8,39153010
3661,30,572010,8520,351,0715,0,8,39559030
3662,30,653520,8520,351,0914,0,8,39559040
3663,30,701525,8520,351,1011,0,8,39155010
3664,30,555065,8520,351,0723,0,8,39552020
3665,30,802015,8520,351,1041,0,8,39654010
3666,30,602015,8520,351,0812,0,8,39251510
3667,30,602020,8520,351,0812,0,8,39251510
3668,30,602025,8520,351,0812,0,8,39251510
3669,30,573030,8520,351,0715,0,8,39553525
3670,30,573030,8520,351,0715,0,8,39553525
3671,30,553020,8520,351,0713,0,8,39553010
3672,30,553510,8520,351,0714,0,8,39401010
3673,30,751515,8520,351,1032,0,8,39156510
3674,30,603010,8520,351,0821,0,8,39252510
3675,30,552015,8520,351,0711,0,8,39552010
3676,30,403510,8520,351,0415,0,8,39151510
3677,30,555010,8520,351,0721,0,8,39202030
3678,30,555055,8520,351,0722,0,8,39551060
3679,30,701525,8520,351,1011,0,8,39155010
3680,30,551010,8520,351,0700,0,8,39551060
3681,30,575010,8520,351,0722,0,8,39555010
3682,30,575010,8520,351,0722,0,8,39555010
3683,30,575010,8520,351,0722,0,8,39555010
3684,30,582055,8520,351,0732,0,8,39351010
3685,30,553510,8520,351,0714,0,8,39401010
3686,30,553010,8520,351,0713,0,8,39551060
3687,30,751530,8520,351,1032,0,8,39155010
3688,30,651010,8520,351,0900,0,8,39101010
3689,30,702515,8520,351,1013,0,8,39203510
3690,30,571510,8520,351,0713,0,8,39354510
3691,30,571510,8520,351,0713,0,8,39354510
3692,30,651010,8520,351,0900,0,8,39101010
3693,30,553020,8520,351,0713,0,8,39553010
3694,30,571510,8520,351,0713,0,8,39354510
3695,30,651010,8520,351,0900,0,8,39101010
3696,30,701515,8520,351,1011,0,8,39155010
3697,30,571510,8520,351,0713,0,8,39354510
3698,30,651515,8520,351,0911,0,8,39101010
3699,30,555040,8520,351,0722,0,8,39355510
3700,30,555040,8520,351,0722,0,8,39355510
3701,30,751520,8520,351,1032,0,8,39156510
3702,30,555040,8520,351,0722,0,8,39355510
3703,30,555040,8520,351,0722,0,8,39355510
3704,30,555040,8520,351,0722,0,8,39355510
3705,30,572510,8520,351,0715,0,8,39501510
3706,30,574025,8520,351,0716,0,8,39501520
3707,30,553020,8520,351,0713,0,8,39553010
3708,30,553020,8520,351,0713,0,8,39553010
3709,30,571510,8520,351,0713,0,8,39354510
3710,30,553515,8520,351,0714,0,8,39401510
3711,30,555035,8520,351,0721,0,8,39202030
3712,30,573030,8520,351,0715,0,8,39553525
3713,30,573030,8520,351,0715,0,8,39553525
3714,30,803020,8520,351,1041,0,8,39653510
3715,30,802010,8520,351,1041,0,8,39651510
3716,30,802010,8520,351,1041,0,8,39651510
3717,30,803510,8520,351,1041,0,8,39654010
3718,30,704010,8520,351,1021,0,8,39654010
3719,30,803030,8520,351,1041,0,8,39653515
3720,30,751525,8520,351,1032,0,8,39653510
3721,30,804010,8520,351,1041,0,8,39654010
3722,30,803020,8520,351,1041,0,8,39653510
3723,30,802515,8520,351,1041,0,8,39651510
3724,30,802010,8520,351,1041,0,8,39651510
3725,30,552015,8520,351,0711,0,8,39552010
3726,30,656525,8520,351,0922,0,8,39101510
3727,30,271020,8520,351,0211,0,8,39453010
3728,30,803015,8520,351,1041,0,8,39653515
3729,30,803020,8520,351,1041,0,8,39653510
3730,30,803015,8520,351,1041,0,8,39653515
3731,30,803020,8520,351,1041,0,8,39653510
3732,30,802015,8520,351,1041,0,8,39654010
3733,30,802015,8520,351,1041,0,8,39654010
3734,30,704010,8520,351,1021,0,8,39654010
3735,30,981020,8520,351,9999,0,8,39902510
3736,30,582060,8520,351,0738,0,8,39351010
3737,30,603510,8520,351,0831,0,8,39901010
3738,30,981020,8520,351,9999,0,8,39902510
3739,30,555045,8520,351,0722,0,8,39559010
3740,30,574020,8520,351,0716,0,8,39501540
3741,30,574010,8520,351,0716,0,8,39501510
3742,30,572015,8520,351,0715,0,8,39559020
3743,30,573015,8520,351,0715,0,8,39551060
3744,50,501015,8530,551,0612,168,3,40582015
3745,50,501015,8530,551,0612,168,3,40582015
3746,50,501015,8530,551,0612,168,3,40582015
3747,50,501015,8530,551,0612,168,3,40582015
3748,50,501015,8530,551,0612,168,3,40582015
3749,30,802015,8520,351,1041,0,8,39654010
3750,50,501015,8530,551,0612,168,3,40582015
3751,30,553020,8520,351,0713,0,8,39553010
3752,50,501020,8590,554,0613,167,3,40244010
3753,30,582040,8520,351,0732,0,8,39351010
3754,30,582055,8520,351,0732,0,8,39551060
3755,60,402510,8540,655,0413,204,3,50381510
3756,30,575010,8520,351,0722,0,8,39555010
3757,30,575010,8520,351,0722,0,8,39555010
3758,30,555055,8520,351,0722,0,8,39552010
3759,30,573030,8520,351,0715,0,8,39553525
3760,50,404020,8530,554,0416,192,3,40382510
3761,30,555082,8520,351,0724,0,8,39351010
3762,30,582055,8520,351,0732,0,8,39351010
3763,30,582055,8520,351,0732,0,8,39351010
3764,30,582020,8520,351,0732,0,8,39353010
3765,50,401010,8530,551,0410,186,3,40381010
3766,30,582060,8520,351,0738,0,8,39351010
3767,30,582025,8520,351,0732,0,8,39355510
3768,30,404015,8520,351,0416,0,8,39152510
3769,30,981020,8520,351,9999,0,8,39902510
3770,60,402510,8540,655,0413,192,3,50381510
3771,30,602010,8520,351,0812,0,8,39251510
3772,30,803020,8520,351,1041,0,8,39653510
3773,30,803025,8520,351,1041,0,8,39653515
3774,30,651010,8520,351,0900,0,8,39101010
3775,50,402010,8530,554,0412,192,3,40382010
3776,30,573015,8520,351,0715,0,8,39551060
3777,30,803015,8520,351,1041,0,8,39653515
3778,30,702515,8520,351,1013,0,8,39203510
3779,30,555088,8520,351,0728,0,8,39351010
3780,30,654520,3090,353,0915,172,3,30103510
3781,30,555040,8520,351,0722,0,8,39355510
3782,30,651510,8520,351,0911,0,8,39101010
3783,30,573025,8520,351,0715,0,8,39559050
3784,30,555055,8520,351,0722,0,8,39551060
3785,30,582040,3090,353,0732,147,3,30351510
3786,30,572510,8520,351,0715,0,8,39501510
3787,30,271015,8520,351,0211,0,8,39453010
3788,30,553030,8520,351,0713,0,8,39401010
3789,30,308010,8520,351,0215,0,8,39404020
3790,30,601520,8590,351,0811,184,3,30251020
3791,30,553515,8520,351,0714,0,8,39401510
3792,30,551010,8520,351,0700,0,8,39551060
3793,30,701510,8520,351,1011,0,8,39155010
3794,30,573510,8520,351,0715,0,8,39553525
3795,30,573030,8520,351,0715,0,8,39553525
3796,30,553510,8520,351,0714,0,8,39551060
3797,30,701510,8520,351,1011,0,8,39155010
3798,30,703010,8520,351,1014,0,8,39153010
3799,30,603010,8520,351,0821,0,8,39252510
3800,50,402010,4010,554,0412,180,3,40382010
3801,50,401515,8530,554,0411,192,3,40381510
3802,50,657010,8530,554,0923,168,3,40381510
3803,50,402510,8530,551,0413,168,3,40381510
3804,50,257010,8530,551,0231,192,3,40202515
3805,30,653510,8520,351,0914,0,8,39101010
3806,50,403010,8530,554,0414,168,3,40382510
3807,50,553025,8530,554,0713,168,3,40582510
3808,30,271010,8520,351,0211,0,8,39453010
3809,50,402510,8530,551,0413,180,3,40381510
3810,70,256020,7010,747,0231,222,3,70255515
3811,50,403010,8530,551,0414,180,3,40382510
3812,50,403010,8530,551,0414,180,3,40382510
3813,50,403010,8530,551,0414,180,3,40382510
3814,50,401510,8530,551,0411,180,3,40381510
3815,50,404015,8530,551,0416,180,3,40382510
3816,50,402510,8530,551,0413,180,3,40381510
3817,50,403010,8530,551,0414,180,3,40382510
3818,50,402010,8530,551,0412,180,3,40382010
3819,50,404025,8530,551,0416,180,3,40382510
3820,50,409020,8530,551,0418,180,3,40381510
3821,50,403010,8530,551,0414,180,3,40382510
3822,50,404030,8530,551,0416,180,3,40383510
3823,50,703015,8530,551,1015,180,3,40383010
3824,50,401510,8530,551,0411,180,3,40382010
3825,50,402510,8530,551,0413,180,3,40381510
3826,50,402510,8530,551,0413,180,3,40381510
3827,50,401010,8530,551,0410,180,3,40381010
3828,50,601525,8530,551,0811,180,3,40381510
3829,50,402510,8530,551,0413,180,3,40381510
3830,50,402510,8530,551,0413,180,3,40381510
3831,50,403010,8530,551,0414,180,3,40382510
3832,50,404030,8530,551,0416,180,3,40381010
3833,50,402510,8530,551,0413,180,3,40381510
3834,50,402010,8530,551,0412,180,3,40382010
3835,30,501010,3090,351,0611,159,5,30154510
3836,50,401010,8530,554,0410,192,3,40381010
3837,50,355015,8530,554,0321,192,3,40382510
3838,50,403010,8530,554,0414,192,3,40382510
3839,50,402010,8530,554,0412,192,3,40382010
3840,50,402510,8530,554,0413,168,3,40381510
3841,50,452510,8530,554,0512,192,3,40751510
3842,50,402510,8530,554,0413,192,3,40381510
3843,50,402010,8530,554,0412,192,3,40382010
3844,50,402510,8530,554,0413,204,3,40381510
3845,50,401510,8530,551,0411,0,3,40381510
3846,50,501015,8530,554,0612,192,3,40582010
3847,50,404030,8530,554,0416,192,3,40383510
3848,50,703510,8530,554,1018,168,3,40751590
3849,50,402510,8530,554,0413,192,3,40381510
3850,50,655520,8530,554,0918,192,3,40892510
3851,50,656525,8530,554,0922,192,3,40202515
3852,50,404015,8530,554,0416,192,3,40382510
3853,50,554010,8530,554,0718,168,3,40584010
3854,50,555055,8530,551,0722,168,3,40589530
3855,50,751525,4010,554,1032,180,3,40589530
3856,50,551010,8530,551,0700,168,3,40589530
3857,50,551010,8530,551,0700,168,3,40581515
3858,50,551010,8530,551,0700,168,3,40589530
3859,50,555055,8530,551,0722,168,3,40585020
3860,50,555055,8530,551,0722,168,3,40585020
3861,50,555055,8530,551,0722,168,3,40585020
3862,50,555055,8530,551,0722,168,3,40585020
3863,50,555055,8530,551,0722,168,3,40585020
3864,50,553520,8530,551,0714,168,3,40585020
3865,50,551010,8530,551,0700,168,3,40589530
3866,50,501090,8530,551,0618,168,3,40582010
3867,50,555055,8530,551,0722,168,3,40585020
3868,30,581010,8520,351,0730,0,8,39351010
3869,30,555020,8520,351,0721,0,8,39202010
3870,30,555030,3090,353,0721,186,3,30205010
3871,30,803020,8520,351,1041,0,8,39653510
3872,50,551010,8590,554,0700,180,3,40581010
3873,30,803510,8520,351,1041,0,8,39653510
3874,30,803510,8520,351,1041,0,8,39653510
3875,50,401010,8530,554,0410,180,3,40381010
3876,50,994020,8530,554,9999,168,3,40971010
3877,50,601010,8530,554,0800,192,3,40801010
3878,50,354525,8530,554,0318,192,3,40381010
3879,30,582045,8520,351,0732,0,8,39351010
3880,30,555020,3020,353,0721,158,3,30205010
3881,30,601510,8520,351,0811,0,8,39251010
3882,30,573510,8520,351,0715,0,8,39553525
3883,30,803020,8520,351,1041,0,8,39653510
3884,30,571510,8520,351,0713,0,8,39354510
3885,30,601515,8590,351,0811,0,5,30251020
3886,30,553510,8520,351,0714,0,8,39401010
3887,30,553015,8520,351,0713,0,8,39401010
3888,30,553030,8520,351,0713,0,8,39401010
3889,30,602015,8520,351,0812,0,8,39251510
3890,30,581010,8520,351,0730,0,8,39903010
3910,30,401010,3090,351,0410,0,5,30151010
3915,30,401010,3090,351,0410,0,5,30151010
3920,30,551510,3090,351,0710,0,5,30551010
3925,30,551510,3090,351,0710,0,5,30551010
3930,30,981030,8590,351,9999,0,5,30902510
3935,30,402510,8590,351,0413,162,3,30154510
3939,30,402510,8590,353,0413,162,3,30154510
3940,30,981030,8590,351,9999,0,3,30902510
3941,30,981030,8590,351,9999,0,3,30902510
3942,20,151040,8590,241,0021,0,5,15202010
3943,60,981030,8540,655,9999,0,3,50971010
3944,70,981030,8590,747,9999,0,3,70971010
3945,50,582010,8590,551,0732,188,3,40581515
3950,50,551510,8530,554,0710,180,5,40581010
3955,20,551010,8590,241,0700,138,5,15203010
3960,30,401010,8590,351,0410,0,5,30154510
3961,30,401010,8590,341,0410,0,5,30154510
3965,30,303520,3090,353,0214,124,3,30154510
3970,50,703015,8530,554,1015,180,3,40383010
3971,50,703015,8530,551,1015,180,3,40383010
3972,50,555055,8530,554,0722,168,3,40585020
4000,50,403010,4010,554,0414,180,3,40382510
4001,30,401010,3010,351,0410,132,5,29151010
4002,30,401010,3010,351,0410,132,5,29151010
4003,30,401010,3010,351,0410,132,5,29151010
4004,30,401010,3010,351,0410,132,5,29151010
4005,50,404025,8530,554,0416,180,3,40382510
4006,50,404030,8530,554,0416,180,3,40383510
4007,50,403010,4010,554,0414,178,3,40382510
4008,30,122010,2510,344,0011,168,1,20201010
4009,50,501015,4510,554,0612,180,3,40582015
4010,30,501015,3090,353,0612,156,3,30154510
4011,50,403010,8530,554,0414,180,3,40382510
4012,50,403010,8530,554,0414,180,3,40382510
4013,50,271520,4010,554,0211,168,3,40244010
4014,50,501015,4010,554,0612,186,3,40582015
4015,50,404030,4010,554,0416,186,3,40382510
4017,50,703510,4510,554,1018,180,3,40383010
4018,50,703510,4510,554,1018,180,3,40383010
4019,50,404030,4010,554,0416,204,3,40382510
4020,50,404030,8530,554,0416,180,3,40383510
4021,50,403010,8530,554,0414,180,3,40382510
4022,50,403010,8530,554,0414,180,3,40382510
4023,50,404025,8530,554,0416,180,3,40382510
4024,50,404015,8530,554,0416,180,3,40382510
4025,50,404025,8530,554,0416,180,3,40382510
4026,50,403010,8530,554,0414,180,3,40382510
4027,50,409020,8530,554,0418,180,3,40382010
4028,50,703015,8530,554,1015,180,3,40383010
4029,50,555055,4010,554,0722,174,3,40751510
4030,50,403010,8530,554,0414,180,3,40382510
4032,60,301510,5010,645,0211,192,3,60305015
4033,60,301510,5010,645,0211,192,3,60305015
4034,60,302020,5010,645,0212,192,3,60305045
4035,60,301510,5010,645,0211,192,3,60305020
4036,50,552010,4010,554,0711,186,3,40751710
4037,50,309510,4010,554,0218,180,3,40585020
4038,30,555065,3020,353,0723,156,3,30557010
4039,30,555065,3020,353,0723,156,3,30557010
4040,60,554020,5510,655,0718,210,3,50583010
4041,60,554020,5510,655,0718,210,3,50583010
4044,30,555065,3020,353,0723,162,3,30557010
4045,30,582055,3090,353,0732,138,3,30559020
4048,60,501090,5020,645,0618,192,3,60593015
4049,50,452510,4010,554,0512,174,3,40751510
4050,50,552010,4010,554,0711,174,3,40751510
4051,30,572510,8520,351,0715,0,8,39501510
4052,50,555030,4010,554,0721,180,3,40751510
4053,30,555065,3020,353,0723,156,3,30557010
4054,50,309510,4010,554,0218,174,3,40585015
4055,60,309515,5510,655,0218,186,3,50305010
4056,30,581010,3090,341,0730,144,5,30554510
4057,30,573010,3090,341,0715,144,5,30554510
4058,30,553510,3090,341,0714,144,5,30554510
4059,30,553030,3090,341,0713,144,5,30554510
4060,50,582045,4010,554,0732,180,3,40581515
4061,60,582045,5510,655,0732,198,3,50581510
4062,50,582045,4010,554,0732,186,3,40581515
4063,50,571510,4510,554,0713,178,3,40582510
4064,50,553520,4010,554,0714,198,3,40582020
4065,50,573015,4010,554,0715,198,3,40583015
4066,50,573015,4010,554,0715,198,3,40583015
4067,50,573015,4010,554,0715,198,3,40583015
4068,50,573035,4010,554,0715,198,3,40583015
4069,50,571510,4010,554,0713,198,3,40582420
4070,60,303515,5010,645,0214,192,3,60305035
4071,60,301510,5010,645,0211,192,3,60305020
4072,60,302015,5010,645,0212,192,3,60305040
4073,60,302015,5010,645,0212,192,3,60305040
4074,60,302020,5010,645,0212,192,3,60305045
4075,50,303510,4510,554,0214,198,3,40305510
4076,60,302020,5010,645,0212,192,3,60305045
4077,60,301510,5010,645,0211,192,3,60305015
4078,60,302025,5010,645,0212,192,3,60305030
4079,60,582045,5510,655,0732,204,3,50581510
4080,30,801530,3090,353,1041,156,3,30901510
4081,50,573015,4010,554,0715,198,3,40583015
4082,60,554020,5510,655,0718,186,3,50583010
4083,60,554020,6010,655,0718,180,3,50583010
4084,50,271520,4510,554,0211,180,3,40244010
4085,50,271525,4510,554,0211,180,3,40242010
4086,60,302015,5010,645,0212,192,3,60305040
4087,60,582045,5510,655,0732,189,3,50581510
4088,60,303515,5510,655,0214,198,3,50305010
4089,50,402510,4010,554,0413,180,3,40581515
4090,50,603010,4510,554,0821,178,3,40801010
4091,50,555040,4010,554,0722,186,3,40585020
4092,50,582045,4010,554,0732,180,3,40581515
4093,60,603010,5510,655,0821,192,3,50804510
4094,30,603010,3090,353,0821,139,3,30252515
4096,50,555055,4010,554,0722,168,3,40585020
4097,50,552510,4010,554,0712,174,3,40583510
4098,30,702515,3020,353,1013,156,3,30203010
4099,50,552010,4010,554,0711,174,3,40751510
4100,30,573015,3020,353,0715,158,3,30552010
4101,30,573015,3020,353,0715,158,3,30552010
4102,60,574030,5510,655,0716,198,3,50583015
4103,30,573025,3020,353,0715,158,3,30554010
4108,30,574015,3020,353,0716,132,5,30501515
4117,30,573025,3020,354,0715,168,3,30554010
4118,30,573025,3020,353,0715,150,3,30554010
4119,30,573025,3020,354,0715,168,3,30554010
4120,30,573025,3020,354,0715,168,3,30554010
4121,30,573015,3020,353,0715,150,3,30552010
4122,30,303510,3020,354,0214,156,3,30553515
4123,30,303510,3020,353,0214,150,3,30553515
4124,30,651010,3020,353,0900,144,3,30101010
4125,30,574015,3020,354,0716,174,3,30501515
4126,30,573510,3020,353,0715,150,3,30553525
4127,30,574015,3020,353,0716,150,3,30501515
4128,30,574015,3020,353,0716,150,3,30501515
4129,30,555025,3020,354,0721,174,3,30201010
4130,50,602515,8530,554,0818,192,3,40801010
4134,50,702515,8530,554,1013,168,3,40751590
4135,30,573015,3020,353,0715,150,3,30552015
4140,30,582040,3020,353,0732,150,3,30351510
4141,30,651515,3020,354,0911,156,3,30557510
4142,30,308010,3020,353,0215,150,3,30404020
4143,30,651515,3020,354,0911,156,3,30557510
4144,30,651515,3020,353,0911,168,3,30557510
4145,30,651515,3020,354,0911,168,3,30557510
4166,30,555020,3020,353,0721,156,3,30201510
4168,30,702530,3020,353,1013,156,3,30156010
4188,30,703015,3020,353,1015,156,3,30301010
4189,30,403510,3020,353,0415,145,3,30154010
4192,30,404015,3020,354,0416,156,3,30152510
4193,30,402010,3020,354,0412,168,3,30152010
4194,30,403510,3020,353,0415,150,3,30151510
4195,30,551010,3010,351,0700,132,5,29251020
4196,30,403510,3020,353,0415,150,3,30153510
4197,30,703015,3020,354,1015,174,3,30301010
4198,30,401010,3010,351,0410,132,5,29151010
4199,30,551010,8590,341,0700,126,5,15205030
4200,30,401010,3010,351,0410,132,5,29151010
4201,30,403510,3020,353,0415,164,3,30151510
4202,30,401010,8590,341,0410,132,5,15205030
4203,30,402010,3020,353,0412,162,3,30152010
4204,30,582060,3020,353,0738,150,3,30355525
4205,30,582060,3020,353,0738,150,3,30355525
4206,30,582020,3020,353,0732,150,3,30353510
4207,30,555040,3020,353,0722,150,3,30353510
4208,70,452010,7010,747,0512,216,3,70351510
4211,30,553515,3020,353,0714,174,3,30401510
4212,30,553510,3020,353,0714,186,3,30403510
4213,30,553510,3020,353,0714,186,3,30403510
4214,30,701515,3020,353,1011,144,3,30355520
4215,30,574015,3020,353,0716,174,3,30501515
4216,30,574030,3020,353,0716,156,3,30501530
4217,30,574030,3020,353,0716,180,3,30501530
4218,30,553520,3020,353,0714,156,3,30402010
4219,30,573510,3020,353,0715,174,3,30553525
4220,30,573510,3020,354,0715,174,3,30553525
4221,30,573510,3020,354,0715,174,3,30553525
4222,30,573015,3020,353,0715,174,3,30551510
4223,30,573035,3020,354,0715,186,3,30554510
4224,30,573035,3020,353,0715,174,3,30554510
4225,30,571510,3020,353,0713,174,3,30354510
4226,30,573510,3020,354,0715,162,3,30553525
4227,30,573510,3020,353,0715,174,3,30553525
4228,30,573510,3020,353,0715,174,3,30553525
4229,30,573510,3020,353,0715,174,3,30553525
4230,30,574030,3020,353,0716,174,3,30556010
4231,30,553520,3020,354,0714,174,3,30403510
4232,30,574025,3020,354,0716,180,3,30501520
4233,30,574025,3020,354,0716,180,3,30501520
4234,30,574015,3020,353,0716,150,3,30501515
4235,30,574015,3020,353,0716,174,3,30501515
4236,30,572015,3020,354,0715,174,3,30556510
4237,30,574025,3020,353,0716,156,3,30501520
4238,30,572015,3020,353,0715,156,3,30556510
4239,30,572510,3020,353,0715,150,3,30501510
4240,30,553520,3020,353,0714,174,3,30403510
4241,30,574030,3020,354,0716,174,3,30556015
4242,30,553515,3020,354,0714,174,3,30401510
4243,30,554015,3020,353,0718,162,3,30401510
4244,30,574015,3020,353,0716,174,3,30501515
4245,30,572510,3020,353,0715,165,3,30501510
4246,30,572510,3020,354,0715,180,3,30501510
4247,30,574035,3020,354,0716,185,3,30501525
4248,30,574025,3020,354,0716,180,3,30501520
4249,30,573510,3020,353,0715,174,3,30501520
4250,30,553520,3020,354,0714,174,3,30403510
4251,30,573510,3020,354,0715,174,3,30553525
4252,30,574020,3020,354,0716,174,3,30502010
4253,30,573510,3020,354,0715,156,3,30553525
4254,30,553520,3020,353,0714,174,3,30401510
4255,30,572510,3020,353,0715,171,3,30501510
4256,30,602515,3020,354,0818,174,3,30553510
4257,30,573025,3020,353,0715,150,3,30554010
4258,30,573025,3020,353,0715,168,3,30554010
4259,30,553020,3020,354,0713,174,3,30553010
4260,30,553520,3020,353,0714,186,3,30402010
4261,30,574010,3020,353,0716,150,3,30501535
4262,30,574025,3020,354,0716,180,3,30501520
4263,30,574025,3020,353,0716,168,3,30501520
4264,30,574015,3020,353,0716,174,3,30501515
4265,30,555045,3020,353,0722,174,3,30555510
4266,30,555045,3020,353,0722,174,3,30555510
4267,30,555045,3020,353,0722,174,3,30555510
4268,30,555040,3020,354,0722,174,3,30559010
4269,30,582040,3020,354,0732,173,3,30351510
4270,30,555040,3020,353,0722,150,3,30353515
4271,30,582035,3020,354,0732,173,3,30351510
4272,30,553015,3020,354,0713,174,3,30402510
4273,30,582025,3020,353,0732,174,3,30352510
4274,30,582010,3020,353,0732,168,3,30352010
4275,30,271035,3020,353,0211,168,3,30453510
4276,30,574020,3020,353,0716,168,3,30502510
4277,30,555040,3020,354,0722,171,3,30353515
4278,30,582015,3020,354,0732,173,3,30353010
4279,30,582020,3020,354,0732,171,3,30353510
4280,30,555040,3020,354,0722,171,3,30353510
4281,30,582060,3020,353,0738,174,3,30355525
4282,30,582010,3020,353,0732,171,3,30355530
4283,30,582020,3020,354,0732,173,3,30354010
4284,30,571510,3020,353,0713,174,3,30354510
4285,30,571510,3020,354,0713,174,3,30354510
4286,30,571510,3020,353,0713,168,3,30354510
4287,30,555040,3020,353,0722,150,3,30353515
4288,30,582055,3020,354,0732,173,3,30351510
4289,30,701515,3020,354,1011,174,3,30355520
4290,30,555040,3020,353,0722,150,3,30353515
4291,30,553015,3020,354,0713,180,3,30402510
4292,30,582060,3020,354,0738,174,3,30355535
4293,30,571510,3020,354,0713,174,3,30354510
4294,30,555040,3020,353,0722,171,3,30353515
4295,30,553015,3020,354,0713,158,3,30402510
4296,30,553015,3020,354,0713,180,3,30402510
4297,30,571510,3020,354,0713,174,3,30354510
4298,30,303520,3020,354,0214,171,3,30353510
4299,30,571510,3020,354,0713,174,3,30354510
4300,30,582015,3020,353,0732,156,3,30353010
4301,30,573015,3020,353,0715,150,3,30552010
4302,30,555045,3020,353,0722,156,3,30156010
4303,30,582035,3020,353,0732,161,3,30351510
4304,30,582020,3020,353,0732,164,3,30354010
4305,30,582020,3020,353,0732,159,3,30353510
4306,30,555088,3020,354,0728,162,3,30559020
4307,30,582055,3020,354,0732,162,3,30559020
4308,30,555088,3020,353,0728,161,3,30559020
4309,30,555040,3020,353,0722,155,3,30353515
4310,30,308010,3020,354,0215,174,3,30404020
4311,30,571510,3020,353,0713,169,3,30354510
4312,30,553520,3020,354,0714,150,3,30403010
4313,30,553030,3020,353,0713,150,3,30403015
4314,30,308010,3020,353,0215,174,3,30404020
4315,30,308010,3020,354,0215,174,3,30404020
4316,30,308010,3020,354,0215,174,3,30404020
4317,30,308010,3020,353,0215,150,3,30404020
4318,30,573015,3020,353,0715,156,3,30556015
4319,30,574020,3020,354,0716,180,3,30502010
4320,30,553030,3020,353,0713,150,3,30403015
4321,30,553015,3020,353,0713,167,3,30402510
4322,30,573015,3020,353,0715,144,3,30551515
4323,30,573015,3020,353,0715,156,3,30551515
4324,30,573025,3020,353,0715,168,3,30554010
4325,30,573510,3020,353,0715,174,3,30553525
4326,30,573510,3020,354,0715,174,3,30553525
4327,30,574030,3020,353,0716,162,3,30556010
4328,30,575010,3020,353,0722,174,3,30551510
4329,30,573015,3020,353,0715,156,3,30551515
4330,30,573015,3020,353,0715,156,3,30551515
4331,30,573015,3020,353,0715,156,3,30554510
4332,30,574030,3020,354,0716,165,3,30501535
4333,30,572015,3020,354,0715,174,3,30556510
4334,30,572015,3020,354,0715,174,3,30556510
4335,30,555045,3020,354,0722,174,3,30555510
4336,30,573015,3020,354,0715,192,3,30551510
4337,30,573015,3020,353,0715,180,3,30551510
4338,30,573015,3020,354,0715,174,3,30551510
4339,30,303520,3020,354,0214,174,3,30553520
4340,30,303510,3020,354,0214,174,3,30553515
4341,30,303510,3020,354,0214,174,3,30553515
4342,30,303510,3020,354,0214,174,3,30553515
4343,30,303510,3020,354,0214,174,3,30553515
4344,30,303520,3020,354,0214,174,3,30553520
4345,30,303520,3020,354,0214,174,3,30553520
4346,30,303520,3020,354,0214,174,3,30553520
4347,30,573030,3020,354,0715,174,3,30553520
4348,30,573510,3020,354,0715,174,3,30553520
4349,30,573510,3020,354,0715,174,3,30553520
4350,30,573030,3020,354,0715,162,3,30553520
4351,30,573030,3020,353,0715,156,3,30553520
4352,30,582020,3020,353,0732,150,3,30353510
4353,30,582025,3020,354,0732,173,3,30352510
4354,30,582030,3020,354,0732,173,3,30354010
4355,30,553520,3020,353,0714,174,3,30402010
4356,30,553520,3020,353,0714,156,3,30402010
4357,30,553520,3020,353,0714,150,3,30404015
4358,30,553520,3020,353,0714,150,3,30404010
4359,30,582015,3020,353,0732,158,3,30353010
4360,30,573510,3020,353,0715,169,3,30553525
4361,30,303510,3020,353,0214,144,3,30553515
4362,30,573030,3020,353,0715,150,3,30559015
4363,30,573030,3020,353,0715,162,3,30559015
4364,30,573030,3020,353,0715,162,3,30559015
4365,30,553515,3020,353,0714,150,3,30401510
4366,30,574025,3020,354,0716,180,3,30501520
4367,30,553020,3020,354,0713,174,3,30354510
4368,30,553015,3020,354,0713,174,3,30402510
4369,30,582020,3020,353,0732,144,3,30355515
4370,30,574020,3020,354,0716,167,3,30502010
4371,30,303510,3020,353,0214,165,3,30553515
4372,30,701525,3020,353,1011,150,3,30156010
4373,30,701525,3020,353,1011,150,3,30156010
4374,30,702530,3020,353,1013,150,3,30156010
4375,30,701525,3020,353,1011,150,3,30156010
4376,30,572015,3020,353,0715,144,3,30556510
4377,30,573015,3020,353,0715,150,3,30551510
4378,30,555045,3020,353,0722,162,3,30555510
4379,30,574020,3020,354,0716,174,3,30502010
4380,30,573015,3020,353,0715,161,3,30551510
4381,30,701525,3020,353,1011,144,3,30156010
4382,30,573025,3020,353,0715,168,3,30554010
4383,30,573035,3020,353,0715,166,3,30554510
4384,30,573025,3020,353,0715,158,3,30554010
4385,30,573015,3020,353,0715,165,3,30551510
4386,30,574030,3020,354,0716,174,3,30556010
4387,30,574030,3020,354,0716,174,3,30556010
4388,30,574030,3020,354,0716,174,3,30556010
4389,30,573510,3020,353,0715,150,3,30553525
4390,30,574030,3020,353,0716,167,3,30556010
4391,30,573015,3020,353,0715,146,3,30552010
4392,30,574035,3020,353,0716,159,3,30501525
4393,30,572015,3020,353,0715,162,3,30556510
4394,30,571010,3020,353,0715,159,3,30501010
4395,30,574025,3020,353,0716,165,3,30501520
4396,30,572510,3020,353,0715,157,3,30501510
4397,30,553510,3020,353,0714,166,3,30403510
4398,30,553515,3020,353,0714,159,3,30401510
4399,30,553520,3020,353,0714,166,3,30402010
4400,30,555088,3020,353,0728,159,3,30559020
4401,30,308010,3020,353,0215,164,3,30404020
4402,30,701525,3020,353,1011,147,3,30156010
4403,30,553030,3020,353,0713,150,3,30403015
4404,30,308010,3020,353,0215,174,3,30404020
4405,30,574030,3020,353,0716,156,3,30556010
4406,30,574030,3020,353,0716,174,3,30556010
4407,30,555020,3020,353,0721,150,3,30201510
4410,30,555025,3020,353,0721,151,3,30201010
4411,30,555025,3020,353,0721,160,3,30201010
4412,30,555025,3020,353,0721,151,3,30201010
4413,30,555025,3020,353,0721,160,3,30201010
4414,30,555025,3020,353,0721,159,3,30201010
4415,30,555020,3020,353,0721,153,3,30201515
4416,30,702525,3020,353,1013,144,3,30204010
4417,30,555020,3020,353,0721,153,3,30201515
4418,30,702515,3020,354,1013,162,3,30203510
4419,30,555020,3020,354,0721,165,3,30201515
4420,30,555020,3020,353,0721,150,3,30201510
4421,30,555020,3020,354,0721,168,3,30201515
4422,30,702525,3020,354,1013,166,3,30204010
4423,30,702525,3020,353,1013,144,3,30204010
4424,30,702515,3020,354,1013,174,3,30203510
4425,30,555020,3020,354,0721,168,3,30201510
4426,30,702530,3020,353,1013,150,3,30204510
4427,30,555020,3020,353,0721,144,3,30202010
4428,30,702515,3020,353,1013,150,3,30156010
4429,30,702515,3020,354,1013,163,3,30203510
4430,30,702515,3020,353,1013,150,3,30156010
4431,30,702515,3020,354,1013,162,3,30203010
4432,30,555015,3020,354,0721,162,3,30202510
4433,30,702515,3020,353,1013,168,3,30203010
4434,30,555020,3020,354,0721,165,3,30201515
4435,30,555020,3020,354,0721,171,3,30201515
4436,30,555020,3020,354,0721,165,3,30201515
4437,30,555020,3020,353,0721,156,3,30202010
4438,30,702515,3090,353,1013,150,3,30203515
4439,30,555020,3020,354,0721,162,3,30201515
4440,30,555025,3020,354,0721,169,3,30201010
4441,30,555025,3020,354,0721,169,3,30201010
4442,30,702530,3020,354,1013,154,3,30204510
4443,30,555025,3020,353,0721,162,3,30201010
4444,30,555025,3020,353,0721,157,3,30201010
4445,30,702515,3020,353,1013,159,3,30203010
4446,30,555015,3020,353,0721,144,3,30202510
4447,30,555020,3020,354,0721,174,3,30201510
4448,30,702515,3020,353,1013,144,3,30203510
4449,30,702515,3020,353,1013,144,3,30203010
4450,60,602015,5510,655,0812,204,3,50804510
4451,30,271015,3020,353,0211,153,3,30452510
4452,30,271015,3020,353,0211,156,3,30452510
4453,30,271015,3020,354,0211,168,3,30452510
4454,30,271015,3020,354,0211,168,3,30452510
4455,30,271015,3020,353,0211,157,3,30452510
4456,30,271015,3020,353,0211,147,3,30452515
4457,30,555015,3020,353,0721,148,3,30202510
4458,30,271015,3020,354,0211,174,3,30452520
4459,30,271020,3020,353,0211,162,3,30453010
4460,30,271015,3020,353,0211,168,3,30452520
4461,30,271025,3020,354,0211,180,3,30452010
4462,30,271025,3020,353,0211,168,3,30452010
4463,30,555020,3020,353,0721,162,3,30201510
4464,30,271025,3020,353,0211,168,3,30452010
4465,30,271015,3020,353,0211,174,3,30452520
4466,30,555020,3020,353,0721,156,3,30201515
4467,30,271010,3020,354,0211,168,3,30453010
4468,30,271020,3020,353,0211,162,3,30453010
4469,30,271010,3020,353,0211,160,3,30453010
4470,30,271030,3090,353,0211,168,3,30453010
4471,30,271030,3090,353,0211,168,3,30453010
4472,30,271015,3020,353,0211,174,3,30453010
4473,30,271020,3020,353,0211,174,3,30453010
4474,60,355010,5510,665,0321,180,3,50243010
4475,30,271015,3020,353,0211,174,3,30453010
4476,30,271030,3090,353,0211,158,3,30453010
4477,30,702515,3020,353,1013,152,3,30203010
4478,30,271515,3020,353,0211,156,3,30451510
4479,30,271515,3020,354,0211,186,3,30451510
4480,30,271515,3020,353,0211,160,3,30451510
4481,30,555050,3090,353,0722,168,3,30601020
4482,30,702020,3020,353,1012,162,3,30302010
4483,30,572010,3020,353,0715,174,3,30556515
4484,30,651515,3020,354,0911,180,3,30557510
4485,30,555065,3020,353,0723,171,3,30557010
4486,30,555065,3020,353,0723,171,3,30557010
4487,30,555065,3020,353,0723,171,3,30557010
4488,30,702020,3020,353,1012,174,3,30302010
4489,30,555065,3020,353,0723,162,3,30557010
4490,30,555065,3020,353,0723,162,3,30557010
4491,30,555065,3020,353,0723,156,3,30557010
4492,30,555050,3090,353,0722,160,3,30601020
4493,30,555065,3020,353,0723,156,3,30557010
4494,30,555065,3020,353,0723,162,3,30557010
4495,30,555075,3020,353,0723,156,3,30355510
4496,30,555065,3020,353,0723,159,3,30355510
4497,30,582020,3020,354,0732,173,3,30354010
4498,30,653520,3020,354,0914,180,3,30103510
4499,30,702020,3020,353,1012,162,3,30302010
4500,30,555080,3090,353,0723,174,3,30558510
4501,30,555050,3090,353,0722,174,3,30601025
4502,30,303515,3090,353,0214,150,3,30601010
4503,30,303515,3090,353,0214,150,3,30601010
4504,30,303515,3090,353,0214,162,3,30601010
4505,30,702515,3020,353,1013,149,3,30203010
4506,30,555050,3090,353,0722,150,3,30601020
4507,30,555050,3090,353,0722,144,3,30601015
4508,30,555050,3090,353,0722,158,3,30601015
4509,30,555050,3090,353,0722,168,3,30601015
4510,30,555065,3020,353,0723,162,3,30557010
4511,30,651510,3020,353,0911,162,3,30103010
4512,30,555075,3020,354,0723,174,3,30355510
4513,30,555075,3020,354,0723,174,3,30355510
4514,30,651515,3020,353,0911,156,3,30557510
4515,30,555065,3020,354,0723,162,3,30557010
4516,30,555050,3090,353,0722,168,3,30601025
4517,30,555080,3090,353,0723,162,3,30558510
4518,30,555065,3020,353,0723,162,3,30557010
4519,30,555065,3020,353,0723,150,3,30557010
4520,30,555050,3090,353,0722,152,3,30601015
4521,30,651515,3020,353,0911,162,3,30557510
4522,30,702010,3020,353,1012,144,3,30301510
4523,30,702025,3020,353,1012,144,3,30302510
4524,30,702025,3020,353,1012,156,3,30302510
4525,30,653525,3020,353,0914,174,3,30558010
4526,30,555080,3090,353,0723,156,3,30558510
4527,30,802010,3020,354,1041,174,3,30651515
4528,30,555065,3020,353,0723,171,3,30557010
4529,30,555065,3020,353,0723,156,3,30557010
4530,30,555045,3020,354,0722,174,3,30555510
4531,30,555080,3090,353,0723,158,3,30558510
4532,30,555065,3020,353,0723,171,3,30557010
4533,30,653510,3020,353,0914,156,3,30102510
4534,30,653510,3020,353,0914,156,3,30102510
4535,30,555065,3020,353,0723,155,3,30557010
4536,30,702025,3020,353,1012,146,3,30302510
4537,30,702515,3020,353,1013,159,3,30203510
4538,30,702525,3020,353,1013,152,3,30204010
4539,30,702530,3020,353,1013,149,3,30204510
4540,30,271015,3020,353,0211,162,3,30452520
4541,30,802010,3020,353,1041,158,3,30651515
4542,30,653510,3020,353,0914,150,3,30102510
4543,30,651515,3020,354,0911,159,3,30557510
4544,30,555065,3020,353,0723,159,3,30355510
4545,30,702025,3020,353,1012,156,3,30302510
4546,30,702025,3020,353,1012,156,3,30302510
4547,30,575010,3020,353,0722,186,3,30555010
4548,30,575010,3020,354,0722,174,3,30555010
4549,30,555084,3020,354,0728,174,3,30403020
4550,30,575010,3020,353,0722,165,3,30403020
4551,30,555084,3020,353,0728,150,3,30403020
4552,30,575010,3020,353,0722,156,3,30555010
4553,30,555084,3020,353,0728,154,3,30403020
4554,30,575010,3020,353,0722,150,3,30555010
4555,30,555065,3020,353,0723,150,3,30557010
4556,30,701510,3020,353,1011,156,3,30155010
4557,30,701515,3020,353,1011,168,3,30155510
4558,30,701515,3020,353,1011,168,3,30155510
4559,30,701515,3020,353,1011,158,3,30155510
4560,30,701515,3020,353,1011,160,3,30155510
4561,30,653510,3020,353,0914,144,3,30103510
4562,50,651510,8590,554,0911,168,3,40894010
4563,30,582020,3020,354,0732,171,3,30353510
4564,30,602025,3020,354,0812,170,3,30251520
4565,30,602025,3020,354,0812,170,3,30251520
4566,30,602025,3020,353,0812,157,3,30251520
4567,30,555084,3020,354,0728,174,3,30403020
4568,30,555040,3020,354,0722,171,3,30353510
4569,30,802010,3020,353,1041,156,3,30651510
4570,30,603010,3020,354,0821,162,3,30252510
4571,30,553515,3020,354,0714,162,3,30401510
4572,30,574020,3020,354,0716,174,3,30502010
4573,30,574035,3020,354,0716,150,3,30501525
4574,30,751525,3020,354,1032,175,3,30653010
4575,30,604010,3020,353,0841,168,3,30253510
4576,30,603010,3020,353,0821,158,3,30252510
4577,30,603010,3020,353,0821,158,3,30252510
4578,30,555025,3020,353,0721,174,3,30201010
4579,30,308010,3020,353,0215,174,3,30404020
4580,30,404025,3020,353,0416,156,3,30153010
4581,30,553515,3020,354,0714,186,3,30401510
4582,30,574035,3020,354,0716,198,3,30501525
4583,30,574020,3020,354,0716,174,3,30502010
4599,60,651010,5510,645,0900,192,3,50891010
4600,30,802515,3020,353,1041,162,3,30652010
4601,30,802515,3020,353,1041,162,3,30652010
4602,30,802515,3020,353,1041,162,3,30652010
4603,30,582030,3020,353,0732,161,3,30355010
4604,30,803510,3020,353,1041,144,3,30652510
4605,30,803510,3020,353,1041,162,3,30652510
4606,30,802515,3020,353,1041,162,3,30652010
4607,30,802515,3020,353,1041,162,3,30652010
4608,30,802515,3020,353,1041,162,3,30652010
4609,30,802515,3020,353,1041,162,3,30652010
4610,30,802515,3020,353,1041,162,3,30652010
4611,30,802515,3020,353,1041,162,3,30652010
4612,30,802515,3020,353,1041,162,3,30652010
4613,30,601510,3020,353,0811,160,3,30251010
4614,30,601515,3020,353,0811,150,3,30251010
4615,30,602040,3020,353,0812,170,3,30252010
4616,30,602040,3020,353,0812,170,3,30252010
4617,30,601515,3020,354,0811,170,3,30251010
4618,30,601515,3020,354,0811,170,3,30251010
4619,30,602015,3020,354,0812,172,3,30251510
4620,30,602015,3020,353,0812,150,3,30251510
4621,30,602020,3020,354,0812,170,3,30251515
4622,30,602015,3020,354,0812,172,3,30251510
4623,30,602020,3020,353,0812,172,3,30251510
4624,30,601515,3020,353,0811,172,3,30251510
4625,30,602020,3020,354,0812,170,3,30251515
4626,30,602025,3020,354,0812,170,3,30251520
4627,30,603010,3020,353,0821,162,3,30252510
4628,30,603010,3020,353,0821,162,3,30252510
4629,30,601535,3020,353,0811,170,3,30253010
4630,30,602025,3020,353,0812,150,3,30251520
4631,30,574025,3020,353,0716,162,3,30252510
4632,30,601510,3090,353,0811,150,3,30251010
4633,30,555040,3020,353,0722,162,3,30252510
4634,30,602040,3020,353,0812,141,3,30252010
4635,30,603010,3020,353,0821,162,3,30252510
4636,30,574025,3020,354,0716,170,3,30251010
4637,30,603010,3020,353,0821,162,3,30252510
4638,30,601535,3090,353,0811,170,3,30901010
4639,30,601515,3020,353,0811,170,3,30251010
4640,30,604010,3020,353,0841,172,3,30253510
4641,30,603010,3020,354,0821,162,3,30252510
4642,30,603010,3020,353,0821,150,3,30252510
4643,30,604010,3020,353,0841,143,3,30253510
4644,30,802010,3020,354,1041,162,3,30651515
4645,30,802010,3090,353,1041,162,3,30651515
4646,30,802010,3020,353,1041,162,3,30651515
4647,30,803030,3020,353,1041,162,3,30653515
4648,30,803015,3020,354,1041,162,3,30653515
4649,30,803015,3020,354,1041,162,3,30653515
4650,30,803015,3020,354,1041,162,3,30653515
4651,30,802015,3020,354,1041,162,3,30653515
4652,30,803015,3020,354,1041,144,3,30653515
4653,30,803015,3020,354,1041,162,3,30653515
4654,30,803015,3020,354,1041,162,3,30653515
4655,30,803510,3090,353,1041,144,3,30654010
4656,30,802010,3020,354,1041,162,3,30651515
4657,30,803015,3020,354,1041,162,3,30653515
4658,30,803025,3020,354,1041,162,3,30653515
4659,30,803030,3020,354,1041,162,3,30653515
4660,30,803030,3020,354,1041,162,3,30653515
4661,30,803030,3020,354,1041,162,3,30653515
4662,30,803015,3020,354,1041,162,3,30653515
4663,30,751525,3020,353,1032,165,3,30653010
4664,30,803015,3020,354,1041,162,3,30653515
4665,30,803020,3020,354,1041,162,3,30653510
4666,30,802010,3020,353,1041,156,3,30651510
4667,30,804010,3090,353,1041,162,3,30653520
4668,30,803015,3020,354,1041,162,3,30653515
4669,30,803510,3020,353,1041,162,3,30652510
4670,30,751530,3020,353,1032,156,3,30156510
4671,30,803015,3020,353,1041,162,3,30653515
4672,30,803020,3020,353,1041,162,3,30653510
4673,30,603010,3020,354,0821,168,3,30252510
4674,30,803020,3020,353,1041,144,3,30653510
4675,30,803015,3020,353,1041,144,3,30653515
4676,30,803020,3020,354,1041,162,3,30653510
4677,30,802010,3020,353,1041,162,3,30651515
4678,30,802010,3020,354,1041,162,3,30651515
4679,30,802010,3020,353,1041,144,3,30651515
4680,30,602040,3020,353,0812,141,3,30252010
4681,30,804010,3090,353,1041,156,3,30653520
4682,30,804010,3090,353,1041,144,3,30653520
4683,30,751525,3020,354,1032,158,3,30653010
4684,30,802515,3020,353,1041,144,3,30652010
4685,30,803010,3020,353,1041,156,3,30653515
4686,30,802515,3020,353,1041,162,3,30652010
4687,30,802515,3020,353,1041,162,3,30652010
4688,30,601535,3020,354,0811,170,3,30253010
4689,30,601535,3020,354,0811,170,3,30253010
4690,30,601535,3020,354,0811,170,3,30253010
4691,30,601535,3020,353,0811,150,3,30253010
4692,30,604010,3020,353,0841,156,3,30253510
4693,30,803010,3020,354,1041,174,3,30653510
4694,30,803020,3020,353,1041,162,3,30653510
4695,30,602020,3020,353,0812,150,3,30251515
4696,30,802515,3020,353,1041,162,3,30652010
4697,30,604010,3020,353,0841,164,3,30253510
4698,30,604010,3020,353,0841,164,3,30253510
4699,30,601510,3020,353,0811,161,3,30251010
4700,30,601535,3020,353,0811,161,3,30253010
4701,30,581010,3010,351,0730,132,5,29251015
4702,30,571010,3010,351,0715,132,5,29251020
4703,30,271040,3010,351,0211,132,5,29251050
4704,30,551010,3010,351,0700,132,5,29251020
4705,30,701010,3010,351,1000,132,5,29251040
4706,30,555010,3010,351,0721,132,5,29201010
4707,30,601010,3010,351,0800,132,5,29201010
4708,30,801010,3010,351,1041,132,5,29251030
4709,30,651010,3010,351,0900,132,5,29101010
4710,30,401010,3010,351,0410,132,5,29151010
4711,30,751530,3010,351,1032,132,5,29151510
4712,30,553520,3010,351,0714,132,5,29251050
4713,30,581010,3010,351,0730,132,5,29251015
4714,30,551010,3010,351,0700,132,5,29251020
4715,30,555010,3010,351,0721,132,5,29201010
4716,30,574510,3010,351,0718,132,5,29251030
4717,30,701010,3010,351,1000,132,5,29251040
4718,30,602020,3020,353,0812,162,3,30251515
4719,30,401010,3010,351,0410,132,5,29151010
4720,30,602015,3020,353,0812,160,3,30251510
4721,30,603010,3020,353,0821,159,3,30252510
4722,30,803015,3020,353,1041,160,3,30653515
4723,30,803020,3020,353,1041,158,3,30653510
4724,30,751525,3020,353,1032,154,3,30653010
4725,30,154010,3510,342,0000,144,5,15204010
4726,30,801010,3020,353,1041,159,3,30651010
4727,30,804010,3090,353,1041,152,3,30653520
4728,30,651010,3020,353,0900,145,3,30102010
4729,30,802010,3020,353,1041,144,3,30651510
4730,30,574010,3010,351,0716,132,5,29251010
4731,30,581010,3010,351,0730,126,5,29251015
4732,30,701510,3010,351,1011,126,5,29151510
4733,30,601010,3010,351,0800,126,5,29201020
4734,30,702010,3010,351,1012,126,5,29201025
4735,30,555010,3010,351,0721,126,5,29201015
4736,30,271510,3010,351,0211,126,5,29251025
4737,30,551010,3010,351,0700,126,5,29251035
4738,30,551010,3010,351,0700,126,5,29251045
4739,30,651010,3010,351,0900,126,5,29101010
4740,30,801010,3010,351,1041,126,5,29251055
4741,30,574015,3090,354,0716,168,3,30501010
4750,30,553520,3020,353,0714,156,3,30401010
4754,30,574510,3020,353,0718,156,3,30651010
4755,30,553520,3020,354,0714,186,3,30402010
4756,30,702010,3020,353,1012,156,3,30551010
4757,30,553520,3020,354,0714,186,3,30402010
4758,30,401010,3020,353,0410,156,3,30151010
4759,30,751525,3020,354,1032,147,3,30653010
4760,30,555010,3020,353,0721,156,3,30205010
4762,30,701010,3020,353,1000,156,3,30155010
4763,30,601515,3020,354,0811,170,3,30251010
4764,30,154010,3510,352,0000,126,5,15204010
4765,30,154010,3510,342,0000,138,2,15204010
4766,30,154010,3510,342,0000,138,2,15204010
4767,30,154010,3510,342,0000,138,5,15204010
4768,30,154010,3510,352,0000,126,5,15204010
4780,30,656015,3020,353,0921,146,3,30102015
4781,30,656015,3020,354,0921,165,3,30102020
4782,30,656510,3020,354,0922,159,3,30101510
4783,30,574010,3020,353,0716,156,3,30501010
4784,30,601010,3020,353,0800,156,3,30254010
4785,30,271510,3020,353,0211,156,3,30451010
4786,30,551010,3020,353,0700,156,3,30551010
4787,30,581010,3020,353,0730,156,3,30351010
4788,30,555010,3020,353,0721,156,3,30205010
4789,30,551010,3020,353,0700,156,3,30401010
4790,30,703010,3020,353,1014,144,3,30301510
4791,30,703010,3020,353,1014,144,3,30301510
4792,30,703010,3020,354,1014,156,3,30301510
4800,70,501095,7010,747,0618,216,3,70599515
4801,60,554015,5020,645,0718,192,3,60599515
4802,60,401010,5010,645,0410,192,3,60396510
4803,60,409010,5010,645,0418,192,3,60396510
4808,70,401010,7010,747,0410,216,3,70396010
4809,70,401010,7010,747,0410,216,3,70396010
4810,70,405010,7010,747,0421,216,3,70396010
4811,70,401510,7010,747,0411,216,3,70391510
4850,30,573510,3020,353,0715,168,3,30553525
4851,30,574030,3020,353,0716,156,3,30501535
4853,30,574020,3020,353,0716,174,3,30502010
4854,30,303520,3090,353,0214,174,3,30601025
4855,30,555045,3020,353,0722,168,3,30555510
4856,30,555045,3020,353,0722,168,3,30555510
4858,30,555040,3020,353,0722,154,3,30353515
4859,30,303520,3090,353,0214,162,3,30601025
4860,30,303520,3090,353,0214,168,3,30601025
4861,30,303520,3090,353,0214,156,3,30601025
4864,30,271025,3020,353,0211,168,3,30452010
4865,30,271025,3020,353,0211,168,3,30452010
4866,30,271025,3020,353,0211,168,3,30452010
4867,30,271025,3020,353,0211,168,3,30452010
4868,30,271025,3020,353,0211,168,3,30453010
4869,30,271025,3020,353,0211,168,3,30453010
4870,30,555065,3020,353,0723,162,3,30557010
4871,30,555065,3090,353,0723,159,3,30601025
4874,30,555040,3090,353,0722,168,3,30601025
4875,30,555040,3090,353,0722,174,3,30601025
4876,30,555040,3090,353,0722,168,3,30601025
4877,30,555020,3020,353,0721,158,3,30201510
4878,30,555020,3020,353,0721,156,3,30201515
4879,30,555025,3020,353,0721,156,3,30201010
4880,30,655010,3090,353,0916,156,3,30103510
4881,30,653525,3090,353,0914,174,3,30558010
4882,30,653525,3090,353,0914,174,3,30558010
4901,30,404015,3020,354,0416,168,3,30152510
4902,30,404015,3020,354,0416,168,3,30152510
4903,30,404015,3020,354,0416,168,3,30152510
4904,30,404015,3020,354,0416,168,3,30152510
4905,30,404015,3020,354,0416,168,3,30152510
4906,30,404015,3020,354,0416,168,3,30152510
4907,30,404015,3020,354,0416,168,3,30152510
4908,30,404015,3020,354,0416,168,3,30152510
4909,30,404015,3020,353,0416,144,3,30152510
4910,30,404015,3020,354,0416,168,3,30152510
4911,30,404015,3020,354,0416,168,3,30152510
4912,30,404015,3020,354,0416,168,3,30152510
4913,30,404015,3020,354,0416,168,3,30152510
4914,30,404015,3020,354,0416,168,3,30152510
4915,30,404015,3020,354,0416,168,3,30152510
4916,30,404015,3020,354,0416,168,3,30152510
4917,30,404015,3020,354,0416,168,3,30152510
4918,30,404015,3020,354,0416,168,3,30152510
4919,30,404015,3020,354,0416,168,3,30152510
4920,30,404015,3020,354,0416,168,3,30152510
4921,30,404015,3020,354,0416,168,3,30152510
4922,30,404015,3020,354,0416,168,3,30152510
4923,30,404015,3020,354,0416,168,3,30152510
4924,30,404015,3020,354,0416,168,3,30152510
4925,30,404015,3020,354,0416,168,3,30152510
4926,30,404015,3020,354,0416,168,3,30152510
4927,30,404015,3020,354,0416,168,3,30152510
4928,30,404015,3020,354,0416,168,3,30152510
4929,30,404015,3020,354,0416,168,3,30152510
4930,30,404015,3020,354,0416,168,3,30152510
4931,30,404015,3020,354,0416,168,3,30152510
4932,30,404015,3020,354,0416,168,3,30152510
4933,30,404015,3020,354,0416,168,3,30152510
4934,30,404015,3020,353,0416,166,3,30152510
4937,30,404015,3020,354,0416,168,3,30152510
4938,30,404015,3020,354,0416,168,3,30152510
4939,30,404015,3020,354,0416,168,3,30152510
4940,30,404015,3020,354,0416,168,3,30152510
4941,30,404015,3020,354,0416,168,3,30152510
4942,30,404015,3020,354,0416,168,3,30152510
4943,30,404015,3020,354,0416,168,3,30152510
4944,30,404015,3020,354,0416,168,3,30152510
4945,30,404015,3020,354,0416,168,3,30152510
4946,30,404015,3020,354,0416,156,3,30152510
4947,30,404015,3020,354,0416,156,3,30152510
4948,30,404015,3020,354,0416,156,3,30152510
4949,30,404015,3020,354,0416,168,3,30152510
4951,30,404010,3020,353,0416,168,3,30153010
4952,30,404010,3020,353,0416,168,3,30153010
4953,30,404010,3020,353,0416,168,3,30153010
4954,30,404010,3020,353,0416,156,3,30153010
4955,30,404010,3020,353,0416,156,3,30153010
4956,30,404010,3020,353,0416,156,3,30153010
4957,30,404010,3020,353,0416,168,3,30153010
4958,30,404010,3020,353,0416,156,3,30153010
4959,30,404010,3020,353,0416,156,3,30153010
4960,30,404010,3020,353,0416,156,3,30153010
4961,30,404010,3020,353,0416,156,3,30153010
4962,30,404010,3020,353,0416,174,3,30153010
4963,30,404030,3020,354,0416,156,3,30153010
4964,30,404025,3020,354,0416,156,3,30153010
4965,30,404025,3020,354,0416,156,3,30153010
4966,30,404025,3020,354,0416,168,3,30153010
4967,30,404025,3020,353,0416,165,3,30153010
4968,30,404010,3020,353,0416,168,3,30153010
4969,30,404010,3020,353,0416,156,3,30153010
4970,30,404010,3020,353,0416,168,3,30153010
4971,30,404010,3020,353,0416,168,3,30153010
4977,30,403510,3020,354,0415,168,3,30151510
4978,30,403510,3020,354,0415,168,3,30151510
4979,30,403510,3020,354,0415,168,3,30151510
4980,30,402010,3020,353,0412,156,3,30152010
4981,30,403510,3020,354,0415,168,3,30151510
4982,30,403510,3020,354,0415,168,3,30151510
4983,30,401510,3020,354,0411,168,3,30151510
4984,30,403510,3020,354,0415,168,3,30151510
4985,30,403510,3020,354,0415,168,3,30151510
4986,30,402010,3020,353,0412,168,3,30152010
4987,30,402010,3020,354,0412,174,3,30152010
4988,30,402020,3020,353,0412,168,3,30152010
4989,30,403510,3020,354,0415,168,3,30151510
4990,30,403510,3020,354,0415,168,3,30154010
4991,30,403510,3020,353,0415,168,3,30151510
4992,30,403510,3020,354,0415,168,3,30151510
4994,30,409030,3090,353,0418,156,3,30154510
4995,30,501015,3090,353,0612,156,3,30154510
4996,30,403510,3020,353,0415,168,3,30151510
4997,30,403510,3020,354,0415,168,3,30151510
4998,30,402010,3020,353,0412,168,3,30152010
4999,50,751520,4510,554,1032,180,3,40951510
5000,50,402510,8530,554,0413,168,3,40244010
5001,50,271015,8530,554,0211,168,3,40242010
5003,50,403010,8530,554,0414,180,3,40381510
5004,50,404025,8530,554,0416,180,3,40382510
5005,50,402510,8530,554,0413,192,3,40381510
5006,50,404025,8530,554,0416,180,3,40382510
5007,50,409030,8530,554,0418,183,3,40382010
5008,50,703015,8530,554,1015,180,3,40383010
5009,50,703510,8530,554,1018,180,3,40383010
5015,20,551010,8590,241,0700,138,5,15203010
5016,20,552015,8590,241,0711,138,5,15203010
5017,50,571510,4510,554,0713,180,3,40582420
5018,20,551010,8590,241,0700,138,5,15203010
5019,20,555015,8590,241,0721,138,5,15203010
5020,50,404025,8530,554,0416,180,3,40382510
5021,50,751515,4510,554,1032,126,3,40951010
5022,70,302010,7010,747,0212,216,3,70305010
5023,70,302010,7010,747,0212,216,3,70305010
5024,70,302010,7010,747,0212,216,3,70305010
5025,50,404030,4010,554,0416,197,3,40382510
5026,60,801510,8540,655,1041,192,3,50859510
5027,50,551510,4010,544,0710,183,3,40859510
5028,30,122010,2510,341,0011,132,2,20203011
5029,30,122010,2510,341,0011,144,2,20203012
5030,30,573035,3020,354,0715,186,3,30554510
5031,50,582045,4010,554,0732,186,3,40581515
5032,30,303520,3020,354,0214,171,3,30353510
5033,50,553030,4010,554,0713,198,3,40582415
5034,50,553030,4010,554,0713,198,3,40582415
5035,50,575010,4010,554,0722,174,3,40585020
5036,50,555070,4010,554,0723,198,3,40585015
5037,50,553030,4010,554,0713,198,3,40582415
5038,50,555070,4010,554,0723,192,3,40585015
5039,50,555070,4010,554,0723,174,3,40585015
5040,50,555070,4010,554,0723,174,3,40585015
5041,50,555070,4010,554,0723,174,3,40585015
5042,50,555070,4010,554,0723,174,3,40382510
5043,50,553010,4010,554,0713,198,3,40582410
5044,20,602030,8590,241,0812,138,5,15203010
5045,50,555070,4010,554,0723,176,3,40585015
5046,60,582045,5510,655,0732,204,3,50581510
5047,60,582045,5510,655,0732,204,3,50581510
5048,20,574030,8590,241,0716,138,5,15203010
5049,20,555065,8590,241,0723,138,5,15203010
5050,30,553520,3020,354,0714,186,3,30402010
5051,20,581010,8590,241,0730,138,5,15203010
5052,20,573010,8590,241,0715,138,5,15203010
5053,20,553030,8590,241,0713,138,5,15203010
5054,20,553510,8590,241,0714,138,5,15203010
5055,60,302010,5010,645,0212,192,3,60305010
5056,70,301510,7010,747,0211,216,3,70305015
5057,70,302020,7010,747,0212,216,3,70305045
5058,70,302030,7010,747,0212,216,3,70305050
5059,70,302025,7010,747,0212,216,3,70305030
5060,60,653530,5510,651,0914,138,5,50894510
5061,50,552010,4010,554,0711,174,3,40751510
5062,70,303510,7010,747,0214,216,3,70305025
5063,70,302010,7010,747,0212,216,3,70305010
5064,70,302015,7010,747,0212,216,3,70305040
5065,50,553520,4010,554,0714,180,3,40582010
5066,50,602030,4010,554,0812,180,3,40801510
5067,50,602030,4010,554,0812,180,3,40801510
5068,50,602030,4010,554,0812,180,3,40801510
5069,50,602030,4010,554,0812,180,3,40801510
5070,50,602030,4010,554,0812,180,3,40801510
5071,50,601525,4010,554,0811,180,3,40801510
5072,50,601525,4010,554,0811,180,3,40801510
5073,50,601525,4010,554,0811,180,3,40801510
5074,50,555030,4510,554,0721,198,3,40751510
5075,60,204015,5510,655,0114,192,3,50202515
5076,50,255015,8530,554,0228,186,3,40381510
5077,50,409015,8530,554,0418,180,3,40382010
5078,50,404020,8530,554,0416,180,3,40382510
5079,50,355015,8530,554,0321,186,3,40582010
5080,30,122010,2520,344,0011,156,1,20204010
5081,30,122010,2520,341,0011,132,2,20204011
5082,50,271015,4010,554,0211,180,3,40241510
5083,50,271525,4010,554,0211,180,3,40244010
5084,50,402510,4010,554,0413,180,3,40382510
5085,50,355015,8530,554,0321,180,3,40381510
5086,50,404030,4010,554,0416,180,3,40383510
5087,50,271525,4010,554,0211,180,3,40242010
5088,30,122010,2520,341,0011,144,2,20204012
5089,60,409025,5520,655,0418,198,3,50589510
5090,30,122010,2510,344,0011,156,1,20203010
5091,20,552010,8590,241,0711,138,5,15203010
5092,30,122010,2520,344,0011,144,1,20204013
5093,50,703510,8530,554,1018,180,3,40383010
5094,50,404025,8530,554,0416,180,3,40382510
5095,50,355015,8530,554,0321,180,3,40382510
5096,50,271520,8530,554,0211,192,3,40242010
5097,30,122010,2520,344,0011,156,1,20204013
5098,30,122010,2510,344,0011,156,1,20203013
5099,50,655520,4010,554,0415,186,3,40894590
5100,50,601525,4010,554,0811,180,3,40801510
5101,70,301510,7010,747,0211,216,3,70305015
5102,70,302020,7010,747,0212,216,3,70305045
5103,70,301510,7010,747,0211,216,3,70305020
5104,70,301510,7010,747,0211,216,3,70305020
5105,70,301510,7010,747,0211,216,3,70305015
5106,70,302015,7010,747,0212,216,3,70305040
5107,70,302015,7010,747,0212,216,3,70305040
5108,70,303515,7010,747,0214,216,3,70305035
5109,70,302015,7010,747,0212,216,3,70305040
5110,50,601525,4010,554,0811,180,3,40801510
5111,60,656515,5510,655,0922,180,3,50201510
5112,60,656515,5510,655,0922,180,3,50201510
5113,60,656520,5510,655,0922,180,3,50201510
5114,60,656515,8590,651,0922,180,3,50201510
5115,60,656520,5510,651,0922,192,3,50201510
5116,60,656515,5510,655,0922,180,3,50892510
5117,60,656525,8540,655,0922,192,3,50202515
5118,60,656515,5510,651,0922,192,3,50892510
5119,60,402510,5510,655,0413,198,3,50381510
5120,60,656520,5510,655,0922,180,3,50201510
5121,50,402010,4010,554,0412,180,3,40382010
5122,50,404025,4010,554,0416,180,3,40382510
5123,50,403010,4010,554,0414,180,3,40382510
5124,50,703510,4010,554,1018,180,3,40383010
5125,50,402510,4010,554,0413,180,3,40381510
5126,30,123020,2050,344,0021,156,1,35101010
5127,60,657010,5510,655,0923,198,3,50384010
5128,60,657010,8590,651,0923,204,3,50384010
5129,50,574015,4010,554,0716,180,3,40589530
5130,50,601525,4010,554,0811,180,3,40801510
5131,50,309510,4010,554,0218,180,3,40585010
5132,50,553010,4010,554,0713,198,3,40582410
5133,50,553520,4010,554,0714,180,3,40582010
5134,50,601525,4010,554,0811,180,3,40801510
5135,50,555030,4010,554,0721,180,3,40751510
5136,50,555055,4010,554,0722,180,3,40585020
5137,50,409030,4010,554,0418,180,3,40381510
5138,60,309515,5510,655,0218,198,3,50305010
5139,50,555082,4010,554,0724,180,3,40589515
5140,60,555082,5510,665,0724,192,3,50589515
5141,50,555030,4010,554,0721,180,3,40751510
5142,30,656510,3090,353,0922,139,3,30101510
5143,50,403010,4010,554,0414,180,3,40382510
5144,30,651010,3090,351,0900,132,5,30102015
5145,30,657015,3090,353,0923,156,3,30103510
5146,30,656015,3090,353,0921,156,3,30102015
5147,30,656015,3020,353,0921,145,3,30102015
5148,30,656015,3090,353,0921,144,3,30102020
5149,30,656015,3090,353,0921,148,3,30102020
5150,50,654535,8590,551,0919,168,5,40894590
5151,60,654515,5510,655,0915,198,3,50891510
5152,30,656015,3020,353,0921,166,3,30102020
5153,60,654515,5510,655,0915,198,3,50891510
5154,60,654515,5510,655,0915,204,3,50891510
5155,30,654520,3090,353,0915,150,3,30103510
5156,50,654530,4510,554,0915,180,3,40751590
5157,60,654510,5510,655,0915,198,3,50894525
5158,60,653515,5510,655,0914,198,3,50893010
5159,60,654010,5510,655,0914,198,3,50891210
5160,60,602015,5510,655,0812,204,3,50804510
5161,60,653530,5510,655,0914,198,3,50894510
5162,50,553520,4010,554,0714,180,3,40582010
5163,50,601525,4010,554,0811,180,3,40801510
5164,50,601525,4010,554,0811,180,3,40801510
5165,60,654535,5010,645,0919,192,3,60909510
5166,60,652525,5510,655,0913,198,3,50893510
5167,60,652525,5510,655,0913,213,3,50893510
5168,60,652520,6010,655,0913,213,3,50893510
5169,60,652525,5510,655,0913,213,3,50893510
5170,60,652525,5510,655,0913,213,3,50893510
5171,60,652525,5510,655,0913,225,3,50893510
5172,60,652525,5510,655,0913,213,3,50893510
5173,60,652510,5510,655,0913,213,3,50892010
5174,50,553025,4010,554,0713,180,3,40582510
5175,60,652510,5510,655,0913,198,3,50892010
5176,60,653520,5510,655,0914,198,3,50894520
5177,50,655010,4010,554,0916,192,3,40894515
5178,60,652525,5510,655,0913,204,3,50893510
5179,60,652525,6010,651,0913,204,1,50893510
5180,70,652525,7010,747,0913,216,3,70904510
5181,60,652525,5510,655,0913,204,3,50893510
5182,30,751530,3020,353,1032,144,3,30156510
5183,30,801520,3090,353,1041,180,3,30901510
5184,50,801530,4510,554,1041,177,3,40859510
5185,30,801510,3090,353,1041,156,3,30901510
5186,30,801510,3090,353,1041,180,3,30901510
5187,60,801510,6010,655,1041,180,3,50859510
5188,60,801525,5510,655,1041,204,3,50852015
5189,60,554020,5510,655,0718,192,3,50583010
5190,60,801520,5510,655,1041,180,3,50851510
5191,60,801525,5510,655,1041,210,3,50852010
5192,60,801525,5510,655,1041,174,3,50852015
5193,60,801525,5510,655,1041,186,3,50852015
5194,60,801525,5510,655,1041,204,3,50851510
5195,50,801520,4510,554,1041,192,3,40851510
5196,50,751520,4510,554,1032,168,3,40951510
5197,50,751520,4510,554,1032,180,3,40951510
5198,50,751515,4510,554,1032,192,3,40951010
5199,50,751520,4510,554,1032,192,3,40951510
5200,30,403510,3090,353,0415,162,3,30154510
5201,30,403510,3090,353,0415,156,3,30154510
5202,30,403510,3090,353,0415,156,3,30154510
5203,50,553515,4010,554,0714,180,3,40582020
5204,70,302010,7010,747,0212,216,3,70305010
5205,30,751535,3090,353,1032,156,3,30154510
5206,30,751535,3090,353,1032,168,3,30154510
5207,30,751535,3090,353,1032,168,3,30154510
5208,30,751535,3090,353,1032,180,3,30154510
5209,30,751535,3090,353,1032,180,3,30154510
5210,60,453030,5510,655,0518,162,3,50751510
5211,60,601525,5510,655,0811,198,3,50802015
5212,70,501015,7010,747,0612,216,3,70593015
5213,70,553515,7020,747,0714,216,3,70593510
5214,70,501090,7020,747,0618,216,3,70593010
5215,30,803510,3090,353,1041,166,3,30654010
5216,70,553515,7020,747,0714,216,3,70593510
5217,70,553520,7020,747,0714,216,3,70593010
5218,70,501090,7020,747,0618,216,3,70593010
5219,70,501090,7020,747,0618,216,3,70593010
5220,50,801520,4510,554,1041,162,3,40851510
5221,60,554020,5510,655,0718,210,3,50583010
5222,60,601525,5510,655,0811,198,3,50802015
5223,60,801525,5510,655,1041,222,3,50852020
5224,60,801525,5510,655,1041,222,3,50852020
5225,60,801525,5510,655,1041,228,3,50852020
5226,60,801520,5510,655,1041,197,3,50851510
5227,60,601525,5510,655,0811,198,3,50802015
5228,60,801525,5510,655,1041,221,3,50852020
5229,60,801525,5510,655,1041,225,3,50852020
5230,30,603010,2590,344,0821,144,1,35201010
5231,50,309510,4010,554,0218,180,3,40585010
5232,50,309510,4010,554,0218,180,3,40585010
5233,50,309510,4010,554,0218,180,3,40585010
5234,50,309510,4010,554,0218,180,3,40585010
5235,50,309510,4010,554,0218,180,3,40585010
5236,70,553520,7020,747,0714,216,3,70596510
5237,70,554015,7020,747,0718,216,3,70593010
5238,50,552510,4010,554,0712,180,3,40583510
5239,70,552510,7010,747,0712,216,3,70595510
5240,70,552015,7020,747,0711,216,3,70591520
5241,70,453030,7020,747,0518,216,3,70591520
5242,70,553520,7020,747,0714,216,3,70593010
5243,70,573020,7020,747,0715,216,3,70595010
5244,70,554015,7010,747,0718,216,3,70599530
5245,70,453030,7010,747,0518,216,3,70591515
5246,60,751515,5510,655,1032,192,3,50952010
5247,60,501095,5520,655,0618,198,3,50585020
5248,60,552015,5520,655,0711,198,3,50584510
5249,70,553510,7020,747,0714,216,3,70593510
5250,60,553025,5520,655,0713,198,3,50582010
5251,60,553030,5520,655,0713,198,3,50582510
5252,60,582050,5520,655,0732,198,3,50581515
5253,60,582050,5520,655,0732,198,3,50581515
5254,60,581010,5520,655,0730,198,3,50581515
5255,60,581010,5520,655,0730,198,3,50581515
5256,60,554015,5520,655,0718,198,3,50589510
5257,60,553510,5520,655,0714,198,3,50582010
5258,60,553520,5520,655,0714,198,3,50582010
5259,60,553520,5520,655,0714,198,3,50582010
5260,50,601525,4010,554,0811,180,3,40801510
5261,30,802515,3020,353,1041,174,3,30652010
5262,30,575010,3020,354,0722,150,3,30555010
5263,30,555084,3020,354,0728,174,3,30403020
5264,30,802010,3020,354,1041,162,3,30651515
5265,70,654535,7010,747,0919,216,3,70909510
5266,60,553030,5520,655,0713,198,3,50581515
5267,60,501095,5520,655,0618,198,3,50582010
5268,60,554015,5520,655,0718,198,3,50381010
5269,60,553520,5520,655,0714,198,3,50582010
5270,60,552015,5520,655,0711,198,3,50584510
5271,70,501090,7020,747,0618,216,3,70593015
5272,70,552510,7020,747,0712,216,3,70595510
5273,70,453030,7020,747,0518,216,3,70591515
5274,70,455515,7020,747,0532,216,3,70596510
5275,60,552015,5520,655,0711,198,3,50584510
5276,60,573020,5520,655,0715,198,3,50583015
5277,60,573020,5520,655,0715,198,3,50583015
5278,60,555070,5520,655,0723,198,3,50585015
5279,60,554510,5520,655,0719,198,3,50589530
5280,60,573020,5520,655,0715,198,3,50582020
5281,60,501090,5520,655,0618,198,3,50582010
5282,60,552015,5520,655,0711,198,3,50584510
5283,60,582060,5520,655,0738,198,3,50589520
5284,60,551510,5510,655,0710,198,3,50593510
5285,70,354510,7010,747,0318,216,3,70392510
5286,70,554015,7020,747,0718,216,3,70596510
5287,30,702515,3020,354,1013,171,3,30203510
5295,50,603510,4010,554,0831,180,3,40751510
5298,30,551510,2590,344,0710,156,1,35201010
5299,30,551510,2590,344,0710,156,1,35201010
5300,60,581010,6020,655,0730,192,3,50592510
5301,60,581010,6020,655,0730,192,3,50592510
5302,60,581010,6020,655,0730,192,3,50592510
5303,60,581010,6020,655,0730,192,3,50592510
5304,60,582060,6020,655,0738,192,3,50592510
5305,60,553520,6020,655,0714,192,3,50593510
5306,60,553030,6020,655,0713,192,3,50594015
5307,60,553510,6020,655,0714,192,3,50593510
5308,60,501090,5520,655,0618,198,3,50589510
5309,60,453015,5520,655,0518,198,3,50751510
5310,60,573020,6020,655,0715,192,3,50595010
5311,60,573020,6020,655,0715,192,3,50595010
5312,60,573020,6020,655,0715,192,3,50595010
5313,60,574030,6020,655,0716,192,3,50595010
5314,60,573020,6020,655,0715,192,3,50595010
5315,60,551010,6020,655,0700,192,3,50597010
5316,60,573020,6020,655,0715,204,3,50595010
5317,60,573020,6020,655,0715,204,3,50595010
5318,60,573020,6020,655,0715,204,3,50595010
5319,60,573020,6020,655,0715,192,3,50595010
5320,60,574030,6020,655,0716,192,3,50595010
5321,60,574030,6020,655,0716,204,3,50595010
5322,60,574030,6020,655,0716,204,3,50595010
5323,60,574030,6020,655,0716,204,3,50595010
5324,60,271530,5510,655,0211,198,3,50244010
5325,60,551510,6020,655,0710,192,3,50591010
5326,60,554015,5510,655,0718,198,3,50585020
5327,60,554015,5520,655,0718,210,3,50589510
5328,60,554015,5520,655,0718,198,3,50589510
5329,60,555086,5520,655,0728,198,3,50585020
5330,60,552015,6020,655,0711,192,3,50591520
5331,60,554015,5520,655,0718,210,3,50589530
5332,60,551510,5520,655,0710,198,3,50581010
5333,60,573020,5520,655,0715,198,3,50583015
5334,60,553030,5520,655,0713,198,3,50582510
5335,60,581010,5520,655,0730,198,3,50581515
5336,60,551010,5520,655,0700,198,3,50585020
5337,60,553510,5520,655,0714,198,3,50582020
5338,60,553520,5520,655,0714,198,3,50582010
5339,60,552015,5520,655,0711,198,3,50584510
5340,60,555070,5520,655,0723,198,3,50585015
5341,60,501015,6020,655,0612,198,3,50593010
5342,60,453015,6020,655,0518,198,3,50751010
5343,60,501090,5520,655,0618,198,3,50582010
5344,60,501015,5520,655,0612,198,3,50582015
5345,60,582060,5520,655,0738,204,3,50581515
5346,60,581510,5520,655,0731,198,3,50581515
5347,60,553025,5520,655,0713,198,3,50582510
5348,60,582050,5520,655,0732,198,3,50581515
5349,60,501095,6020,655,0618,198,3,50593010
5350,60,581010,6020,655,0730,198,3,50592510
5351,60,581010,6020,655,0730,198,3,50592510
5352,60,553510,6020,655,0714,198,3,50593510
5353,60,553030,6020,655,0713,198,3,50594015
5354,60,553510,6020,655,0714,198,3,50593510
5355,60,552015,6020,655,0711,198,3,50591520
5356,60,553025,6020,655,0713,198,3,50594015
5357,60,573020,6020,655,0715,198,3,50595010
5358,60,573020,6020,655,0715,198,3,50595010
5359,60,555082,5510,655,0724,204,3,50589515
5360,70,551510,7020,747,0710,216,3,70591010
5361,70,582050,7020,747,0732,216,3,70592510
5362,70,553510,7020,747,0714,216,3,70593510
5363,70,454010,7020,747,0531,216,3,70591520
5364,70,573020,7020,747,0715,216,3,70595010
5365,70,582050,7020,747,0732,216,3,70592510
5366,70,573020,7020,747,0715,216,3,70595010
5367,70,582050,7020,747,0732,216,3,70592510
5368,70,582055,7020,747,0732,216,3,70592510
5369,70,582050,7020,747,0732,216,3,70592515
5370,70,582050,7020,747,0732,216,3,70592510
5371,70,582050,7020,747,0732,216,3,70596510
5372,70,582050,7020,747,0732,216,3,70592510
5373,70,582050,7020,747,0732,216,3,70592515
5374,70,553515,7020,747,0714,216,3,70593510
5375,70,553030,7020,747,0713,216,3,70594015
5376,70,553510,7020,747,0714,216,3,70593510
5377,70,553520,7020,747,0714,216,3,70596510
5378,70,573020,7020,747,0715,216,3,70595010
5379,70,582050,7020,747,0732,216,3,70592515
5380,70,554010,7020,747,0718,216,3,70596020
5381,70,555082,7020,747,0724,216,3,70599520
5382,70,553520,7020,747,0714,216,3,70593010
5383,70,582050,7020,747,0732,216,3,70592510
5384,70,553020,7020,747,0713,216,3,70592510
5385,70,554015,7020,747,0718,216,3,70599515
5386,70,552510,7020,747,0712,216,3,70595510
5387,70,552510,7020,747,0712,216,3,70595510
5388,70,554015,7020,747,0718,216,3,70599515
5389,70,582050,7020,747,0732,216,3,70592510
5390,70,553520,7020,747,0714,216,3,70596510
5391,70,553025,7020,747,0713,216,3,70594015
5392,70,573020,7020,747,0715,216,3,70595010
5393,70,551510,7020,747,0710,216,3,70591010
5394,70,551510,7020,747,0710,216,3,70591010
5395,70,574030,7020,747,0716,216,3,70599530
5396,70,501090,7020,747,0618,216,3,70593010
5397,70,501090,7020,747,0618,216,3,70593010
5398,70,553520,7020,747,0714,216,3,70593010
5399,80,551510,8010,844,0710,252,3,80591010
5400,70,601530,7010,747,0811,216,3,70802010
5401,70,602510,7010,747,0818,216,3,70802015
5402,70,601530,7010,747,0811,216,3,70802010
5403,70,555015,7010,747,0721,216,3,70752515
5404,70,602510,7010,747,0818,216,3,70802015
5405,60,554015,5520,655,0718,210,3,50589530
5406,70,453015,7010,747,0518,216,3,70752510
5407,60,501095,5520,655,0618,198,3,50582010
5408,70,602035,7010,747,0812,216,3,70804510
5409,70,581525,7010,747,0731,216,3,70804510
5410,70,601530,7010,747,0811,216,3,70804010
5411,60,553030,5520,655,0713,198,3,50581515
5412,70,603015,7010,747,0821,216,3,70803510
5413,70,581515,7010,747,0731,216,3,70594510
5414,70,453015,7010,747,0518,216,3,70752510
5415,70,604015,7010,747,0841,222,3,70803010
5416,80,604015,8010,844,0841,252,3,80803010
5417,80,602515,8010,844,0818,252,3,80801010
5419,70,552510,7010,747,0712,216,3,70805010
5420,70,354520,7010,747,0318,216,3,70805090
5421,70,552510,7010,747,0712,216,3,70805090
5422,70,601530,7010,747,0811,216,3,70804010
5423,70,603015,7010,747,0821,216,3,70805090
5424,60,554015,5520,655,0718,198,3,50589510
5425,70,453010,7010,747,0518,216,3,70902510
5426,60,402510,5510,655,0413,198,3,50382510
5427,80,453010,8010,844,0518,252,3,80902510
5428,70,453510,7010,747,0528,216,3,70802010
5429,60,452515,5520,655,0512,198,3,50584510
5430,70,654530,7010,747,0915,216,3,70759510
5431,60,651510,5510,655,0911,180,3,50894010
5432,50,651515,4010,554,0911,180,3,40894010
5433,70,651520,7010,747,0911,216,3,70905510
5434,60,651510,5510,655,0911,192,3,50894010
5435,80,651520,8010,844,0911,252,3,80905510
5436,60,555086,5520,655,0728,198,3,50585020
5437,60,271525,5510,655,0211,204,3,50244010
5438,60,271525,5510,655,0211,198,3,50244010
5439,60,554015,5520,655,0718,198,3,50589530
5440,60,203510,5510,655,0113,204,3,50202010
5441,60,203510,6010,655,0113,198,3,50202010
5442,60,553030,5520,655,0713,198,3,50581515
5443,30,656510,3090,353,0922,144,3,30101510
5444,60,656515,5510,655,0922,198,3,50201510
5445,60,656515,5510,655,0922,168,3,50201510
5446,60,554510,5520,655,0719,198,3,50589530
5447,60,656515,5510,655,0922,168,3,50201510
5448,70,601530,7010,747,0811,216,3,70804010
5449,70,601530,7010,747,0811,216,3,70804010
5450,60,654530,5510,655,0915,198,3,50752010
5451,60,654530,6010,655,0915,210,3,50894590
5452,70,552510,7010,747,0712,216,3,70805010
5453,70,453015,7010,747,0518,216,3,70759510
5454,70,581525,7010,747,0731,216,3,70804510
5455,70,601010,7010,747,0800,216,3,70801010
5456,60,751525,5510,655,1032,198,3,50589530
5457,60,453015,5510,655,0518,198,3,50751510
5458,60,555015,5510,655,0721,204,3,50751510
5459,60,453030,5510,655,0518,198,3,50751510
5460,60,654530,5510,655,0915,198,3,50752010
5461,60,355510,6010,544,0322,192,3,50253510
5462,60,355510,6010,645,0322,204,3,50253510
5463,60,355520,5010,645,0322,192,3,60253510
5464,80,355510,8010,844,0322,240,3,80253510
5465,70,355520,7010,747,0322,216,3,70253510
5466,70,554015,7020,747,0718,216,3,70599530
5467,60,355510,6010,655,0322,198,3,50253510
5468,70,355510,7010,747,0322,216,3,70253510
5469,60,654530,5510,655,0915,198,3,50894590
5470,70,581510,7010,747,0731,216,3,70301510
5471,60,355510,6010,655,0322,198,3,50253510
5472,60,501090,5510,655,0618,198,3,50582015
5473,60,404015,5510,655,0416,198,3,50382510
5474,70,351010,7010,747,0300,216,3,70391010
5475,60,501015,5510,655,0612,198,3,50582015
5476,60,703015,5510,655,1015,198,3,50383010
5477,60,309515,8540,655,0218,168,3,50305010
5478,60,271525,5510,655,0211,192,3,50242010
5479,60,271525,5510,655,0211,192,3,50242010
5480,80,581510,8010,844,0731,252,3,80301510
5481,60,271525,5510,655,0211,192,3,50242010
5482,60,271525,5510,655,0211,192,3,50242010
5483,60,271525,5510,655,0211,192,3,50242010
5484,60,582060,5520,655,0738,198,3,50589520
5485,60,271525,5510,655,0211,192,3,50242010
5486,60,271520,5510,655,0211,192,3,50244010
5487,60,271520,5510,655,0211,198,3,50244010
5488,60,501015,5510,655,0612,198,3,50582015
5489,60,403010,5510,655,0414,198,3,50382510
5490,60,402010,5510,655,0412,222,3,50382010
5491,60,703510,5510,655,1018,198,3,50381510
5492,60,403010,5510,655,0414,198,3,50382510
5493,50,255425,9510,541,0231,156,5,40259015
5494,60,309515,5510,655,0218,198,3,50305010
5495,50,255615,9510,541,0231,156,5,40259015
5496,50,255410,9510,541,0231,156,5,40259015
5497,60,309515,5510,655,0218,198,3,50305010
5498,60,257610,6010,655,0231,180,3,50258015
5499,60,409030,5510,655,0418,198,3,50244010
5500,60,401515,5510,655,0411,198,3,50381510
5501,60,654530,5510,655,0915,198,3,50752010
5502,60,654530,5510,655,0915,198,3,50752010
5503,60,271525,5510,655,0211,192,3,50242010
5504,60,453015,5510,655,0518,198,3,50751510
5508,60,257610,9510,651,0231,168,3,50259020
5509,60,453015,5510,655,0518,198,3,50751510
5511,60,257425,9510,651,0231,180,3,50259010
5512,60,257430,9510,651,0231,180,3,50259010
5513,60,257420,9510,651,0231,180,3,50259010
5514,60,257435,9510,651,0231,180,3,50259010
5515,60,257415,9510,651,0231,180,3,50259010
5516,60,257410,9510,651,0231,180,3,50259010
5517,60,257486,9510,651,0231,180,3,50259010
5518,60,257484,9510,651,0231,180,3,50259010
5519,60,257488,9510,651,0231,180,3,50259010
5520,60,257470,9510,651,0231,180,3,50259010
5521,60,257450,9510,651,0231,180,3,50259010
5522,60,257490,9510,651,0231,180,3,50259010
5523,60,257492,9510,651,0231,180,3,50259010
5524,60,257475,9510,651,0231,180,3,50259010
5525,60,257455,9510,651,0231,180,3,50259010
5526,60,257482,9510,651,0231,180,3,50259010
5527,60,257465,9510,651,0231,180,3,50259010
5528,60,257445,9510,651,0231,180,3,50259010
5529,60,257480,9510,651,0231,180,3,50259010
5530,60,257460,9510,651,0231,180,3,50259010
5531,60,257440,9510,651,0231,180,3,50259010
5532,70,257210,7010,747,0231,204,3,70397010
5533,70,257225,7010,747,0231,204,3,70397010
5534,70,257215,7010,747,0231,204,3,70397010
5535,70,257220,7010,747,0231,204,3,70397010
5536,70,257245,7010,747,0231,204,3,70397010
5537,70,257240,7010,747,0231,216,3,70397010
5540,60,553510,5520,655,0714,198,3,50582010
5541,60,257494,9510,651,0231,180,3,50259010
5542,60,257494,9510,651,0231,180,3,50259010
5543,60,257494,9510,651,0231,180,3,50259010
5544,70,453030,7020,747,0518,216,3,70591515
5545,60,257494,9510,651,0231,180,3,50259010
5546,60,257494,9510,651,0231,180,3,50259010
5547,60,257494,9510,651,0231,180,3,50259010
5550,60,257610,8540,655,0231,180,3,50258215
5551,60,257210,8540,655,0231,180,3,50258215
5552,60,257225,8540,655,0231,180,3,50258215
5553,60,257230,8540,655,0231,180,3,50258215
5554,70,553515,7020,747,0714,216,3,70593510
5555,60,257235,8540,655,0231,180,3,50258215
5556,60,257220,8540,655,0231,180,3,50258215
5557,60,257215,8540,655,0231,180,3,50258215
5561,60,257425,8540,655,0231,192,3,50258210
5562,60,257415,8540,655,0231,192,3,50258210
5563,60,257410,8540,655,0231,192,3,50258210
5564,60,257470,8540,655,0231,192,3,50258210
5565,60,257450,8540,655,0231,192,3,50258210
5566,60,257440,8540,655,0231,192,3,50258210
5569,60,554015,5520,655,0718,198,3,50589530
5571,70,257210,7010,747,0231,204,3,70258710
5572,70,257225,7010,747,0231,204,3,70258710
5575,60,257235,6010,655,0231,192,3,50259020
5576,70,257220,7010,747,0231,204,3,70258710
5577,70,257215,7010,747,0231,204,3,70258710
5578,70,257010,8550,757,0231,216,3,70257535
5579,60,501015,5510,655,0612,198,3,50582015
5580,80,257610,8010,844,0231,252,3,80258810
5581,60,257210,8540,655,0231,192,3,50258210
5582,60,257225,8540,655,0231,192,3,50258210
5583,60,257230,8540,655,0231,192,3,50258210
5586,60,257220,8540,655,0231,192,3,50258210
5587,60,257215,8540,655,0231,192,3,50258210
5588,70,553520,7020,747,0714,216,3,70593010
5589,70,258425,7010,747,0238,216,3,70258810
5590,70,258425,7010,747,0238,216,3,70258810
5591,70,257210,7010,747,0231,216,3,70258810
5592,70,257225,7010,747,0231,216,3,70258810
5593,70,257230,7010,747,0231,222,3,70258810
5594,70,258415,7010,747,0238,216,3,70258810
5595,70,257235,7010,747,0231,222,3,70258810
5596,70,257220,7010,747,0231,216,3,70258810
5597,70,257215,7010,747,0231,216,3,70258810
5598,70,257110,7010,747,0231,216,3,70258810
5599,70,257610,7010,747,0231,216,3,70258810
5600,60,304010,6010,651,0215,180,5,50306555
5602,60,304015,6010,651,0215,180,3,50306540
5603,60,304015,6010,655,0215,186,3,50306540
5606,60,409030,5010,645,0418,192,3,60396510
5607,60,304015,5030,645,0215,204,3,60306540
5608,70,304015,7010,747,0215,216,3,70306540
5609,70,304015,7010,747,0215,216,3,70306540
5611,80,304015,8010,844,0215,252,3,80306540
5612,70,602515,7010,747,0818,216,3,70805090
5614,60,553520,5020,645,0714,192,3,60593010
5615,80,304030,8010,844,0215,240,3,80306530
5616,70,304015,7010,757,0215,204,3,70306540
5618,80,304030,8010,844,0215,240,3,80306530
5619,80,304030,8010,844,0215,264,3,80306530
5620,80,304035,8010,844,0215,252,3,80306555
5621,70,258415,7010,747,0238,216,3,70258920
5622,70,258415,7010,747,0238,216,3,70258920
5623,70,258415,7010,747,0238,216,3,70258920
5624,70,258415,7010,747,0238,216,3,70258920
5629,60,551510,5520,645,0710,198,3,50589530
5630,50,257610,4510,554,0231,168,3,40258010
5631,50,257210,4510,554,0231,168,3,40258010
5632,50,257225,4510,554,0231,168,3,40258010
5633,50,257230,4510,554,0231,168,3,40258010
5634,60,554015,5510,655,0718,198,3,50585020
5635,50,257235,4510,554,0231,168,3,40258010
5636,50,257220,4510,554,0231,168,3,40258010
5637,50,257215,4510,554,0231,168,3,40258010
5650,60,555087,5510,655,0728,198,3,50585020
5651,60,409010,5010,645,0418,192,3,60396510
5652,70,405010,7010,747,0421,216,3,70396010
5653,70,409030,7010,747,0418,216,3,70396010
5654,60,409010,5010,645,0418,192,3,60396510
5655,60,501090,5520,655,0618,198,3,50582010
5656,60,409020,5010,645,0418,192,3,60396510
5657,70,501095,7010,747,0618,216,3,70396010
5658,70,409010,7010,747,0418,216,3,70396010
5661,60,409015,5010,645,0418,192,3,60396510
5662,70,257010,7010,747,0231,216,3,70396010
5663,60,409015,5010,645,0418,192,3,60396510
5666,60,409030,5010,645,0418,192,3,60396510
5667,70,409030,7010,747,0418,216,3,70396010
5670,60,257610,6010,655,0231,186,3,50258015
5671,60,257425,6010,655,0231,186,3,50258015
5672,60,257410,6010,655,0231,186,3,50258015
5673,60,257450,6010,655,0231,186,3,50258015
5674,60,257435,6010,655,0231,186,3,50258015
5675,60,257415,6010,655,0231,192,3,50258015
5676,60,257470,6010,655,0231,192,3,50258015
5677,60,257440,6010,655,0231,192,3,50258015
5678,60,257430,6010,655,0231,192,3,50258015
5679,60,257486,6010,655,0231,192,3,50258015
5680,70,257610,7010,747,0231,216,3,70258810
5681,60,257455,6010,655,0231,192,3,50258015
5682,60,257460,6010,655,0231,192,3,50258015
5683,60,355015,5510,655,0321,198,3,50244010
5684,60,255015,5510,655,0228,195,3,50202515
5685,60,409020,5510,655,0418,195,3,50382010
5686,60,409015,5510,655,0418,192,3,50244010
5687,60,402510,5510,655,0413,198,3,50382010
5688,60,308015,5030,655,0215,156,3,60304510
5689,60,308510,5030,655,0215,156,3,60304010
5690,60,308010,5030,655,0215,156,3,60303510
5691,60,308010,5030,655,0215,156,3,60303510
5692,60,308015,5030,645,0215,156,3,60303515
5693,60,308010,5030,645,0215,156,3,60303520
5694,60,308010,5030,645,0215,156,3,60303510
5695,60,257015,5510,655,0231,168,3,50243510
5696,60,308010,5030,645,0215,156,3,60303510
5697,60,309015,5030,645,0215,156,3,60301010
5698,60,308015,5030,655,0215,156,3,60306555
5699,60,651515,5510,655,0911,198,3,50894010
5700,60,401010,5010,645,0410,192,3,60396510
5701,60,409020,5010,645,0418,192,3,60396510
5702,60,409015,5010,645,0418,192,3,60396510
5703,70,401010,7010,747,0410,216,3,70396010
5704,60,409015,5010,645,0418,192,3,60396510
5705,80,401010,8010,844,0410,240,3,80395510
5706,60,703015,5510,655,1015,192,3,50383010
5707,60,401510,6010,655,0411,209,3,50391510
5708,70,401510,7010,747,0411,216,3,70391510
5709,60,402510,5010,645,0413,192,3,60396510
5710,60,401010,8540,651,0410,168,5,50384510
5711,60,409030,5010,645,0418,192,3,60396510
5712,60,409030,5010,645,0418,192,3,60396510
5713,60,402510,5010,645,0413,192,3,60396510
5714,60,402510,5010,645,0413,192,3,60396510
5715,60,703015,5510,655,1015,198,3,50381510
5716,60,409030,5010,645,0418,192,3,60396510
5717,70,409030,7010,747,0418,216,3,70396010
5718,60,409030,5010,645,0418,192,3,60396510
5719,60,403010,8540,655,0414,180,3,50384510
5720,60,402510,8540,655,0413,180,3,50384510
5721,60,403010,8540,655,0414,180,3,50384510
5722,60,402010,8540,655,0412,180,3,50384510
5723,60,402020,8540,655,0412,180,3,50384510
5724,60,402510,8540,655,0413,180,3,50384510
5725,60,401510,8540,655,0411,180,3,50384510
5726,60,403010,8540,655,0414,180,3,50384510
5727,60,402510,8540,655,0413,180,3,50384510
5728,60,409020,8540,655,0418,180,3,50384510
5729,60,401510,8540,655,0411,180,3,50384510
5730,60,402510,8540,655,0413,192,3,50384510
5731,60,401510,6010,651,0411,192,3,50391510
5732,60,402010,8540,655,0412,180,3,50384510
5733,60,409015,5010,645,0418,192,3,60258910
5734,60,409030,5010,645,0418,192,3,60395510
5735,60,355010,5510,655,0321,204,3,50242510
5736,60,355010,5510,655,0321,198,3,50243010
5737,70,402510,7010,747,0413,216,3,70391510
5738,70,501095,7010,747,0618,216,3,70356040
5739,70,501095,7010,747,0618,216,3,70356010
5740,70,202010,7010,747,0111,216,3,70203020
5741,70,209025,7010,747,0118,216,3,70203020
5742,70,202010,7010,747,0111,216,3,70203020
5743,70,209015,7010,747,0118,216,3,70203020
5744,70,209020,7010,747,0118,216,3,70203020
5745,80,202010,8010,844,0111,240,3,80203020
5746,60,202010,8540,655,0111,216,3,50203020
5747,60,209025,8540,655,0118,216,3,50203020
5748,60,209015,8540,655,0118,216,3,50203020
5749,60,209020,8540,655,0118,216,3,50203020
5750,70,751025,7510,757,1031,200,3,70952520
5751,70,402510,8550,757,0413,216,3,70395510
5752,70,402510,8550,757,0413,216,3,70391510
5753,70,402510,8550,757,0413,216,3,70391510
5754,70,655510,8550,757,0918,216,3,70903010
5755,60,751025,5510,655,1031,180,3,50952520
5756,70,402510,8550,757,0413,216,3,70391510
5757,70,352530,8550,757,0312,216,3,70393515
5758,70,354525,8550,757,0318,216,3,70253710
5759,70,501095,8550,757,0618,216,3,70253510
5761,70,751030,7510,757,1031,200,3,70952525
5762,70,751030,7510,757,1031,200,3,70952525
5763,70,751030,7510,757,1031,200,3,70952525
5764,60,402510,5010,645,0413,192,3,60396510
5766,60,751030,5510,655,1031,180,3,50952525
5767,60,751030,5510,655,1031,180,3,50952525
5768,60,751030,5510,655,1031,180,3,50952525
5769,60,201015,5010,645,0111,192,3,60391510
5770,70,751020,7510,757,1031,200,3,70952515
5771,70,751020,7510,757,1031,200,3,70952515
5772,70,751020,7510,757,1031,200,3,70952515
5773,70,751020,7510,757,1031,200,3,70952515
5774,70,501095,7010,747,0618,216,3,70356030
5776,60,751020,5510,655,1031,180,3,50952515
5777,60,751020,5510,655,1031,180,3,50952515
5778,60,751020,5510,655,1031,180,3,50952515
5779,70,402510,7010,747,0413,216,3,70391510
5780,60,401010,5010,645,0410,192,3,60396510
5781,60,409015,5010,645,0418,204,3,60396510
5782,70,409015,7010,747,0418,216,3,70396010
5783,60,402510,5010,645,0413,192,3,60396510
5784,70,402510,7010,747,0413,216,3,70391510
5785,70,409015,7010,747,0418,216,3,70396010
5786,70,409030,7010,747,0418,216,3,70396010
5787,70,409030,7010,747,0418,216,3,70396010
5788,70,402510,7010,747,0413,216,3,70391510
5789,70,402510,7010,747,0413,216,3,70391510
5790,60,257015,6010,651,0231,168,5,50243510
5791,60,257015,5510,655,0231,198,3,50243510
5792,70,355015,8550,757,0321,216,3,70395510
5793,70,258425,8550,757,0238,216,3,70258910
5794,70,201010,8550,757,0111,216,3,70203015
5795,70,501095,8550,757,0618,216,3,70593015
5796,70,201015,8550,757,0111,216,3,70203020
5797,60,409015,5010,645,0418,204,3,60396510
5798,70,501095,8550,757,0618,216,3,70593010
5799,60,409020,5510,655,0418,198,3,50382010
5801,60,271515,6010,655,0211,204,3,50303030
5802,60,271515,6010,655,0211,204,3,50303035
5803,60,271520,6010,655,0211,204,3,50303045
5804,60,271515,6010,655,0211,204,3,50303025
5805,60,271530,6010,655,0211,180,3,50303020
5806,60,271520,6010,655,0211,204,3,50303040
5807,60,271525,6010,655,0211,210,3,50303015
5808,60,271525,5510,655,0211,198,3,50303015
5809,70,302510,7010,747,0213,228,3,70302010
5810,70,302510,7010,747,0213,228,3,70302010
5811,70,302510,7510,747,0213,204,5,70302010
5812,70,302510,7010,747,0213,228,3,70302010
5813,60,302510,5010,645,0213,192,3,60302010
5814,60,403010,8540,655,0414,192,3,50384510
5816,60,271520,6010,655,0211,204,3,50303050
5817,60,271520,6010,655,0211,204,3,50303050
5818,60,402510,8540,655,0413,192,3,50384510
5819,60,253510,5010,645,0222,192,3,60306030
5820,70,302515,7010,747,0213,228,3,70302010
5821,70,302510,7010,747,0213,228,3,70302010
5822,70,302515,7010,747,0213,228,3,70302010
5823,70,302515,7010,747,0213,228,3,70302010
5824,70,302510,7010,747,0213,228,3,70302015
5825,70,302515,7010,747,0213,228,3,70302010
5826,60,253510,5010,645,0222,192,3,60306035
5827,60,253510,5010,645,0222,192,3,60306010
5828,60,253510,5010,645,0222,192,3,60306020
5829,60,253510,5010,645,0222,192,3,60306015
5830,50,253510,4010,554,0222,180,3,40589530
5831,60,253510,5010,645,0222,192,3,60306010
5832,70,253515,7010,747,0222,216,3,70306010
5833,60,253510,5010,645,0222,192,3,60306030
5834,60,253510,5010,645,0222,192,3,60306035
5836,60,253510,5010,645,0222,192,3,60306025
5837,60,253510,5010,645,0222,192,3,60306020
5838,60,253510,5010,645,0222,192,3,60306015
5839,80,253515,8010,844,0222,252,3,80306010
5840,70,253515,7010,747,0222,216,3,70306025
5841,70,253515,7010,747,0222,216,3,70306020
5842,70,253515,7010,747,0222,216,3,70306015
5843,70,253515,7010,747,0222,216,3,70306030
5844,70,253515,7010,747,0222,216,3,70306035
5846,60,308010,6010,655,0215,180,3,50303510
5847,60,308010,6010,655,0215,180,3,50303510
5848,60,308010,6010,655,0215,180,3,50303510
5849,60,308015,6010,655,0215,204,3,50303515
5850,60,308010,6010,655,0215,204,3,50303520
5851,60,309015,6010,645,0215,192,3,50301010
5852,60,308010,6010,655,0215,204,3,50303510
5853,80,304015,8010,844,0215,252,3,80306540
5854,60,402510,8540,655,0413,180,3,50384510
5855,60,308015,6010,655,0215,204,3,50304510
5856,60,308510,6010,655,0215,204,3,50304010
5857,60,308510,6010,651,0215,168,3,50304010
5858,70,308510,7010,747,0215,228,3,70304010
5859,60,308510,6010,655,0215,204,3,50304010
5860,60,751025,5510,655,1031,186,3,50952520
5865,60,751030,5510,655,1031,204,3,50952525
5866,60,751030,5510,655,1031,189,3,50952525
5867,60,751030,5510,655,1031,189,3,50952525
5868,60,751030,5510,655,1031,189,3,50952525
5869,60,751030,5510,655,1031,189,3,50952525
5870,60,751020,5510,655,1031,186,3,50952515
5871,60,751020,5510,655,1031,186,3,50952515
5872,60,751020,5510,655,1031,186,3,50952515
5873,60,751015,5510,655,1031,180,3,50952530
5874,30,751015,3090,353,1031,126,3,30902010
5875,70,751020,7510,757,1031,205,3,70952515
5876,30,751025,3090,353,1031,131,3,30902010
5877,70,751020,7510,757,1031,205,3,70952515
5878,30,751030,3090,353,1031,128,3,30902010
5879,30,751020,3090,353,1031,129,3,30902010
5880,70,751025,7510,757,1031,203,3,70952520
5881,30,403010,2590,344,0414,156,1,35201010
5882,30,603010,2590,344,0821,156,1,35201010
5883,30,602015,2590,344,0812,156,1,35201010
5884,30,801510,2590,344,1041,156,1,35201010
5885,70,751030,7510,757,1031,216,3,70952525
5886,70,751030,7510,757,1031,207,3,70952525
5887,60,271520,5510,645,0211,198,3,50244010
5888,60,403010,5510,655,0414,198,3,50381010
5889,70,751030,7510,757,1031,207,3,70952525
5890,70,751020,7510,757,1031,192,3,70952515
5891,60,573020,5520,655,0715,198,3,50583015
5892,70,501090,7020,747,0618,216,3,70593010
5893,60,271515,6010,655,0211,204,3,50303040
5894,70,553520,7020,747,0714,216,3,70593010
5895,50,304015,9510,554,0215,204,3,40306555
5896,60,501090,5510,655,0618,198,3,50593010
5897,70,308510,7010,747,0215,180,3,70304010
5898,70,308015,7010,747,0215,180,3,70307010
5899,60,304015,5010,645,0215,204,3,60306540
5900,70,304010,7010,747,0215,216,3,70306540
5901,70,304015,7010,747,0215,216,3,70306540
5902,70,304015,7010,747,0215,216,3,70306540
5903,70,304040,7010,747,0215,216,3,70306550
5904,50,304045,4510,554,0215,156,3,40306555
5905,60,304015,5010,645,0215,204,3,60306540
5906,70,304015,7010,747,0215,216,3,70306540
5907,60,304015,5010,645,0215,204,3,60306540
5908,60,304015,5010,645,0215,204,3,60306540
5909,70,304040,7010,747,0215,216,3,70306550
5910,50,501090,4010,554,0618,180,3,40589530
5911,60,304045,5010,645,0215,192,3,60306515
5912,60,304045,5010,645,0215,192,3,60306510
5913,70,304015,7010,747,0215,216,3,70306540
5914,60,304015,5030,655,0215,204,3,50306540
5915,60,304015,5030,655,0215,204,3,50306540
5916,70,304015,7010,747,0215,216,3,70306540
5917,70,304015,7010,757,0215,216,3,70306540
5918,70,304015,7010,747,0215,216,3,70306540
5919,80,304015,8010,844,0215,240,3,80306540
5921,60,304015,5030,655,0215,204,3,50306540
5922,70,304015,7010,747,0215,216,3,70306540
5923,60,304045,6010,645,0215,204,3,60306520
5924,70,304015,7010,747,0215,216,3,70306540
5925,70,304015,7010,747,0215,216,3,70306540
5926,70,304015,7010,757,0215,180,3,70306540
5927,60,304020,5010,645,0215,192,3,60306540
5928,60,304015,5010,645,0215,192,3,60306540
5929,70,304020,7010,747,0215,192,3,70306540
5930,60,501090,5520,655,0618,198,3,50593010
5931,60,258415,5010,645,0238,192,3,60258920
5932,60,258410,5010,645,0238,192,3,60258915
5933,60,258410,5010,645,0238,192,3,60258915
5934,60,258410,5010,645,0238,192,3,60258915
5935,60,258410,5010,645,0238,192,3,60258915
5936,60,258415,5010,645,0238,192,3,60258920
5937,60,258415,5010,645,0238,192,3,60258920
5938,60,258415,5010,645,0238,192,3,60258920
5939,60,258415,5010,645,0238,192,3,60258920
5940,60,258425,5010,645,0238,192,3,60258910
5941,60,258425,5010,645,0238,192,3,60258910
5942,60,258425,5010,645,0238,192,3,60258910
5943,60,258425,5010,645,0238,192,3,60258910
5944,60,258425,5010,645,0238,192,3,60258910
5945,60,258425,5010,645,0238,192,3,60258910
5946,60,258425,5010,645,0238,192,3,60258910
5947,60,409015,5010,645,0418,192,3,60258910
5948,60,355015,5010,645,0321,192,3,60253510
5949,60,258425,5010,645,0238,192,3,60258910
5950,60,257610,5010,645,0231,192,3,60258510
5951,60,257425,5010,645,0231,192,3,60258510
5952,60,257430,5010,645,0231,192,3,60258510
5953,60,257435,5010,645,0231,192,3,60258510
5954,60,257415,5010,645,0231,192,3,60258510
5955,60,257410,5010,645,0231,192,3,60258510
5956,60,257486,5010,645,0231,192,3,60258510
5957,60,257470,5010,645,0231,192,3,60258510
5958,60,257450,5010,645,0231,192,3,60258510
5959,60,257455,5010,645,0231,192,3,60258510
5960,60,257460,5010,645,0231,192,3,60258510
5961,60,257440,5010,645,0231,192,3,60258510
5962,70,257210,7010,747,0231,216,3,70397010
5963,70,257225,7010,747,0231,216,3,70397010
5964,70,257215,7010,747,0231,216,3,70397010
5965,70,257220,7010,747,0231,216,3,70397010
5966,70,257245,7010,747,0231,222,3,70397010
5967,70,257240,7010,747,0231,222,3,70397010
5968,70,257250,7010,747,0231,216,3,70397010
5969,70,703015,7010,747,1015,216,3,70397010
5970,60,258420,5010,645,0238,192,3,60258920
5971,60,258420,5010,645,0238,192,3,60258920
5972,60,258420,5010,645,0238,192,3,60258920
5973,60,258420,5010,645,0238,192,3,60258920
5974,60,258420,5010,645,0238,192,3,60258920
5975,60,258420,5010,645,0238,192,3,60258920
5976,60,258415,5010,645,0238,192,3,60258920
5977,60,258415,5010,645,0238,192,3,60258920
5978,60,258415,5010,645,0238,192,3,60258920
5979,60,258415,5010,645,0238,192,3,60258920
5980,60,703510,5010,645,1018,192,3,60397010
5981,60,257250,5010,645,0231,204,3,60397010
5982,60,257210,5010,645,0231,192,3,60397010
5983,60,257225,5010,645,0231,192,3,60397010
5984,60,257215,5010,645,0231,192,3,60397010
5985,60,257220,5010,645,0231,192,3,60397010
5986,60,257245,5010,645,0231,198,3,60397010
5987,60,257240,5010,645,0231,198,3,60397010
5988,60,258410,5010,645,0238,192,3,60258510
5989,60,703015,5010,645,1015,192,3,60397010
5990,60,258425,5010,645,0238,192,3,60258910
5991,60,258410,5010,645,0238,192,3,60258915
5992,60,403010,5010,645,0414,192,3,60258910
5993,60,355015,5010,645,0321,192,3,60253010
5994,60,257480,5010,645,0231,192,3,60258510
5995,60,304015,6010,645,0215,204,3,60306540
5996,70,304015,7010,747,0215,216,3,70306540
5997,60,551010,5520,655,0700,198,3,50591010
5998,60,553025,5520,655,0713,198,3,50582510
5999,60,554015,5520,655,0718,198,3,50589530
6000,70,202010,9510,741,0111,0,5,70203020
6001,60,351010,9510,641,0300,168,5,60391010
6002,60,451010,9510,641,0500,168,5,60351010
6003,60,202010,9510,641,0111,168,5,60203020
6004,60,304015,9510,641,0215,168,5,60252625
6005,60,351010,9510,641,0300,168,5,60391010
6006,60,451010,9510,641,0500,168,5,60351010
6007,60,202010,9510,641,0111,168,5,60203020
6008,60,304010,9510,641,0215,168,5,60252625
6011,70,351010,7010,747,0300,216,3,70391010
6012,70,655510,7010,747,0918,216,3,70394525
6013,70,655510,7010,747,0918,216,3,70394525
6014,70,655510,7010,747,0918,216,3,70394525
6015,70,655510,7010,747,0918,216,3,70394525
6016,70,655510,7010,747,0918,216,3,70394525
6017,60,501095,5010,645,0618,192,3,60356030
6018,60,258415,5010,645,0238,192,3,60258920
6019,70,202010,7510,757,0111,213,3,70203020
6020,50,304045,4510,554,0215,156,3,40306555
6021,50,304045,4510,554,0215,144,2,40306555
6022,30,304045,3090,353,0215,144,3,30902510
6023,30,304045,3090,353,0215,144,2,30901010
6024,30,304045,3090,353,0215,144,3,30902510
6025,30,304045,3090,353,0215,144,3,30902510
6026,50,304045,4510,554,0215,156,3,40306555
6027,60,304045,8540,665,0215,156,3,50306555
6028,70,202010,7510,757,0111,219,3,70203020
6029,70,654525,7010,747,0915,216,3,70254210
6030,60,654525,5010,645,0915,192,3,60254210
6031,70,654525,7010,747,0915,216,7,70254210
6032,70,255210,7010,747,0231,216,3,70256510
6033,70,501025,7010,747,0618,216,3,70356010
6034,70,454010,7010,747,0531,216,3,70354710
6035,70,454010,7010,747,0531,216,3,70354710
6036,70,457510,7010,747,0541,216,3,70355010
6037,70,457510,7010,747,0541,216,3,70355010
6038,70,355015,7010,747,0321,216,3,70253010
6039,70,257810,7010,747,0232,216,3,70255210
6040,60,352510,5010,645,0312,192,3,60392515
6041,70,254510,7010,747,0223,216,3,70252010
6042,70,252010,7010,747,0222,216,3,70252210
6043,70,355010,7010,747,0321,216,3,70253210
6044,70,409020,7010,747,0418,204,3,70396010
6045,60,258415,5010,645,0238,192,3,60258920
6046,60,258415,5010,645,0238,192,3,60258920
6047,60,258415,5010,645,0238,192,3,60258920
6048,60,258415,5010,645,0238,192,3,60258920
6049,70,353010,7010,747,0313,216,3,70394010
6050,60,501095,5010,645,0618,192,3,60356035
6051,60,501095,5010,645,0618,192,3,60356025
6052,70,652525,7010,747,0913,216,3,70904510
6053,70,401010,7010,747,0410,204,3,70396010
6054,70,401010,7010,747,0410,216,3,70396010
6055,70,501095,7010,747,0618,216,3,70356035
6061,70,652525,7010,747,0913,216,3,70904510
6062,70,582050,7020,747,0732,216,3,70592510
6064,70,573020,7020,747,0715,216,3,70595010
6065,70,501090,7020,747,0618,216,3,70593010
6071,70,255015,7010,747,0228,198,7,70251010
6072,70,255015,7010,747,0228,216,3,70251010
6076,70,354525,7010,747,0318,198,7,70391010
6077,70,354525,7010,747,0318,216,3,70391010
6081,70,554015,9510,747,0718,198,3,70591010
6082,70,554015,7010,747,0718,216,3,70591010
6083,60,501025,5010,645,0618,192,3,60356010
6084,60,501025,5010,645,0618,192,3,60356010
6086,70,451010,9510,747,0500,198,3,70351010
6087,70,451010,7010,747,0500,216,3,70351010
6100,70,352010,7010,747,0312,216,3,70393515
6101,60,451010,5010,641,0500,180,5,60351010
6102,60,251010,5010,645,0220,180,5,60251010
6103,60,351010,5010,641,0300,180,5,60391010
6104,70,451010,7010,741,0500,180,5,70351010
6105,70,251010,7010,741,0220,180,5,70251010
6106,70,351010,7010,741,0300,180,5,70391010
6107,60,355015,5010,645,0321,192,3,60253010
6108,60,355015,5010,645,0321,192,3,60253010
6109,60,355015,5010,645,0321,192,3,60253010
6110,60,355015,5010,645,0321,192,3,60253010
6111,70,352530,7010,747,0312,198,7,70391510
6112,70,354520,7010,747,0318,216,3,70393515
6113,70,402510,7010,747,0413,198,7,70391510
6114,70,354510,7010,747,0318,216,3,70805020
6115,60,354515,5010,645,0318,192,3,60253015
6116,60,354515,5010,645,0318,192,3,60253015
6117,60,354515,5010,645,0318,192,3,60253015
6118,60,354515,5010,645,0318,192,3,60253015
6119,70,452015,7010,747,0512,216,3,70352020
6120,70,703015,7010,747,1015,216,3,70254010
6121,70,501095,7010,747,0618,198,7,70356010
6122,70,351510,7010,747,0311,216,3,70395010
6125,70,703015,7010,747,1015,198,7,70254010
6126,70,352520,7010,747,0312,198,7,70392510
6127,70,452015,7010,747,0512,198,7,70352020
6128,70,451515,7010,747,0511,198,7,70351715
6129,70,452010,7010,747,0512,198,7,70351510
6130,70,451510,7010,747,0511,198,7,70351710
6131,70,451510,7010,747,0511,216,3,70351710
6132,70,501025,7010,747,0618,198,7,70356010
6133,70,352010,7010,747,0312,198,7,70393510
6134,70,354525,7010,747,0300,216,3,70391010
6135,70,457010,7010,747,0533,198,7,70353015
6136,70,455010,7010,747,0532,198,7,70353710
6137,70,352510,7010,747,0312,198,7,70392515
6138,70,454010,7010,747,0531,198,7,70354710
6139,70,457510,7010,747,0541,198,7,70355010
6140,70,353010,7010,747,0313,198,7,70394010
6141,70,402510,7010,747,0413,198,7,70391510
6142,70,354015,7010,747,0314,198,7,70393515
6143,70,355015,7010,747,0321,198,7,70253010
6144,70,352520,7010,747,0312,198,7,70392510
6145,70,201015,7010,747,0111,198,7,70203020
6146,70,254510,7010,747,0223,198,7,70252010
6147,70,355010,7010,747,0321,198,7,70253210
6148,70,354515,7010,747,0318,198,7,70253015
6149,70,354510,7010,747,0318,198,7,70805020
6150,70,402510,7010,747,0413,198,7,70391510
6151,60,351010,9510,641,0300,180,5,60391010
6152,60,251010,9510,641,0220,180,5,60251010
6153,70,354035,7010,747,0314,198,7,70394525
6154,60,703015,5010,645,1015,192,3,60254010
6155,60,703015,5010,645,1015,192,3,60254010
6156,60,703015,5010,645,1015,192,3,60254010
6157,60,703015,5010,645,1015,192,3,60254010
6158,70,352520,7010,747,0312,216,3,70392510
6159,70,354515,7010,747,0318,216,3,70253015
6160,70,355015,7010,747,0321,216,3,70253010
6161,60,981030,5010,645,9999,0,5,60971010
6162,60,981030,5010,645,9999,0,5,60971010
6163,60,655510,5010,645,0918,192,3,60394525
6164,60,655510,5010,645,0918,192,3,60394525
6165,60,655510,5010,645,0918,192,3,60394525
6166,60,655510,5010,645,0918,192,3,60394525
6167,70,703015,7010,747,1015,216,3,70254010
6168,70,703015,7010,747,1015,216,3,70254010
6169,70,703015,7010,747,1015,216,3,70254010
6170,70,703015,7010,747,1015,216,3,70254010
6171,70,402510,7010,747,0413,216,3,70391510
6172,70,402510,7010,747,0413,216,3,70391510
6173,70,402510,7010,747,0413,216,3,70391510
6174,70,402510,7010,747,0413,216,3,70391510
6175,70,355015,7010,747,0321,216,3,70253010
6176,70,355015,7010,747,0321,216,3,70253010
6177,70,355015,7010,747,0321,216,3,70253010
6178,70,355015,7010,747,0321,216,3,70253010
6179,70,355015,7010,747,0321,216,3,70253010
6181,70,202010,9510,741,0111,180,5,70203020
6182,70,251010,9510,741,0220,180,5,70251010
6183,70,301010,9510,741,0210,180,5,70251010
6184,70,351010,9510,741,0300,180,5,70391010
6185,70,451010,9510,741,0500,180,5,70351010
6186,70,354510,7010,747,0318,216,3,70805020
6187,70,354510,7010,747,0318,216,3,70805020
6188,70,354510,7010,747,0318,216,3,70805020
6189,70,354510,7010,747,0318,216,3,70805020
6200,70,602515,7010,747,0818,216,3,70804010
6201,60,581510,5010,645,0731,192,3,60301510
6202,70,581510,7010,747,0731,216,3,70301510
6203,60,581510,5010,645,0731,192,3,60301510
6204,70,581510,7010,747,0731,216,3,70301510
6205,60,302010,5010,645,0212,192,3,60305010
6206,70,302010,7010,747,0212,216,3,70305010
6235,70,453015,7010,747,0518,216,3,70752510
6242,60,573020,5020,645,0715,192,3,60595010
6243,70,553520,7020,747,0714,192,3,70593010
6244,70,555090,7020,747,0728,216,3,70597010
6245,70,554015,7020,747,0718,192,3,70599515
6246,70,554510,7020,747,0719,216,3,70592010
6247,70,555090,7020,747,0728,216,3,70597010
6248,70,554510,7020,747,0719,216,3,70592010
6260,70,501095,7010,747,0618,216,3,70356040
6261,70,501095,7010,747,0618,216,3,70356040
6262,70,501095,7010,747,0618,216,3,70253710
6263,70,501095,7010,747,0618,216,3,70599515
6264,70,501095,7010,747,0618,216,3,70356040
6265,70,501090,7010,747,0618,216,3,70356015
6266,70,501095,7010,747,0618,216,3,70593015
6267,70,652010,7010,747,0912,216,3,70359520
6268,70,501095,7010,747,0618,216,3,70356020
6269,70,554015,7020,747,0718,216,3,70593010
6270,70,554015,7010,747,0718,216,3,70593010
6271,70,451510,9510,747,0511,228,3,70351710
6282,70,353010,9510,747,0313,228,3,70394010
6285,70,501090,7020,747,0618,216,3,70593010
6296,70,654525,9510,741,0915,162,5,70254210
6297,70,251010,9510,741,0220,162,5,70251010
6298,60,654525,9510,641,0915,162,5,60254210
6299,60,251010,9510,641,0220,162,5,60251010
6301,70,451010,7010,747,0500,216,3,70359520
6313,70,251515,7010,747,0221,216,3,70254510
6321,70,256020,7010,747,0231,216,3,70255510
6322,70,254030,7010,747,0222,216,3,70251510
6354,60,302015,5010,645,0212,192,3,60305010
6355,60,301510,5010,645,0212,192,3,60305015
6356,60,302015,5010,645,0212,192,3,60305040
6357,60,302015,5010,645,0212,192,3,60305040
6358,60,302015,5010,645,0212,192,3,60305050
6359,70,302010,7010,747,0212,216,3,70305010
6360,70,302010,7010,747,0212,216,3,70305010
6361,70,302010,7010,747,0212,216,3,70305010
6380,70,251010,9510,741,0220,0,5,70251010
6381,70,351010,9510,741,0300,0,5,70391010
6382,70,451010,9510,741,0500,0,5,70351010
6383,70,202010,9510,741,0111,0,5,70203020
6384,70,301010,9510,741,0210,0,5,70251010
6385,70,652520,9510,741,0913,0,5,70901010
6393,70,202010,9510,741,0111,0,5,70203020
6394,70,301010,9510,741,0210,0,5,70251010
6395,70,551510,9510,741,0710,0,5,70591010
6396,70,451010,9510,741,0500,0,5,70351010
6397,70,652520,9510,741,0913,0,5,70901010
6398,70,351010,9510,741,0300,0,5,70391010
6399,70,251010,9510,741,0220,0,5,70251010
6401,70,353510,7010,747,0314,216,3,70259525
6402,70,355015,7010,747,0321,216,3,70253010
6403,60,257810,5010,645,0232,192,3,60255210
6404,60,257810,5010,645,0232,192,3,60255210
6405,60,257810,5010,645,0232,192,3,60255210
6406,60,257810,5010,645,0232,192,3,60255210
6407,70,354035,7010,747,0314,216,3,70394525
6408,70,354035,7010,747,0314,216,3,70394525
6409,70,354035,7010,747,0314,216,3,70394525
6410,70,354035,7010,747,0314,216,3,70394525
6413,70,254025,7010,747,0222,216,3,70251230
6414,70,255420,7010,747,0231,216,3,70255710
6415,70,255420,7010,747,0231,216,3,70255710
6416,70,255420,7010,747,0231,216,3,70255710
6417,70,255420,7010,747,0231,216,3,70255710
6418,70,255215,7010,747,0231,216,3,70256520
6419,70,255215,7010,747,0231,216,3,70256520
6420,70,255215,7010,747,0231,216,3,70256520
6421,70,255215,7010,747,0231,216,3,70256520
6424,70,354035,7010,747,0314,216,3,70394525
6425,70,501095,7010,747,0618,216,3,70356020
6426,70,501095,7010,747,0618,216,3,70356020
6427,70,501095,7010,747,0618,216,3,70356020
6428,70,501095,7010,747,0618,216,3,70356020
6452,70,354525,7010,747,0318,216,3,70253710
6454,70,258415,7010,747,0238,198,7,70258920
6455,70,703015,7010,747,1015,216,3,70391510
6456,70,352520,7010,747,0312,216,3,70392510
6457,70,352520,7010,747,0312,216,3,70257530
6458,70,409030,7010,747,0418,216,3,70259520
6459,70,355520,7010,747,0322,216,3,70253510
6461,70,254005,7010,747,0222,216,3,70251215
6462,70,255015,7010,747,0228,198,7,70251010
6463,60,351010,5010,645,0300,192,3,60391010
6464,70,703015,7010,747,1015,204,3,70391510
6465,70,255410,7010,747,0231,216,3,70255730
6466,70,255410,7010,747,0231,216,3,70255730
6467,70,255410,7010,747,0231,216,3,70255730
6468,70,352520,7010,747,0312,216,3,70257530
6469,70,552510,7020,747,0712,216,3,70595510
6470,70,405010,7010,747,0421,216,3,70396010
6471,70,401010,7010,747,0410,216,3,70396010
6490,70,202010,9510,741,0111,0,5,70203020
6491,70,251010,9510,741,0220,0,5,70251010
6492,70,301010,9510,741,0210,0,5,70251010
6493,70,351010,9510,741,0300,0,5,70391010
6494,70,451010,9510,741,0500,0,5,70351010
6495,60,451010,5010,645,0500,192,3,60351010
6496,60,551010,5010,645,0700,156,3,60591010
6497,60,651010,5010,645,0900,192,3,60901010
6500,60,202020,5010,645,0111,192,3,60203010
6501,70,202020,7010,747,0111,204,3,70203010
6502,60,254030,5010,645,0222,192,3,60251225
6503,70,255610,7010,747,0231,204,3,70256010
6504,60,258210,5010,645,0232,192,3,60255010
6505,60,254030,5010,645,0222,192,3,60257110
6506,60,354030,5010,645,0314,192,3,60252615
6507,60,354525,5010,645,0318,192,3,60253015
6508,60,354525,5010,645,0318,198,3,60253015
6509,60,255015,5010,645,0228,192,3,60591010
6510,60,309015,5010,645,0215,192,3,60252620
6511,70,309015,7010,747,0215,204,3,70252620
6512,60,255210,5010,645,0231,192,3,60256510
6513,70,255210,7010,747,0231,204,3,70256510
6514,70,352515,7010,747,0312,204,3,70257530
6515,70,256430,7010,747,0231,204,3,70259510
6516,60,353510,5010,645,0314,192,3,60392010
6517,70,353510,7010,747,0314,204,3,70392010
6518,60,353515,5010,645,0314,192,3,60251710
6519,70,353515,7010,747,0314,204,3,70251710
6520,60,354030,5010,645,0314,192,3,60252615
6521,70,354030,7010,747,0314,204,3,70252615
6522,60,254510,5010,645,0223,192,3,60252010
6523,70,254510,7010,747,0223,204,3,70252010
6524,60,256410,5010,645,0231,198,3,60257510
6525,70,256410,7010,747,0231,210,3,70257510
6526,60,353515,5010,645,0314,192,3,60251710
6527,70,353515,7010,747,0314,204,3,70251710
6528,60,254010,5010,645,0222,192,3,60251210
6529,70,254010,7010,747,0222,204,3,70251210
6530,60,255420,5010,645,0231,192,3,60255710
6531,70,255420,7010,747,0231,204,3,70255710
6532,60,355510,5010,645,0322,192,3,60253510
6533,70,255420,7010,747,0231,204,3,70255710
6534,60,252010,5010,645,0222,192,3,60252210
6535,70,252010,7010,747,0222,204,3,70252210
6536,60,355015,5010,645,0321,192,3,60253010
6537,70,501095,7010,747,0618,204,3,70356020
6538,60,354525,5010,645,0318,192,3,60253010
6539,70,355015,7010,747,0321,204,3,70253010
6540,60,252015,5010,645,0222,192,3,60252510
6541,70,252015,7010,747,0222,204,3,70252510
6542,60,256420,5010,645,0231,198,3,60257515
6543,70,256420,7010,747,0231,204,3,70257515
6544,60,256210,5010,645,0231,204,3,60257010
6545,70,256210,7010,747,0231,210,3,70257010
6546,60,355015,5010,645,0321,192,3,60253510
6547,70,256210,7010,747,0231,210,3,70256210
6548,60,256215,5010,645,0231,204,3,60256215
6549,70,256625,7010,747,0231,210,3,70257010
6550,60,255425,5010,645,0231,198,3,60255715
6551,70,255425,7010,747,0231,210,3,70255715
6552,60,256010,5010,645,0231,198,3,60255525
6553,70,256010,7010,747,0231,204,3,70255525
6554,60,256430,5010,645,0231,192,3,60259510
6555,60,256235,5010,645,0231,204,3,60256220
6556,60,254015,5010,645,0222,204,3,60251215
6557,70,254015,7010,747,0222,204,3,70251215
6558,60,255430,5010,645,0231,192,3,60255725
6559,60,256220,5010,645,0231,204,3,60256315
6560,60,256610,5010,645,0231,204,3,60257025
6561,60,256225,5010,645,0231,204,3,60256320
6562,60,354030,5010,645,0314,192,3,60252615
6563,70,256615,7010,747,0231,216,3,70256015
6564,60,256230,5010,645,0231,204,3,60256325
6565,70,256615,7010,747,0231,216,3,70257015
6566,60,256240,5010,645,0231,204,3,60256330
6567,70,256610,7010,747,0231,216,3,70257025
6568,60,254510,5010,645,0223,192,3,60252010
6569,70,256620,7010,747,0231,216,3,70257020
6570,60,251010,5010,645,0220,192,3,60251010
6571,70,256620,7010,747,0231,216,3,70257020
6572,70,201010,7010,747,0111,216,3,70394525
6573,70,256620,7010,747,0231,216,3,70257020
6574,60,256435,5010,645,0231,201,3,60257520
6575,70,254035,7010,747,0222,216,3,70251510
6576,60,258410,5010,645,0238,192,3,60258510
6577,70,251515,7010,747,0221,204,3,70254510
6578,60,303010,5010,645,0213,192,3,60252610
6579,70,303010,7010,747,0213,204,3,70252610
6580,60,252025,5010,645,0222,192,3,60252710
6581,70,252025,7010,747,0222,204,3,70252710
6582,60,258010,5010,645,0232,192,3,60252710
6583,70,258010,7010,747,0232,204,3,70252710
6584,60,254020,5010,645,0222,192,3,60251220
6585,70,254020,7010,747,0222,204,3,70251220
6586,60,251010,5010,645,0215,192,3,60259525
6587,70,304040,7010,747,0215,204,3,70252625
6588,60,255220,5010,645,0231,198,3,60256515
6589,70,255220,7010,747,0231,210,3,70256515
6590,60,257810,5010,645,0232,192,3,60255210
6591,70,257810,7010,747,0232,204,3,70255210
6592,60,257815,5010,645,0232,192,3,60255210
6593,70,257820,7010,747,0232,204,3,70255210
6594,60,254030,5010,645,0222,192,3,60257110
6595,70,257815,7010,747,0232,204,3,70255210
6596,60,255610,5010,645,0231,198,3,60256010
6597,70,255640,7010,747,0231,204,3,70256015
6598,60,254030,5010,645,0222,192,3,60251510
6599,70,553520,7020,747,0714,216,3,70596510
6600,60,256020,5010,645,0231,198,3,60255515
6601,70,254030,7010,747,0222,204,3,70251510
6602,60,256020,5010,645,0231,198,3,60255520
6603,70,254030,7010,747,0222,204,3,70257110
6604,60,255415,5010,645,0231,198,3,60255720
6605,70,255415,7010,747,0231,210,3,70255720
6606,60,202010,5010,645,0111,192,3,60203020
6607,70,202010,7010,747,0111,204,3,70203020
6608,60,201010,5010,645,0111,192,3,60394525
6609,70,202010,7010,747,0111,204,3,70394525
6610,60,256020,5010,645,0231,198,3,60255525
6611,70,202010,7010,747,0111,204,3,70203020
6612,60,251515,5010,645,0221,198,3,60254510
6613,70,251515,7010,747,0221,204,3,70254510
6614,60,256020,5010,645,0231,198,3,60255530
6615,70,251515,7010,747,0221,204,3,70254510
6616,60,256020,5010,645,0231,198,3,60255510
6617,70,256020,7010,747,0231,210,3,70255515
6618,60,255210,5010,645,0231,192,3,60256510
6619,70,256020,7010,747,0231,210,3,70255520
6620,60,255645,5010,645,0231,198,3,60256010
6621,70,255635,7010,747,0231,210,3,70256010
6622,60,256020,5010,645,0231,198,3,60255510
6623,70,255620,7010,747,0231,210,3,70256020
6624,60,553025,5520,655,0713,198,3,50582010
6625,70,255615,7010,747,0231,210,3,70256025
6626,60,552015,5520,655,0711,198,3,50584510
6627,70,255630,7010,747,0231,210,3,70256030
6628,60,573020,5520,655,0715,198,3,50583015
6629,70,255625,7010,747,0231,210,3,70256035
6630,60,573020,5520,655,0715,198,3,50582020
6631,70,352515,7010,747,0312,210,3,70256010
6632,60,255410,5010,645,0231,192,3,60255730
6633,70,255410,7010,747,0231,204,3,70255730
6634,60,501095,5010,645,0618,192,3,60356020
6635,60,501095,5010,645,0618,192,3,60356020
6636,60,501095,5010,645,0618,192,3,60356020
6637,70,258210,7010,747,0232,204,3,70255010
6638,60,501095,5010,645,0618,192,3,60356020
6639,70,256435,7010,747,0231,204,3,70257520
6640,60,309010,5010,645,0215,192,3,60252620
6641,70,309010,7010,747,0215,204,3,70252620
6642,60,255215,5010,645,0231,192,3,60256520
6643,70,255215,7010,747,0231,204,3,70256520
6644,60,256415,5010,645,0231,198,3,60257525
6645,70,256415,7010,747,0231,210,3,70257525
6646,60,256245,5010,645,0231,204,3,60256310
6647,70,256220,7010,747,0231,210,3,70256315
6648,60,501090,5520,655,0618,198,3,50582010
6649,70,256225,7010,747,0231,210,3,70256320
6650,60,256245,5010,645,0231,192,3,60256210
6651,70,256225,7010,747,0231,210,3,70256320
6652,60,255410,5010,645,0231,192,3,60255730
6653,70,256230,7010,747,0231,210,3,70256325
6654,60,581510,5520,655,0731,198,3,50581515
6655,70,256235,7010,747,0231,210,3,70256220
6656,60,554015,5520,655,0718,210,3,50589530
6657,70,256240,7010,747,0231,210,3,70256330
6658,60,554010,5520,655,0718,198,3,50584010
6659,70,256245,7010,747,0231,210,3,70256310
6660,60,553520,5020,645,0714,192,3,60593010
6661,70,255010,7010,747,0228,204,3,70252610
6662,60,552015,5020,645,0711,192,3,60591520
6663,60,452515,5020,645,0512,192,3,60591510
6664,70,581510,7010,747,0731,216,3,70301510
6665,60,355010,5010,645,0321,192,3,60253210
6666,60,355020,5010,645,0321,192,3,60253215
6667,70,355020,7010,747,0321,204,3,70253215
6668,60,409015,5010,645,0418,192,3,60396510
6669,70,255615,7010,747,0231,210,3,70256010
6670,60,251515,5010,645,0221,198,3,60254510
6671,70,251515,7010,747,0221,204,3,70254510
6672,60,355015,5010,645,0321,192,3,60253510
6673,60,255210,5010,645,0231,192,3,60256510
6674,60,255210,5010,645,0231,192,3,60256510
6675,60,255210,5010,645,0231,192,3,60256510
6676,60,255210,5010,645,0231,192,3,60256510
6677,70,256615,7010,747,0231,216,3,70257015
6678,60,581510,5010,645,0731,192,3,60301510
6679,60,309520,5010,645,0218,192,3,60259525
6680,60,309520,5010,645,0218,192,3,60259525
6681,60,554015,5010,645,0718,192,3,60254010
6682,60,254510,5010,645,0223,192,3,60252010
6683,60,254510,5010,645,0223,192,3,60252010
6684,60,254510,5010,645,0223,192,3,60252010
6685,60,254510,5010,645,0223,192,3,60252010
6686,60,255420,5010,645,0231,192,3,60255710
6687,60,255420,5010,645,0231,192,3,60255710
6688,60,255420,5010,645,0231,192,3,60255710
6689,60,255420,5010,645,0231,192,3,60255710
6690,60,581510,5010,645,0731,192,3,60301510
6691,60,252010,5010,645,0222,192,3,60252210
6692,60,252010,5010,645,0222,192,3,60252210
6693,60,252010,5010,645,0222,192,3,60252210
6694,60,252010,5010,645,0222,192,3,60252210
6695,60,355010,5010,645,0321,192,3,60253210
6696,60,355010,5010,645,0321,192,3,60253210
6697,60,355010,5010,645,0321,192,3,60253210
6698,60,355010,5010,645,0321,192,3,60253210
6699,70,994010,9510,741,9999,0,5,70971010
6700,70,703015,7010,747,1015,216,3,70254010
6701,70,202020,7010,747,0111,216,3,70203010
6702,70,201015,7010,747,0111,216,3,70203020
6703,70,255610,7010,747,0231,222,3,70256010
6704,70,201015,7010,747,0111,216,3,70203020
6705,70,201015,7010,747,0111,216,3,70203020
6706,70,257110,7010,747,0231,222,3,70255715
6707,70,201015,7010,747,0111,216,3,70203020
6708,70,257110,7010,747,0231,216,3,70255730
6709,70,655510,7010,747,0918,198,7,70394525
6710,70,309015,7010,747,0215,198,7,70252620
6711,70,309015,7010,747,0215,216,3,70252620
6712,70,255210,7010,747,0231,198,7,70256510
6713,70,255210,7010,747,0231,216,3,70256510
6714,70,352515,7010,747,0312,216,3,70257530
6715,70,256430,7010,747,0231,222,3,70259510
6716,70,353510,7010,747,0314,216,3,70392010
6717,70,353510,7010,747,0314,216,3,70392010
6718,70,353510,7010,747,0314,216,3,70259520
6719,70,353515,7010,747,0314,216,3,70251710
6720,70,354030,7010,747,0314,198,7,70252615
6721,70,354030,7010,747,0314,216,3,70252615
6722,70,254510,7010,747,0223,198,7,70252010
6723,70,254510,7010,747,0223,216,3,70252010
6724,70,354030,7010,747,0314,198,7,70252615
6725,70,256410,7010,747,0231,222,3,70257510
6726,70,354030,7010,747,0314,216,3,70252615
6727,70,353515,7010,747,0314,216,3,70251710
6728,70,452515,7020,747,0512,216,3,70591510
6729,70,254010,7010,747,0222,216,3,70251210
6730,70,255420,7010,747,0231,198,7,70255710
6731,70,255420,7010,747,0231,216,3,70255710
6732,70,255010,7010,747,0228,216,3,70252610
6733,70,255420,7010,747,0231,216,3,70255710
6734,70,252010,7010,747,0222,198,7,70252210
6735,70,252010,7010,747,0222,216,3,70252210
6736,70,552510,7020,747,0712,216,3,70595510
6737,70,501095,7010,747,0618,216,3,70356020
6738,70,501095,7010,747,0618,198,7,70356020
6739,70,355015,7010,747,0321,216,3,70253010
6740,70,354525,7010,747,0318,216,3,70259525
6741,70,252015,7010,747,0222,216,3,70252510
6742,70,354525,7010,747,0318,216,3,70253010
6743,70,256420,7010,747,0231,216,3,70257515
6744,70,354525,7010,747,0318,216,3,70253010
6745,70,256210,7010,747,0231,228,3,70257010
6746,70,256215,7010,747,0231,228,3,70256215
6747,70,256210,7010,747,0231,228,3,70256210
6748,70,554015,7020,747,0718,216,3,70593010
6749,70,256625,7010,747,0231,228,3,70257010
6750,70,255425,7010,747,0231,198,7,70255715
6751,70,255425,7010,747,0231,222,3,70255715
6753,70,256010,7010,747,0231,222,3,70255525
6754,70,256220,7010,747,0231,228,3,70256310
6757,70,254015,7010,747,0222,228,3,70251215
6758,70,254510,7010,747,0223,216,3,70252010
6760,70,255015,7010,747,0228,216,3,70251010
6762,70,256610,7010,747,0231,198,7,70257025
6763,70,256615,7010,747,0231,228,3,70256015
6765,70,256615,7010,747,0231,228,3,70257015
6766,70,256610,7010,747,0231,228,3,70257025
6767,70,257110,7010,747,0231,228,3,70257025
6768,70,256620,7010,747,0231,198,7,70257020
6769,70,256620,7010,747,0231,228,3,70257020
6771,70,256620,7010,747,0231,228,3,70257020
6773,70,256620,7010,747,0231,228,3,70257020
6774,70,254035,7010,747,0222,198,7,70251510
6775,70,254035,7010,747,0222,228,3,70251510
6777,70,251515,7010,747,0221,216,3,70254510
6778,70,303010,7010,747,0213,198,7,70252610
6779,70,303010,7010,747,0213,216,3,70252610
6781,70,252025,7010,747,0222,216,3,70252710
6782,70,258010,7010,747,0232,198,7,70252710
6783,70,258010,7010,747,0232,216,3,70252710
6785,70,254020,7010,747,0222,216,3,70251220
6786,70,304040,7010,747,0215,198,7,70252625
6787,70,251010,7010,747,0215,216,3,70259525
6789,70,255220,7010,747,0231,222,3,70256515
6790,70,257810,7010,747,0232,198,7,70255210
6791,70,257810,7010,747,0232,216,3,70255210
6793,70,257820,7010,747,0232,216,3,70255210
6795,70,257815,7010,747,0232,216,3,70255210
6797,70,255640,7010,747,0231,222,3,70256015
6800,70,256245,7010,747,0231,216,3,70256210
6801,70,254030,7010,747,0222,216,3,70251510
6802,70,254030,7010,747,0222,216,3,70257110
6803,70,254030,7010,747,0222,216,3,70257110
6804,70,309520,7010,747,0218,216,3,70259525
6805,70,255415,7010,747,0231,222,3,70255720
6806,70,655520,7010,747,0918,216,3,70259525
6807,70,202010,7010,747,0111,216,3,70203020
6808,70,355010,7010,747,0321,216,3,70253210
6809,70,202010,7010,747,0111,216,3,70394525
6810,60,656520,5510,655,0922,198,3,50202515
6811,70,202010,7010,747,0111,216,3,70203020
6813,70,251515,7010,747,0221,216,3,70254510
6814,70,251515,7010,747,0221,216,3,70254510
6815,70,251515,7010,747,0221,216,3,70254510
6816,70,256020,7010,747,0231,222,3,70255510
6817,70,256020,7010,747,0231,222,3,70255515
6818,70,256020,7010,747,0231,222,3,70255525
6819,70,256020,7010,747,0231,222,3,70255520
6820,70,256020,7010,747,0231,222,3,70255530
6821,70,255635,7010,747,0231,222,3,70256010
6822,70,251515,7010,747,0221,216,3,70254510
6823,70,255620,7010,747,0231,222,3,70256020
6824,70,255615,7010,747,0231,198,7,70256025
6825,70,255615,7010,747,0231,222,3,70256025
6827,70,255630,7010,747,0231,222,3,70256030
6829,70,255625,7010,747,0231,222,3,70256035
6831,70,352515,7010,747,0312,222,3,70256010
6832,70,255410,7010,747,0231,198,7,70255730
6833,70,255410,7010,747,0231,216,3,70255730
6836,70,258210,7010,747,0232,198,7,70255010
6837,70,258210,7010,747,0232,216,3,70255010
6838,70,309010,7010,747,0215,198,7,70252620
6839,70,256435,7010,747,0231,225,3,70257520
6840,70,257110,7010,747,0231,216,3,70255010
6841,70,309010,7010,747,0215,216,3,70252620
6842,70,255215,7010,747,0231,198,7,70256520
6843,70,255215,7010,747,0231,216,3,70256520
6845,70,256415,7010,747,0231,222,3,70257525
6846,70,256220,7010,747,0231,198,7,70256310
6847,70,256220,7010,747,0231,228,3,70256315
6849,70,256225,7010,747,0231,228,3,70256320
6850,70,256245,7010,747,0231,228,3,70256310
6851,70,256225,7010,747,0231,228,3,70256320
6853,70,256230,7010,747,0231,228,3,70256325
6855,70,256235,7010,747,0231,228,3,70256220
6857,70,256240,7010,747,0231,228,3,70256330
6859,70,256245,7010,747,0231,228,3,70256310
6860,70,255010,7010,747,0228,216,3,70259515
6861,70,255015,7010,747,0228,216,3,70259520
6862,70,302030,7010,747,0212,216,3,70391510
6863,70,255010,7010,747,0228,216,3,70252610
6864,70,258415,7010,747,0238,216,3,70258920
6865,70,355010,7010,747,0321,216,3,70253210
6867,70,355020,7010,747,0321,216,3,70253215
6868,70,355010,7010,747,0321,216,3,70253210
6869,70,255615,7010,747,0231,222,3,70256010
6870,70,355010,7010,747,0321,216,3,70253210
6871,70,251515,7010,747,0221,216,3,70254510
6872,70,251515,7010,747,0221,198,7,70254510
6873,70,251515,7010,747,0221,216,3,70254510
6874,70,251515,7010,747,0221,198,7,70254510
6875,70,355010,7010,747,0321,216,3,70253210
6876,70,355010,7010,747,0321,216,3,70253210
6877,70,256615,7010,747,0231,228,3,70257015
6878,70,355010,7010,747,0321,216,3,70253210
6880,70,201015,7010,747,0111,216,3,70203020
6881,70,201015,7010,747,0111,216,3,70203020
6882,70,201015,7010,747,0111,216,3,70203020
6885,70,354515,7010,747,0318,216,3,70253015
6886,70,354515,7010,747,0318,216,3,70253015
6887,70,354515,7010,747,0318,216,3,70253015
6888,70,354515,7010,747,0318,216,3,70253015
6890,70,581510,7010,747,0731,216,3,70301510
6891,70,257810,7010,747,0232,216,3,70255210
6892,70,257810,7010,747,0232,216,3,70255210
6893,70,257810,7010,747,0232,216,3,70255210
6894,70,257810,7010,747,0232,216,3,70255210
6895,70,254510,7010,747,0223,216,3,70252010
6896,70,254510,7010,747,0223,216,3,70252010
6897,70,254510,7010,747,0223,216,3,70252010
6898,70,254510,7010,747,0223,216,3,70252010
6900,70,409030,7010,747,0418,216,3,70395510
6901,70,354025,7010,747,0314,216,3,70394520
6902,70,252010,7010,747,0222,216,3,70252210
6903,70,252010,7010,747,0222,216,3,70252210
6904,70,252010,7010,747,0222,216,3,70252210
6905,70,252010,7010,747,0222,216,3,70252210
6906,70,501095,7010,747,0618,216,3,70396010
6908,70,201015,7010,747,0111,216,3,70203020
6910,70,354015,7010,747,0314,216,3,70393515
6912,70,354015,7010,747,0314,216,3,70393515
6913,70,354015,7010,747,0314,216,3,70393515
6914,70,354015,7010,747,0314,216,3,70393515
6915,70,402510,7010,747,0413,216,3,70391510
6920,70,353010,7010,747,0313,216,3,70394010
6925,70,352510,7010,747,0312,216,3,70392515
6930,70,402510,7010,747,0413,216,3,70391510
6940,70,352520,7010,747,0312,216,3,70392510
6941,70,258415,7010,747,0238,216,3,70258920
6942,70,402510,7010,747,0413,216,3,70391510
6987,70,501095,7010,747,0618,216,3,70903510
6990,70,251010,7010,747,0220,216,3,70251010
6991,70,351010,7010,747,0300,216,3,70391010
6992,70,652520,7010,747,0913,216,3,70901010
6993,70,451010,7010,747,0500,216,3,70351010
7003,70,202010,7010,746,0111,228,3,70203020
7004,70,451010,7010,747,0500,216,3,70359520
7005,70,402510,7010,747,0413,216,3,70391510
7006,60,353010,5010,645,0313,192,3,60394010
7007,60,353010,5010,645,0313,192,3,60394010
7008,60,353010,5010,645,0313,192,3,60394010
7009,60,353010,5010,645,0313,192,3,60394010
7011,70,354015,7010,747,0314,216,3,70393515
7012,70,354015,7010,747,0314,216,3,70393515
7013,60,201015,5010,645,0111,192,3,60203020
7014,60,201015,5010,645,0111,192,3,60203020
7015,60,201015,5010,645,0111,192,3,60203020
7016,60,201015,5010,645,0111,192,3,60203020
7017,60,255215,5010,645,0231,192,3,60256520
7018,60,255215,5010,645,0231,192,3,60256520
7019,60,255215,5010,645,0231,192,3,60256520
7020,60,255215,5010,645,0231,192,3,60256520
7021,70,354525,7010,747,0300,216,3,70391010
7022,70,354525,7010,747,0300,216,3,70391010
7023,70,354525,7010,747,0300,216,3,70391010
7024,70,354525,7010,747,0300,216,3,70391010
7025,70,353010,7010,747,0313,216,3,70394010
7026,70,353010,7010,747,0313,216,3,70394010
7027,70,353010,7010,747,0313,216,3,70394010
7028,70,353010,7010,747,0313,216,3,70394010
7030,80,458515,8010,844,0542,252,3,80355020
7045,70,351510,7010,747,0312,216,3,70395010
7050,80,352010,8010,844,0312,252,3,80393510
7061,60,354520,5010,645,0318,192,3,60393515
7062,60,351510,5010,645,0311,192,3,60395010
7063,70,354525,7010,747,0300,216,3,70391010
7065,70,351510,7010,747,0311,216,3,70395010
7070,80,351510,8010,844,0311,252,3,80395010
7079,70,354525,7010,747,0318,216,3,70392510
7081,60,405010,5010,645,0421,192,3,60393010
7085,70,405010,7010,747,0421,216,3,70393010
7086,70,405010,7010,747,0421,216,3,70393010
7090,80,405010,8010,844,0421,252,3,80393010
7100,60,352530,5010,645,0312,192,3,60393515
7101,70,352010,7010,747,0312,216,3,70393510
7102,70,352010,7010,747,0312,216,3,70393510
7103,60,352010,5010,645,0312,192,3,60393510
7104,60,351010,5010,645,0300,192,3,60391010
7105,70,351010,7010,747,0300,198,7,70391010
7106,70,351010,7010,747,0300,204,3,70391010
7107,70,352525,7010,747,0312,216,3,70392510
7108,60,351010,5010,645,0300,192,3,60391010
7109,60,352010,5010,645,0312,192,3,60393510
7110,70,352010,7010,747,0312,216,3,70393510
7111,70,352530,7010,747,0312,216,3,70393515
7112,70,352010,7010,747,0312,216,3,70393510
7113,70,352530,7010,747,0312,216,3,70391510
7114,70,351010,7010,747,0300,216,3,70391010
7115,70,352010,7010,747,0312,216,3,70393510
7116,70,351010,7010,747,0300,216,3,70391010
7117,70,352010,7010,747,0312,216,3,70393510
7118,70,352530,7010,747,0312,216,3,70391510
7119,70,354525,7010,747,0318,216,3,70391010
7120,80,352010,8010,844,0312,252,3,80393510
7121,60,354035,5010,645,0314,192,3,60394525
7122,60,354035,5010,645,0314,192,3,60394525
7123,60,354035,5010,645,0314,192,3,60394525
7124,60,354035,5010,645,0314,192,3,60394525
7125,60,352510,5010,645,0312,192,3,60392515
7126,60,352510,5010,645,0312,192,3,60392515
7127,60,352510,5010,645,0312,192,3,60392515
7128,60,352510,5010,645,0312,192,3,60392515
7129,60,352510,5010,645,0312,192,3,60392515
7131,60,354010,5010,645,0314,192,3,60394510
7132,60,354010,5010,645,0314,192,3,60394510
7133,70,354010,7010,747,0314,216,3,70394515
7134,60,354015,5010,645,0314,192,3,60393515
7135,70,354010,7010,747,0314,216,3,70394510
7136,70,354010,7010,747,0314,216,3,70391510
7137,60,402510,5010,645,0413,192,3,60391510
7138,70,652525,7010,747,0913,216,3,70909520
7139,70,652525,7010,747,0913,216,3,70904510
7140,80,354010,8010,844,0314,252,3,80394510
7141,70,354010,7010,746,0314,216,3,70394510
7142,70,652510,7010,747,0913,216,3,70904010
7143,70,409030,7010,747,0418,216,3,70391510
7144,70,654515,7010,747,0915,216,3,70901510
7145,70,354025,7010,747,0314,216,3,70394520
7146,70,354025,7010,747,0314,216,3,70394520
7147,70,354035,7010,747,0314,216,3,70394525
7148,70,654515,7010,747,0915,216,3,70902010
7149,60,351510,5010,645,0311,192,3,60395010
7151,70,353010,7010,746,0313,228,3,70394010
7152,60,353010,5010,645,0313,192,3,60394010
7153,60,353010,5010,645,0313,192,3,60394010
7154,70,353010,7010,747,0313,216,7,70394010
7155,70,353010,7010,747,0313,216,3,70394010
7156,60,352520,5010,645,0312,192,3,60392510
7157,60,352520,5010,645,0312,192,3,60392510
7158,60,352520,5010,645,0312,192,3,60392510
7159,60,352520,5010,645,0312,192,3,60392510
7160,80,353010,8010,844,0313,252,3,80394010
7161,60,352520,5010,645,0312,192,3,60392510
7162,60,352520,5010,645,0312,192,3,60392510
7163,60,352520,5010,645,0312,192,3,60392510
7164,60,352520,5010,645,0312,192,3,60392510
7165,60,581520,5010,645,0731,192,3,60592515
7166,60,581520,5010,645,0731,192,3,60592515
7167,60,581520,5010,645,0731,192,3,60592515
7168,60,581520,5010,645,0731,192,3,60592515
7169,70,354525,7010,747,0318,204,3,70394525
7170,70,652010,7010,747,0912,228,3,70905010
7171,70,652525,7010,747,0913,216,3,70904510
7172,60,652010,5010,645,0912,192,3,60905010
7173,70,354020,7010,747,0314,216,3,70394520
7174,70,452015,7010,747,0512,216,3,70352010
7175,70,453025,7010,747,0518,216,3,70909525
7176,60,352010,5010,645,0312,192,3,60393510
7177,60,352010,5010,645,0312,192,3,60393510
7178,60,352010,5010,645,0312,192,3,60393510
7179,60,352010,5010,645,0312,192,3,60393510
7180,80,652010,8010,844,0912,252,3,80905010
7181,70,652520,7010,747,0913,216,3,70903010
7182,60,354510,5010,645,0318,192,3,60805020
7183,70,654515,7010,747,0915,216,3,70902010
7184,60,501095,5010,645,0618,192,3,60903510
7185,70,655510,7010,747,0918,216,3,70903010
7186,60,655510,5010,645,0918,192,3,60903010
7187,70,652525,7010,747,0913,216,3,70909525
7188,70,554010,7010,747,0718,216,3,70359520
7189,70,652525,7010,747,0913,216,3,70904510
7190,80,254510,8010,844,0223,252,3,80252010
7191,60,354015,5010,645,0314,192,3,60393515
7192,60,354015,5010,645,0314,192,3,60393515
7193,60,354015,5010,645,0314,192,3,60393515
7194,60,354015,5010,645,0314,192,3,60393515
7195,70,554010,7010,747,0718,216,3,70909525
7196,60,354510,5010,645,0318,192,3,60805020
7197,60,354510,5010,645,0318,192,3,60805020
7198,60,354510,5010,645,0318,192,3,60805020
7199,60,354510,5010,645,0318,192,3,60805020
7200,80,355015,8010,844,0321,252,3,80253010
7201,60,604015,5010,645,0841,192,3,60803010
7202,70,604015,7010,747,0841,222,3,70803010
7203,70,251515,7010,746,0221,228,3,70254510
7207,70,352510,7010,747,0312,216,3,70392515
7208,60,402510,5010,645,0413,192,3,60391510
7209,60,402510,5010,645,0413,192,3,60391510
7210,60,402510,5010,645,0413,192,3,60391510
7211,60,402510,5010,645,0413,192,3,60391510
7213,70,251515,7010,746,0221,228,3,70254510
7215,60,651520,5010,645,0911,192,3,60905510
7216,70,352510,7010,747,0312,216,3,70392515
7217,70,352510,7010,747,0312,216,3,70392515
7218,70,352510,7010,747,0312,216,3,70392515
7219,70,352510,7010,747,0312,216,3,70392515
7220,70,651520,7010,747,0911,216,3,70905510
7223,70,251515,7010,746,0221,228,3,70254510
7224,70,352520,7010,747,0312,216,3,70392510
7225,70,352520,7010,747,0312,216,3,70392510
7226,70,352520,7010,747,0312,216,3,70392510
7227,70,352520,7010,747,0312,216,3,70392510
7230,70,251510,7010,747,0221,228,3,70259710
7231,60,251510,5010,645,0221,204,3,60259710
7232,70,251510,7010,747,0221,228,3,70259710
7235,80,251510,8010,844,0221,252,3,80259710
7236,70,352520,7010,747,0312,216,3,70392510
7237,70,352520,7010,747,0312,216,3,70392510
7238,70,352520,7010,747,0312,216,3,70392510
7239,70,352520,7010,747,0312,216,3,70392510
7243,70,254510,7010,746,0223,228,3,70252010
7253,70,252015,7010,746,0222,228,3,70252510
7263,70,252010,7010,746,0222,228,3,70252210
7279,70,254015,7010,746,0222,240,3,70251215
7298,70,254010,7010,746,0222,228,3,70251210
7303,70,254020,7010,746,0222,228,3,70251220
7313,70,254030,7010,746,0222,228,3,70251225
7314,70,655510,7010,747,0918,216,3,70903010
7321,70,352525,7010,747,0312,216,3,70392510
7322,60,354010,5010,645,0314,192,3,60394525
7323,70,353510,7010,746,0314,228,3,70392010
7324,60,654535,5010,645,0919,192,3,60909510
7325,60,353510,5010,645,0314,192,3,60392010
7333,70,353515,7010,746,0314,228,3,70251710
7335,80,353510,8010,844,0314,252,3,80392010
7336,70,353510,7010,747,0314,216,3,70392010
7343,70,256430,7010,746,0231,228,3,70259510
7344,70,256430,7010,747,0231,204,3,70259510
7345,70,256430,7010,747,0231,204,3,70259510
7348,70,256430,7010,746,0231,228,3,70259510
7353,70,353515,7010,746,0314,228,3,70251710
7362,70,354010,7010,747,0314,204,3,70394515
7363,70,354010,7010,746,0314,228,3,70394515
7364,70,354010,7010,747,0314,228,3,70394515
7365,80,354010,8010,844,0314,252,3,80394515
7373,70,258010,7010,746,0232,228,3,70252710
7383,70,252025,7010,746,0222,228,3,70252710
7392,70,501025,7010,747,0618,204,3,70356010
7393,60,453015,5010,645,0518,192,3,60351010
7394,70,353510,7010,747,0314,216,3,70392010
7395,70,257820,7010,746,0232,228,3,70255210
7396,70,257815,7010,746,0232,228,3,70255210
7397,70,257815,7010,746,0232,228,3,70255210
7398,70,257810,7010,746,0232,228,3,70255210
7399,70,257815,7010,746,0232,228,3,70255210
7400,70,255210,7010,747,0231,216,3,70256510
7401,70,255210,7010,747,0231,216,3,70256510
7402,70,255210,7010,747,0231,216,3,70256510
7403,70,255210,7010,747,0231,216,3,70256510
7404,60,258210,5010,645,0232,192,3,60255010
7405,60,352010,5010,645,0312,192,3,60393510
7406,60,303010,5010,645,0213,192,3,60252610
7407,60,501025,5010,645,0618,192,3,60356010
7408,60,202020,5010,645,0111,192,3,60203010
7409,60,255210,5010,645,0231,192,3,60256510
7410,60,353510,5010,645,0314,192,3,60392010
7411,60,254510,5010,645,0223,192,3,60252010
7412,60,255420,5010,645,0231,192,3,60255710
7413,60,252010,5010,645,0222,192,3,60252210
7414,60,254015,5010,645,0222,204,3,60251215
7415,60,453010,5010,645,0518,192,3,60902510
7416,60,256220,5010,645,0231,204,3,60256315
7417,60,256225,5010,645,0231,204,3,60256320
7418,60,258010,5010,645,0232,192,3,60252710
7419,60,251010,5010,645,0215,192,3,60259525
7420,60,453010,5010,645,0518,192,3,60902510
7421,60,257810,5010,645,0232,192,3,60255210
7422,60,255215,5010,645,0231,192,3,60256520
7423,70,255210,7010,746,0231,228,3,70256510
7424,70,454015,7010,747,0531,216,3,70352210
7425,70,453010,7010,747,0518,216,3,70902510
7426,70,453010,7010,747,0518,216,3,70902510
7427,70,454015,7010,747,0531,216,7,70352210
7428,60,256245,5010,645,0231,192,3,60256210
7429,60,251515,5010,645,0221,198,3,60254510
7430,70,453010,7010,747,0518,216,3,70902510
7431,60,351510,5010,645,0311,192,3,60395010
7432,60,405010,5010,645,0421,192,3,60393010
7433,60,351010,5010,645,0300,192,3,60391010
7434,60,354010,5010,645,0314,192,3,60394510
7435,60,353010,5010,645,0313,192,3,60394010
7436,60,652010,5010,645,0912,192,3,60905010
7437,60,655510,5010,645,0918,192,3,60903010
7438,70,255215,7010,746,0231,228,3,70256520
7439,60,651520,5010,645,0911,192,3,60905510
7440,60,251510,5010,645,0221,204,3,60259710
7441,60,453010,5010,645,0518,192,3,60902510
7442,60,454015,5010,645,0531,192,3,60352210
7443,60,459010,5010,645,0548,192,3,60355015
7444,60,454010,5010,645,0531,192,3,60354710
7445,60,457010,5010,645,0533,192,3,60353015
7446,60,457510,5010,645,0541,192,3,60355010
7447,60,451510,5010,645,0511,192,3,60351710
7448,60,455510,5010,645,0532,192,3,60354010
7449,60,452015,5010,645,0512,192,3,60352015
7450,60,455010,5010,645,0532,192,3,60353710
7451,60,655515,5010,645,0918,192,3,60354510
7452,60,453020,5010,645,0518,192,3,60352510
7453,70,354525,7010,747,0318,216,3,70359520
7454,70,353510,7010,747,0314,216,3,70392010
7455,70,351510,7010,747,0311,216,3,70395010
7456,70,351510,7010,747,0311,216,3,70395010
7457,70,405010,7010,747,0421,216,3,70393010
7458,70,255420,7010,746,0231,228,3,70255710
7459,70,352010,7010,747,0312,216,3,70393510
7460,70,352010,7010,747,0312,216,3,70393510
7461,70,255210,7010,747,0231,216,3,70256510
7462,70,501025,7010,747,0618,216,3,70356010
7463,70,454010,7010,747,0531,216,3,70354710
7464,70,655510,7010,747,0918,216,3,70903010
7465,70,457510,7010,747,0541,216,3,70355010
7466,70,457010,7010,747,0533,216,3,70353015
7467,70,459010,7010,747,0548,216,3,70355010
7468,70,255425,7010,746,0231,228,3,70255715
7469,70,451510,7010,747,0511,216,3,70351710
7470,70,455010,7010,747,0532,216,3,70353710
7471,70,202020,7010,747,0111,216,3,70203010
7472,70,255420,7010,747,0231,216,3,70255710
7473,70,303010,7010,747,0213,216,3,70252610
7474,70,251010,7010,747,0215,216,3,70259525
7475,70,257810,7010,747,0232,216,3,70255210
7476,70,202010,7010,747,0111,216,3,70203020
7477,70,255215,7010,747,0231,216,3,70256520
7478,70,255410,7010,746,0231,228,3,70255730
7479,70,355020,7010,747,0321,216,3,70253215
7480,70,254510,7010,747,0223,216,3,70252010
7481,70,252010,7010,747,0222,216,3,70252210
7482,70,258010,7010,747,0232,216,3,70252710
7483,70,451010,7010,747,0500,216,3,70359520
7484,70,255430,7010,747,0231,204,3,70255725
7485,70,451010,7010,747,0500,216,3,70359520
7486,70,351010,7010,747,0300,216,3,70391010
7487,70,354010,7010,747,0314,216,3,70394510
7488,70,255430,7010,746,0231,228,3,70255725
7489,70,255430,7010,747,0231,216,3,70255725
7490,70,353010,7010,747,0313,216,3,70394010
7491,70,652010,7010,747,0912,228,3,70905010
7492,70,652525,7010,747,0913,216,3,70909525
7493,70,651520,7010,747,0911,216,3,70905510
7494,70,251510,7010,747,0221,228,3,70259710
7495,70,453010,7010,747,0518,216,3,70902510
7496,70,458010,7010,747,0542,216,3,70355510
7497,70,454015,7010,747,0531,216,3,70352210
7498,70,455510,7010,747,0532,216,3,70354010
7499,70,453030,7010,747,0518,216,3,70359510
7500,70,554510,7010,747,0719,216,3,70352510
7501,60,452515,5520,655,0512,198,3,50584510
7502,60,409025,5520,655,0418,198,3,50589510
7503,60,553025,5520,655,0713,198,3,50582010
7504,60,553025,5520,655,0713,198,3,50582010
7505,60,553510,5520,655,0714,198,3,50582010
7506,60,553510,5520,655,0714,198,3,50582010
7507,60,573020,5520,655,0715,198,3,50583015
7508,60,573020,5520,655,0715,198,3,50583015
7509,60,501090,5520,655,0618,198,3,50582010
7510,60,581510,5520,655,0731,198,3,50581515
7511,60,554015,5520,655,0718,198,3,50589510
7512,60,554010,5520,655,0718,198,3,50584010
7513,60,258210,5010,645,0232,192,3,60255010
7514,60,352010,5010,645,0312,192,3,60393510
7515,60,553520,5020,645,0714,192,3,60593010
7516,60,401010,5010,645,0410,192,3,60396510
7517,60,401010,5010,645,0410,192,3,60396510
7518,70,255415,7010,746,0231,228,3,70255720
7519,60,401010,5010,645,0410,192,3,60396510
7520,60,401010,5010,645,0410,192,3,60396510
7521,60,303010,5010,645,0213,192,3,60252610
7522,60,501025,5010,645,0618,192,3,60356010
7523,60,409010,5010,645,0418,192,3,60396510
7524,60,258415,5010,645,0238,192,3,60258920
7525,60,258415,5010,645,0238,192,3,60258920
7526,60,354030,5010,645,0314,192,3,60252615
7527,70,255615,7010,746,0231,228,3,70256025
7528,60,255210,5010,645,0231,192,3,60256510
7529,60,353510,5010,645,0314,192,3,60392010
7530,60,254510,5010,645,0223,192,3,60252010
7531,60,255420,5010,645,0231,192,3,60255710
7532,60,252010,5010,645,0222,192,3,60252210
7533,60,254015,5010,645,0222,204,3,60251215
7534,60,256220,5010,645,0231,204,3,60256315
7535,60,256225,5010,645,0231,204,3,60256320
7536,60,251010,5010,645,0215,192,3,60259525
7537,70,255630,7010,746,0231,228,3,70256030
7538,60,201010,5010,645,0111,192,3,60394525
7539,60,201010,5010,645,0111,192,3,60394525
7540,60,255215,5010,645,0231,192,3,60256520
7541,60,256245,5010,645,0231,192,3,60256210
7542,60,251515,5010,645,0221,198,3,60254510
7543,60,351510,5010,645,0311,192,3,60395010
7544,60,405010,5010,645,0421,192,3,60393010
7545,60,351010,5010,645,0300,192,3,60391010
7546,60,353010,5010,645,0313,192,3,60394010
7547,70,255620,7010,746,0231,228,3,70256020
7548,60,652010,5010,645,0912,192,3,60905010
7549,60,655510,5010,645,0918,192,3,60903010
7550,60,651520,5010,645,0911,192,3,60905510
7551,60,251510,5010,645,0221,204,3,60259710
7552,60,454015,5010,645,0531,192,3,60352210
7553,60,459010,5010,645,0548,192,3,60355015
7554,60,454010,5010,645,0531,192,3,60354710
7555,60,457010,5010,645,0533,192,3,60353015
7556,60,457510,5010,645,0541,192,3,60355010
7557,70,255625,7010,746,0231,228,3,70256035
7558,60,451510,5010,645,0511,192,3,60351710
7559,60,552015,5020,645,0711,192,3,60591520
7560,60,455510,5010,645,0532,192,3,60354010
7561,60,452015,5010,645,0512,192,3,60352015
7562,60,655515,5010,645,0918,192,3,60354510
7563,60,452515,5020,645,0512,192,3,60591510
7564,60,453020,5010,645,0518,192,3,60352510
7565,70,209015,7010,747,0118,216,3,70203020
7566,70,209015,7010,747,0118,216,3,70203020
7567,70,255635,7010,746,0231,228,3,70256010
7568,70,201010,7010,747,0111,216,3,70203015
7569,70,201010,7010,747,0111,216,3,70203015
7570,70,401010,7010,747,0410,216,3,70396010
7571,70,401010,7010,747,0410,216,3,70396010
7572,70,353510,7010,747,0314,216,3,70392010
7573,70,353510,7010,747,0314,216,3,70392010
7574,70,351510,7010,747,0311,216,3,70395010
7575,70,405010,7010,747,0421,216,3,70393010
7576,70,352010,7010,747,0312,216,3,70393510
7577,70,352010,7010,747,0312,216,3,70393510
7578,70,352515,7010,746,0312,228,3,70256010
7579,70,255210,7010,747,0231,216,3,70256510
7580,70,501025,7010,747,0618,216,3,70356010
7581,70,454010,7010,747,0531,216,3,70354710
7582,70,655510,7010,747,0918,216,3,70903010
7583,70,457510,7010,747,0541,216,3,70355010
7584,70,457010,7010,747,0533,216,3,70353015
7585,70,459010,7010,747,0548,216,3,70355015
7586,70,451510,7010,747,0511,216,3,70351710
7587,70,501095,7010,747,0618,216,3,70356020
7588,70,256020,7010,746,0231,228,3,70255515
7589,70,405010,7010,747,0421,216,3,70396010
7590,70,401510,7010,747,0411,216,3,70391510
7591,70,554015,7020,747,0718,216,3,70593010
7592,70,255420,7010,747,0231,216,3,70255710
7593,70,303010,7010,747,0213,216,3,70252610
7594,70,251010,7010,747,0215,216,3,70259525
7595,70,255215,7010,747,0231,216,3,70256520
7596,70,355020,7010,747,0321,216,3,70253215
7597,70,254510,7010,747,0223,216,3,70252010
7598,70,256020,7010,746,0231,228,3,70255520
7599,70,201010,7010,747,0111,216,3,70394525
7601,70,352515,7010,747,0312,216,3,70257530
7602,70,352515,7010,747,0312,216,3,70257530
7603,70,201010,7010,747,0111,216,3,70394525
7604,70,252010,7010,747,0222,216,3,70252210
7605,70,354030,7010,747,0314,216,3,70252615
7606,70,251515,7010,747,0221,216,3,70254510
7607,70,254030,7010,746,0222,228,3,70257110
7608,70,256625,7010,746,0231,228,3,70257110
7609,70,355010,7010,747,0321,216,3,70253210
7611,70,351010,7010,747,0300,216,3,70391010
7612,70,353010,7010,747,0313,216,3,70394010
7613,70,652010,7010,747,0912,228,3,70905010
7614,70,652525,7010,747,0913,216,3,70909525
7616,70,652525,7010,747,0913,216,3,70904510
7617,70,651520,7010,747,0911,216,3,70905510
7618,70,251510,7010,747,0221,228,3,70259710
7619,70,202010,7010,747,0111,216,3,70203020
7620,70,352515,7010,747,0312,216,3,70257530
7621,60,352515,5010,645,0312,192,3,60257530
7622,70,202010,7010,747,0111,216,3,70203020
7623,70,209015,7010,747,0118,216,3,70203020
7624,70,209015,7010,747,0118,216,3,70203020
7625,70,209015,7010,747,0118,216,3,70203020
7626,70,209015,7010,747,0118,216,3,70203020
7627,70,209015,7010,747,0118,216,3,70203020
7628,70,254030,7010,746,0222,228,3,70257110
7629,70,209015,7010,747,0118,216,3,70203020
7630,70,209025,7010,747,0118,216,3,70203020
7631,70,209025,7010,747,0118,216,3,70203020
7632,70,458010,7010,747,0542,216,3,70355510
7633,70,454015,7010,747,0531,216,3,70352210
7634,70,455510,7010,747,0532,216,3,70354010
7635,70,501095,7010,747,0618,216,3,70593015
7636,70,501095,7010,747,0618,216,3,70593015
7637,70,453030,7010,747,0518,216,3,70359510
7638,70,655515,7010,747,0918,216,3,70354510
7639,70,554510,7010,747,0719,216,3,70352510
7640,60,553510,5520,655,0714,198,3,50582010
7641,60,552015,5520,655,0711,198,3,50584510
7642,60,552015,5520,655,0711,198,3,50584510
7643,60,573020,5520,655,0715,198,3,50583015
7644,60,573020,5520,655,0715,198,3,50583015
7645,60,582050,5520,655,0732,198,3,50581515
7646,60,582050,5520,655,0732,198,3,50581515
7647,60,501015,5020,645,0612,192,3,60593015
7648,60,501015,5020,645,0612,192,3,60593015
7649,60,551510,5020,645,0710,192,3,60591010
7650,60,551510,5020,645,0710,192,3,60591010
7651,60,401010,5010,645,0410,192,3,60396510
7652,60,553515,5020,645,0714,192,3,60593510
7653,70,256420,7010,746,0231,228,3,70257515
7654,60,355015,5010,645,0321,192,3,60253010
7655,60,355015,5010,645,0321,192,3,60253010
7656,60,501025,5010,645,0618,192,3,60356010
7657,60,551510,5010,645,0710,192,3,60591010
7658,60,551510,5010,645,0710,192,3,60591010
7659,60,409010,5010,645,0418,192,3,60396510
7660,60,258415,5010,645,0238,192,3,60258920
7661,60,258415,5010,645,0238,192,3,60258920
7662,60,501095,5010,645,0618,192,3,60356035
7663,60,501095,5010,645,0618,192,3,60356035
7664,60,255210,5010,645,0231,192,3,60256510
7665,60,252010,5010,645,0222,192,3,60252210
7666,60,251010,5010,645,0215,192,3,60259525
7667,50,303510,4510,554,0214,180,3,40305510
7668,70,256225,7010,746,0231,228,3,70256320
7669,60,251010,5010,645,0215,192,3,60259525
7670,60,257810,5010,645,0232,192,3,60255210
7671,60,255215,5010,645,0231,192,3,60256520
7672,60,351510,5010,645,0311,192,3,60395010
7673,70,256225,7010,746,0231,228,3,70256320
7674,60,405010,5010,645,0421,192,3,60393010
7675,60,351010,5010,645,0300,192,3,60391010
7676,60,354010,5010,645,0314,192,3,60394510
7677,60,353010,5010,645,0313,192,3,60394010
7678,60,652010,5010,645,0912,192,3,60905010
7679,60,553025,5020,645,0713,192,3,60594015
7680,60,553025,5020,645,0713,192,3,60594015
7681,60,554015,5010,645,0718,192,3,60599530
7682,60,554015,5010,645,0718,192,3,60599530
7683,70,256230,7010,746,0231,228,3,70256325
7684,60,459010,5010,645,0548,192,3,60355015
7685,60,454010,5010,645,0531,192,3,60354710
7686,60,457010,5010,645,0533,192,3,60353015
7687,60,457510,5010,645,0541,192,3,60355010
7688,60,451510,5010,645,0511,192,3,60351710
7689,60,455010,5010,645,0532,192,3,60353710
7690,60,655515,5010,645,0918,192,3,60354510
7691,60,452515,5020,645,0512,192,3,60591510
7692,60,581515,5010,645,0731,192,3,60594510
7693,70,256220,7010,746,0231,228,3,70256315
7694,60,581515,5010,645,0731,192,3,60594510
7695,70,452515,7020,747,0512,216,3,70591510
7696,70,352520,7010,747,0312,216,3,70392510
7697,70,352520,7010,747,0312,216,3,70392510
7698,70,501095,7010,747,0618,216,3,70253710
7699,70,501095,7010,747,0618,216,3,70253710
7700,70,581515,7010,747,0731,216,3,70594510
7701,70,581515,7010,747,0731,216,3,70594510
7702,70,401010,7010,747,0410,216,3,70396010
7703,70,351510,7010,747,0311,216,3,70395010
7704,70,405010,7010,747,0421,216,3,70393010
7705,70,255210,7010,747,0231,216,3,70256510
7706,70,501025,7010,747,0618,216,3,70356010
7707,70,454010,7010,747,0531,216,3,70354710
7708,70,655510,7010,747,0918,216,3,70903010
7709,70,457510,7010,747,0541,216,3,70355010
7710,70,459010,7010,747,0548,216,3,70355015
7711,70,355015,7010,747,0321,216,3,70253010
7712,70,355015,7010,747,0321,216,3,70253010
7713,70,501095,7010,747,0618,216,3,70356020
7714,70,455010,7010,747,0532,216,3,70353710
7715,70,553515,7020,747,0714,216,3,70593510
7716,70,405010,7010,747,0421,216,3,70396010
7717,70,401510,7010,747,0411,216,3,70391510
7718,70,501095,7010,747,0618,216,3,70356035
7719,70,501095,7010,747,0618,216,3,70356035
7720,70,251010,7010,747,0215,216,3,70259525
7721,70,257810,7010,747,0232,216,3,70255210
7722,70,255215,7010,747,0231,216,3,70256520
7723,70,256240,7010,746,0231,228,3,70256330
7724,70,703015,7010,747,1015,216,3,70391510
7725,70,703015,7010,747,1015,216,3,70391510
7726,70,252010,7010,747,0222,216,3,70252210
7727,70,201015,7010,747,0111,216,3,70203020
7728,70,201015,7010,747,0111,216,3,70203020
7729,70,351010,7010,747,0300,216,3,70391010
7730,70,354010,7010,747,0314,216,3,70394510
7731,70,354025,7010,747,0314,216,3,70394520
7732,70,354025,7010,747,0314,216,3,70394520
7733,70,258210,7010,746,0232,228,3,70255010
7734,70,353010,7010,747,0313,216,3,70394010
7735,70,652010,7010,747,0912,216,3,70905010
7736,70,655515,7010,747,0918,216,3,70354510
7737,70,581515,7010,747,0731,216,3,70594510
7738,70,581515,7010,747,0731,216,3,70594510
7739,70,554015,7010,747,0718,216,3,70599530
7740,70,554015,7010,747,0718,216,3,70599530
7741,60,401010,5010,645,0410,192,3,60396510
7742,70,554010,7020,747,0718,216,3,70596020
7743,70,256435,7010,746,0231,228,3,70257520
7744,70,352010,7010,747,0312,216,3,70393510
7745,70,202010,7010,747,0111,216,3,70203020
7746,70,209015,7010,747,0118,216,3,70203020
7747,70,209015,7010,747,0118,216,3,70203020
7748,70,209025,7010,747,0118,216,3,70203020
7749,70,209025,7010,747,0118,216,3,70203020
7750,70,209025,7010,747,0118,216,3,70203020
7751,70,209020,7010,747,0118,216,3,70203020
7752,70,201010,7010,747,0111,216,3,70203015
7753,70,201015,7010,747,0111,216,3,70203020
7754,70,209020,7010,747,0118,216,3,70253710
7755,60,352010,5010,645,0312,192,3,60393510
7756,70,452015,7010,747,0512,216,3,70352015
7757,70,652525,7010,747,0913,216,3,70909525
7758,70,652525,7010,747,0913,216,3,70909525
7776,70,256620,7010,746,0231,228,3,70257020
7779,70,256610,7010,746,0231,228,3,70257025
7780,60,255420,5010,645,0231,192,3,60255710
7781,60,255015,5010,645,0228,192,3,60259525
7782,60,255015,5010,645,0228,192,3,60259525
7783,60,255410,5010,645,0231,192,3,60255730
7784,60,255215,5010,645,0231,192,3,60256520
7785,70,453030,7010,747,0518,216,3,70359510
7786,70,451510,7010,747,0511,216,3,70351710
7787,70,501025,7010,747,0618,216,3,70356010
7788,70,459010,7010,747,0548,216,3,70356010
7789,70,457010,7010,747,0533,216,3,70353015
7790,70,455515,7010,747,0532,216,3,70354010
7791,70,501015,7010,747,0612,216,3,70356040
7792,70,454010,7010,747,0531,216,3,70354710
7793,70,457510,7010,747,0541,216,3,70355010
7794,70,459010,7010,747,0548,216,3,70355015
7795,70,454015,7010,747,0531,216,3,70352210
7796,70,452015,7010,747,0512,216,3,70352015
7797,70,452010,7010,747,0512,216,3,70351510
7798,70,554510,7010,747,0719,216,3,70352510
7799,70,458010,7010,747,0542,216,3,70355510
7800,70,459010,7010,747,0548,204,3,70356010
7801,70,602515,7010,747,0818,204,3,70804510
7802,70,257820,7010,747,0232,204,3,70255210
7803,60,582050,5020,645,0732,192,3,60592510
7804,70,257820,7010,747,0232,228,3,70255210
7805,70,451010,7010,747,0500,204,3,70359515
7813,70,256010,7010,746,0231,228,3,70255525
7832,70,256210,7010,747,0231,210,3,70256210
7833,70,256210,7010,746,0231,228,3,70256210
7840,70,652525,7010,747,0913,216,3,70904510
7841,60,304015,5010,645,0215,192,3,60306540
7842,70,256425,7010,747,0231,204,3,70259510
7843,60,304015,5010,645,0215,192,3,60306540
7844,70,256425,7010,746,0231,228,3,70259510
7845,60,304015,5010,645,0215,192,3,60306540
7846,60,304015,5010,645,0215,192,3,60306540
7847,60,304015,5010,645,0215,192,3,60306540
7848,60,304015,5010,645,0215,192,3,60306540
7849,60,304025,5010,645,0215,192,3,60306540
7850,60,304015,5010,645,0215,192,3,60306540
7851,60,304015,5010,645,0215,192,3,60306540
7852,60,304030,5010,645,0215,192,3,60306530
7853,60,304035,5010,645,0215,192,3,60306525
7854,60,304040,5010,645,0215,192,3,60306550
7855,60,304045,5010,645,0215,192,3,60306520
7856,60,304045,5010,645,0215,192,3,60306515
7857,60,304045,5010,645,0215,192,3,60306555
7858,60,304015,5010,645,0215,192,3,60306540
7859,60,304015,5010,645,0215,192,3,60306540
7860,60,304015,5010,645,0215,192,3,60306540
7861,70,304015,7010,747,0215,216,3,70306540
7862,70,304015,7010,747,0215,216,3,70306540
7863,70,304015,7010,747,0215,216,3,70306540
7864,80,304030,8010,844,0215,252,3,80306530
7865,70,304015,7010,747,0215,216,3,70306540
7866,70,304015,7010,747,0215,204,3,70306540
7867,80,304015,8010,844,0215,252,3,80306540
7873,70,304015,7010,746,0215,228,3,70306540
7883,70,309010,7010,746,0215,228,3,70252620
7887,70,255010,7010,747,0228,204,3,70259515
7893,70,309015,7010,746,0215,228,3,70252620
7900,60,554015,5020,645,0718,192,3,60596510
7901,60,555086,5020,645,0728,192,3,60597010
7902,60,453030,5020,645,0518,192,3,60591515
7903,70,303010,7010,746,0213,228,3,70252610
7904,60,554015,5020,645,0718,192,3,60596510
7905,60,555090,5020,645,0728,192,3,60597010
7906,60,501095,5020,645,0618,192,3,60593015
7907,60,553520,5020,645,0714,192,3,60593010
7908,60,553520,5020,645,0714,192,3,60593010
7909,60,501090,5020,645,0618,192,3,60593010
7910,60,553515,5020,645,0714,192,3,60593510
7911,60,554015,5020,645,0718,192,3,60599530
7912,60,453030,5020,645,0518,192,3,60591520
7913,70,354030,7010,746,0314,228,3,70252615
7914,60,555086,5020,645,0728,192,3,60599515
7915,60,555090,5020,645,0728,192,3,60597010
7916,60,554510,5020,645,0719,192,3,60592010
7917,60,554015,5020,645,0718,192,3,60596510
7918,60,581510,5020,645,0731,192,3,60592510
7919,60,553025,5020,645,0713,192,3,60594015
7920,60,453010,5010,645,0518,192,3,60352210
7921,60,552510,5020,645,0712,192,3,60595510
7922,60,552015,5020,645,0711,192,3,60591520
7923,60,501090,5020,645,0618,192,3,60593010
7924,60,452515,5020,645,0512,192,3,60591510
7925,60,552015,5020,645,0711,192,3,60596010
7926,60,582050,5020,645,0732,192,3,60592510
7927,60,553025,5020,645,0713,192,3,60594015
7928,60,554010,5020,645,0718,192,3,60596015
7929,60,554015,5020,645,0718,192,3,60593010
7930,60,551510,5020,645,0710,192,3,60591010
7931,60,573020,5020,645,0715,192,3,60595010
7932,60,554010,5020,645,0718,192,3,60596020
7933,60,452515,5020,645,0512,192,3,60591510
7934,60,552015,5020,645,0711,192,3,60591520
7935,60,582050,5020,645,0732,192,3,60592510
7936,60,555086,5020,645,0728,192,3,60597010
7937,60,553520,5020,645,0714,192,3,60593010
7938,60,554510,5020,645,0719,192,3,60592010
7939,60,501090,5020,645,0618,192,3,60593015
7940,60,582050,5010,645,0732,192,3,60592515
7941,70,304015,7010,747,0215,216,3,70306540
7942,60,553520,5020,645,0714,192,3,60593010
7943,60,581510,5020,645,0731,192,3,60592510
7944,60,553020,5020,645,0713,192,3,60592510
7945,70,304015,7010,747,0215,216,3,70306540
7946,70,304015,7010,747,0215,216,3,70306540
7947,70,304015,7010,747,0215,216,3,70306540
7948,60,582050,5020,645,0732,192,3,60592510
7949,70,304025,7010,747,0215,216,3,70306540
7950,70,304015,7010,747,0215,216,3,70306540
7951,60,582050,5020,645,0732,192,3,60592515
7952,70,304030,7010,747,0215,216,3,70306530
7953,60,552510,5020,645,0712,192,3,60595510
7954,70,304015,7010,747,0215,216,3,70306540
7955,70,304045,7010,747,0215,216,3,70306520
7956,70,304015,7010,747,0215,216,3,70306540
7957,70,304045,7010,747,0215,216,3,70306555
7958,60,501095,5010,645,0618,192,3,60593010
7959,70,304015,7010,747,0215,216,3,70306540
7960,80,304015,8010,844,0215,240,3,80306540
7961,70,304030,7010,747,0215,216,3,70306530
7962,60,582050,5020,645,0732,192,3,60592510
7963,70,582050,7020,747,0732,216,3,70592510
7964,60,452515,5020,645,0512,192,3,60591510
7965,80,304015,8010,844,0215,240,3,80306540
7966,60,552510,5020,645,0712,192,3,60595510
7967,60,501090,5020,645,0618,192,3,60593010
7968,60,555090,5020,645,0728,192,3,60597010
7969,60,551510,5010,645,0710,192,3,60591010
7970,80,304025,8010,844,0215,240,3,80306540
7971,60,551510,5020,645,0710,192,3,60591010
7972,60,551510,5020,645,0710,192,3,60591010
7973,60,553520,5020,645,0714,192,3,60593010
7974,60,553520,5020,645,0714,192,3,60593010
7975,60,553025,5020,645,0713,192,3,60594015
7976,60,452515,5020,645,0512,192,3,60591510
7977,60,452515,5020,645,0512,192,3,60591510
7981,60,573020,5520,655,0715,198,3,50582020
7982,60,582050,5520,655,0732,198,3,50581515
7983,60,501095,5520,655,0618,198,3,50582010
7984,60,573020,5520,655,0715,198,3,50583015
7985,60,573020,5520,655,0715,198,3,50583015
7986,60,554015,5520,655,0718,210,3,50589530
7987,60,573020,5520,655,0715,198,3,50583015
7988,60,554015,5520,655,0718,210,3,50589530
7995,70,453010,7010,747,0518,216,3,70352210
8000,80,451010,8010,844,0500,252,3,80351010
8001,70,457510,9510,741,0541,0,5,70355010
8002,70,457010,9510,741,0533,0,5,70353015
8003,70,454010,9510,741,0531,0,5,70354710
8004,70,451510,9510,741,0511,0,5,70351710
8005,70,501025,9510,741,0618,0,5,70356010
8006,70,501025,7010,747,0618,216,3,70356010
8007,70,501025,7010,747,0618,216,3,70356010
8008,70,501025,7010,747,0618,216,3,70356010
8009,70,501025,7010,747,0618,216,3,70356010
8010,70,457010,7010,747,0533,216,3,70353015
8011,70,457010,7010,747,0533,216,3,70353015
8012,70,457010,7010,747,0533,216,3,70353015
8013,70,457010,7010,747,0533,216,3,70353015
8014,70,454010,7010,747,0531,216,3,70354710
8015,70,454010,7010,747,0531,216,3,70354710
8016,70,454010,7010,747,0531,216,3,70354710
8017,70,454010,7010,747,0531,216,3,70354710
8018,70,554015,7020,747,0718,216,3,70596510
8019,70,554015,7010,747,0718,216,3,70359520
8020,70,554015,7020,747,0718,216,3,70596510
8021,60,456010,5010,645,0532,192,3,60353025
8022,70,457510,7010,747,0541,216,3,70355010
8023,70,457510,7010,747,0541,216,3,70355010
8024,70,457510,7010,747,0541,216,3,70355010
8025,70,457510,7010,747,0541,216,3,70355010
8026,60,582050,5020,645,0732,192,3,60592510
8027,70,451010,7010,747,0500,216,3,70356040
8028,70,409020,7010,747,0418,216,3,70396010
8029,70,654530,8550,757,0915,216,3,70909525
8030,70,751015,8550,757,1031,216,3,70951510
8031,70,501025,7010,747,0618,204,3,70356010
8032,70,457510,7010,747,0541,204,3,70355010
8033,70,457010,7010,747,0533,204,3,70353015
8034,70,454010,7010,747,0531,204,3,70354710
8035,70,458010,7010,747,0542,204,3,70355510
8036,70,252020,7010,747,0222,204,3,70252515
8037,70,456510,7010,747,0533,204,3,70353010
8038,70,454515,7010,747,0532,204,3,70353020
8039,60,552510,5010,645,0712,192,3,60805010
8040,60,454015,5010,645,0531,192,3,60352210
8041,60,458010,5010,645,0542,192,3,60355510
8042,60,554010,5020,645,0718,192,3,60596010
8043,70,552510,7020,747,0712,216,3,70805015
8044,60,456510,5010,645,0533,192,3,60353010
8045,60,453025,5010,645,0518,192,3,60353025
8046,70,452515,7020,747,0512,216,3,70591510
8047,70,501095,8550,757,0618,216,3,70356040
8048,70,309515,8550,757,0218,216,3,70301510
8049,60,454515,5010,645,0532,192,3,60353020
8050,60,452010,5010,645,0512,192,3,60351510
8051,70,581510,7010,747,0731,216,3,70301510
8052,60,554015,5010,645,0718,192,3,60599530
8053,70,302010,8550,757,0212,216,3,70305010
8054,70,581520,8550,757,0731,216,3,70301010
8055,70,555030,8550,757,0721,216,3,70597010
8056,70,655510,8550,757,0900,216,3,70905010
8057,70,581010,8550,757,0730,216,3,70592510
8058,70,402510,8550,757,0413,216,3,70599530
8059,60,458515,5010,645,0542,192,3,60355020
8060,70,455010,7010,747,0532,216,3,70805015
8061,70,402510,8550,757,0413,216,3,70599530
8062,70,554015,7020,747,0718,216,3,70596510
8063,70,554015,7020,747,0718,216,3,70596510
8064,70,451010,7010,747,0500,216,3,70356040
8065,70,451010,7010,747,0500,216,3,70356015
8066,60,501025,5010,645,0618,192,3,60356010
8067,60,501025,5010,645,0618,192,3,60356010
8068,60,501025,5010,645,0618,192,3,60356010
8069,70,501095,7010,747,0618,216,3,70356040
8070,70,501015,7010,747,0612,216,3,70356015
8072,70,501025,7010,747,0618,216,3,70356010
8073,70,501025,7010,747,0618,216,3,70356010
8074,70,457510,7010,747,0541,216,3,70355010
8075,60,555086,5020,645,0728,192,3,60597010
8076,70,554015,7020,747,0718,216,3,70596510
8077,70,457510,7010,747,0541,216,3,70355010
8078,70,451010,7010,747,0500,198,7,70351010
8079,70,552510,7010,747,0712,216,3,70805010
8080,70,451010,7010,747,0500,216,3,70351010
8081,70,501025,7010,747,0618,216,3,70356010
8082,70,457510,7010,747,0541,216,3,70355010
8083,70,457010,7010,747,0533,216,3,70353015
8084,70,456510,7010,747,0533,216,3,70353010
8085,70,454515,7010,747,0532,216,3,70353020
8086,70,454515,7010,747,0532,216,3,70353020
8087,70,454515,7010,747,0532,216,3,70353020
8088,70,454515,7010,747,0532,216,3,70353020
8089,70,454515,7010,747,0532,216,3,70353020
8090,70,452010,7010,747,0512,216,3,70351510
8091,70,458010,7010,747,0542,216,3,70355510
8092,70,454010,7010,747,0531,216,3,70354710
8093,70,252020,7010,747,0222,216,3,70252515
8094,70,454510,7010,747,0532,216,3,70353510
8095,70,453025,7010,747,0518,216,3,70353025
8096,70,457010,7010,747,0533,216,3,70353025
8097,70,459010,7010,747,0548,216,3,70355010
8098,70,554015,7010,747,0718,216,3,70596510
8099,70,458515,7010,747,0542,216,3,70355020
8100,60,501090,5020,645,0618,192,3,60593010
8101,60,452015,5010,645,0512,192,3,60352020
8102,60,452015,5010,645,0512,192,3,60352020
8103,60,452015,5010,645,0512,192,3,60352020
8104,60,452015,5010,645,0512,192,3,60352020
8105,60,501095,5010,645,0618,192,3,60356020
8106,60,451510,5010,645,0511,192,3,60351710
8107,60,451510,5010,645,0511,192,3,60351710
8108,60,451510,5010,645,0511,192,3,60351710
8109,60,451510,5010,645,0511,192,3,60351710
8110,60,501025,5010,645,0618,192,3,60356010
8111,60,501025,5010,645,0618,192,3,60356010
8112,60,501025,5010,645,0618,192,3,60356010
8113,60,501025,5010,645,0618,192,3,60356010
8114,60,451010,5010,645,0710,192,3,60356040
8115,70,457010,7010,747,0533,216,3,70353025
8116,60,457510,5010,645,0541,192,3,60355010
8117,70,459010,7010,747,0548,216,3,70355015
8118,70,459010,7010,747,0548,216,3,70355015
8119,60,457010,5010,645,0533,192,3,60353015
8120,60,457010,5010,645,0533,192,3,60353015
8121,60,457010,5010,645,0533,192,3,60353015
8122,60,457010,5010,645,0533,192,3,60353015
8123,60,455010,5010,645,0532,192,3,60353710
8124,60,455010,5010,645,0532,192,3,60353710
8125,60,455010,5010,645,0532,192,3,60353710
8126,60,455010,5010,645,0532,192,3,60353710
8127,70,455515,7010,746,0532,216,3,70354010
8128,60,452015,5010,645,0512,192,3,60352015
8129,60,554015,5010,645,0718,192,3,60596510
8130,60,501095,5010,645,0618,192,3,60356020
8131,70,455510,7010,747,0532,210,3,70354010
8132,60,451010,5010,645,0500,192,3,60351010
8133,60,459010,5010,645,0548,192,3,60355015
8134,60,501015,5010,645,0612,192,3,60356015
8135,60,501025,5010,645,0618,192,3,60356010
8136,60,454010,5010,645,0531,192,3,60354710
8137,60,457010,5010,645,0533,192,3,60353015
8138,60,457510,5010,645,0541,192,3,60355010
8139,60,451510,5010,645,0511,192,3,60351710
8140,60,552015,5020,645,0711,192,3,60591520
8141,70,455510,7010,747,0532,216,3,70354010
8142,70,455510,7010,747,0532,216,3,70354010
8143,70,455510,7010,747,0532,216,3,70354010
8144,70,455510,7010,747,0532,216,3,70354010
8145,70,455510,7010,747,0532,216,3,70354010
8146,70,455510,7010,747,0532,216,3,70354010
8147,60,455510,5010,645,0532,192,3,60354010
8148,60,455510,5010,645,0532,192,3,60354010
8149,60,452010,5010,645,0512,192,3,60351510
8150,60,452015,5010,645,0512,192,3,60352015
8151,70,454015,7010,747,0531,216,3,70352210
8152,60,452515,5010,645,0512,192,3,60351710
8153,60,451515,5010,645,0511,192,3,60351715
8154,60,451510,5010,645,0511,192,3,60351710
8155,60,452015,5010,645,0512,192,3,60352010
8156,60,452010,5010,645,0512,192,3,60351510
8157,60,452010,5010,645,0512,192,3,60351510
8158,60,452010,5010,645,0512,192,3,60351510
8159,60,452010,5010,645,0512,192,3,60351510
8161,60,452010,5010,645,0512,192,3,60351510
8162,60,452010,5010,645,0512,192,3,60351510
8163,60,554015,5020,645,0718,192,3,60596510
8164,60,458510,5010,645,0542,192,3,60355020
8165,70,457510,7010,747,0541,198,7,70355010
8166,70,501025,7010,747,0618,198,7,70356010
8167,60,451010,5010,645,0500,192,3,60356040
8168,60,457510,5010,645,0541,192,3,60355010
8169,60,451510,5010,645,0511,192,3,60351710
8170,60,459010,5010,645,0548,192,3,60356010
8171,70,455010,7010,747,0532,204,3,70353710
8172,60,459010,5010,645,0548,192,3,60356010
8173,70,459010,7010,747,0548,216,3,70356010
8174,70,554010,7020,747,0718,216,3,70596010
8175,70,555086,7020,747,0728,216,3,70356040
8176,60,454010,5010,645,0531,192,3,60354710
8177,60,454010,5010,645,0531,192,3,60354710
8178,60,454010,5010,645,0531,192,3,60354710
8179,60,454010,5010,645,0531,192,3,60354710
8180,60,353520,5010,645,0314,192,3,60353715
8181,70,353520,7010,747,0314,216,3,70353710
8182,70,353520,7010,747,0314,216,3,70353710
8183,70,455010,7010,747,0532,216,3,70353710
8184,70,455010,7010,747,0532,216,3,70353710
8185,70,455010,7010,747,0532,216,3,70353710
8186,60,455010,5010,645,0532,192,3,60353710
8187,60,455010,5010,645,0532,192,3,60353710
8188,60,454510,5010,645,0532,192,3,60353510
8189,70,454510,7010,747,0532,216,3,70353510
8190,60,457510,5010,645,0541,192,3,60355010
8191,60,457510,5010,645,0541,192,3,60355010
8192,60,457510,5010,645,0541,192,3,60355010
8193,60,457510,5010,645,0541,192,3,60355010
8194,60,451515,5010,645,0511,192,3,60351715
8195,60,451515,5010,645,0511,192,3,60351715
8196,60,451515,5010,645,0511,192,3,60351715
8197,60,451515,5010,645,0511,192,3,60351715
8198,70,459010,7010,747,0548,216,3,70356010
8199,70,459010,7010,747,0548,216,3,70356010
8200,70,451510,7010,747,0511,216,3,70351710
8201,70,453020,7010,747,0518,216,3,70352510
8202,70,452010,7010,747,0512,216,3,70351510
8203,70,452010,7010,747,0512,216,3,70359520
8204,70,451515,7010,747,0511,216,3,70351715
8205,70,452015,7010,747,0512,216,3,70352015
8206,70,451510,7010,747,0511,216,3,70351710
8207,70,451510,7010,747,0511,216,7,70351710
8208,70,451510,7010,747,0511,216,3,70351710
8209,70,451510,7010,747,0511,216,3,70351710
8210,70,451510,7010,747,0511,210,3,70351710
8211,70,501095,7010,747,0618,216,3,70253510
8212,70,451515,7010,747,0511,216,3,70351715
8213,70,451515,7010,747,0511,216,3,70351715
8214,70,451515,7010,747,0511,216,3,70351715
8215,70,451515,7010,747,0511,216,3,70351715
8216,70,354520,7010,747,0318,216,3,70805090
8217,70,452010,7010,747,0512,216,3,70351510
8218,70,452010,7010,747,0512,216,3,70351510
8219,70,452010,7010,747,0512,216,3,70351510
8220,70,452010,7010,747,0512,216,3,70351510
8221,70,451525,7010,747,0511,216,3,70359520
8222,70,451525,7010,747,0511,216,3,70359520
8223,70,451520,7010,747,0511,216,3,70359520
8224,70,451520,7010,747,0511,216,3,70359520
8225,70,451515,7010,747,0511,216,3,70351715
8226,70,451510,7010,747,0511,216,3,70351710
8227,70,452010,7010,747,0512,216,3,70351510
8228,70,452010,7010,747,0512,216,3,70351510
8229,70,501095,7010,747,0618,216,3,70593015
8231,70,452515,7010,747,0512,216,3,70351710
8232,70,458510,7010,747,0542,216,3,70355020
8233,70,453030,7010,747,0518,216,3,70359510
8234,70,453510,7010,747,0528,216,3,70804510
8235,70,452010,7010,747,0512,216,3,70351720
8236,70,452015,7010,747,0512,216,3,70352020
8237,70,452015,7010,747,0512,216,3,70352020
8238,70,452015,7010,747,0512,216,3,70352020
8239,70,452015,7010,747,0512,216,3,70352020
8240,70,455010,7010,747,0532,216,3,70353710
8241,70,455010,7010,747,0532,216,3,70353710
8242,70,455010,7010,747,0532,216,3,70353710
8243,70,455010,7010,747,0532,216,3,70353710
8244,70,554015,7020,747,0718,216,3,70599515
8245,70,453015,7010,747,0518,216,3,70759510
8246,60,573020,5020,645,0715,192,3,60595010
8247,60,453030,5010,645,0518,192,3,60351010
8248,70,452010,7010,747,0512,216,3,70352015
8249,70,453030,7010,747,0518,216,3,70351510
8250,70,355015,7010,747,0321,216,3,70253010
8251,70,582060,7010,747,0738,216,3,70592510
8252,70,655515,7010,747,0918,204,3,70354510
8253,60,655515,5010,645,0918,192,3,60354510
8254,70,582050,7020,747,0732,216,3,70592510
8255,60,204015,6010,651,0114,216,3,50202515
8256,70,655515,7010,747,0918,216,3,70354510
8257,70,555090,7010,747,0728,216,3,70597010
8258,70,655515,7010,747,0918,216,3,70354510
8259,70,655515,7010,747,0918,216,3,70354510
8260,70,354520,8550,757,0318,216,3,70805020
8261,60,553520,5020,645,0714,192,3,60593010
8262,70,553520,7020,747,0714,216,3,70593010
8263,70,554015,7020,747,0718,216,3,70599515
8264,70,582050,7020,747,0732,216,3,70592510
8265,60,452515,5010,645,0512,192,3,60591510
8266,60,452515,5520,655,0512,198,3,50584510
8267,60,573020,5520,655,0715,198,3,50583015
8268,60,551510,5520,655,0710,198,3,50593510
8270,70,452515,7010,747,0512,216,3,70591510
8271,60,581515,5010,645,0731,192,3,60594510
8272,70,581515,7010,747,0731,216,3,70594510
8275,70,453015,7010,747,0518,216,3,70752510
8281,70,258010,7010,747,0232,204,3,70252710
8282,60,582050,5020,645,0732,192,3,60592510
8283,70,455010,7010,747,0532,216,3,70353710
8284,70,553510,7020,747,0714,216,3,70593510
8285,60,401010,5010,645,0410,192,3,60396510
8290,60,554510,5020,645,0719,192,3,60592010
8291,60,453020,5010,645,0518,192,3,60352510
8292,60,453020,5010,645,0518,192,3,60352510
8295,70,554510,7010,747,0719,216,3,70352510
8296,70,453020,7010,747,0518,216,3,70352510
8300,70,581520,7020,747,0731,216,3,70592515
8301,80,459010,8010,844,0548,252,3,80355015
8302,70,582050,7020,747,0732,216,3,70599525
8303,70,601530,7010,747,0811,216,3,70759510
8304,70,553025,7020,747,0713,216,3,70594010
8305,70,553025,7020,747,0713,216,3,70594010
8306,70,553025,7020,747,0713,216,3,70594015
8307,70,501090,7020,747,0618,216,3,70593010
8308,70,553520,7020,747,0714,216,3,70593010
8309,70,554015,7020,747,0718,216,3,70596510
8310,70,554015,7010,747,0718,216,3,70599510
8311,70,554015,7020,747,0718,216,3,70599530
8312,70,554010,7020,747,0718,216,3,70596020
8313,70,452010,7020,747,0512,216,3,70591520
8314,70,402510,7010,747,0413,216,3,70599515
8315,70,555086,7020,747,0728,216,3,70597010
8316,70,555090,7020,747,0728,216,3,70596510
8317,70,501095,7010,747,0618,216,3,70593010
8318,70,554015,7020,747,0718,216,3,70596510
8319,70,453030,7010,747,0518,216,3,70395510
8320,70,554015,7010,747,0718,216,3,70599530
8321,70,551510,7010,747,0710,216,3,70591010
8322,70,581520,7020,747,0731,216,3,70592515
8323,70,551510,7010,747,0710,216,3,70591010
8324,70,555086,7020,747,0728,216,3,70597010
8325,70,551510,7010,747,0710,216,3,70591010
8326,70,581510,7020,747,0731,216,3,70592510
8327,70,554010,7020,747,0718,216,3,70596010
8328,70,554010,7020,747,0718,216,3,70596020
8329,70,554010,7020,747,0718,216,3,70596015
8330,70,554015,7020,747,0718,216,3,70593010
8331,70,555090,7020,747,0728,216,3,70597010
8332,70,554010,7020,747,0718,216,3,70596020
8333,70,452515,7020,747,0512,216,3,70591510
8334,70,552015,7020,747,0711,216,3,70591520
8335,70,582050,7020,747,0732,216,3,70592510
8336,70,555086,7020,747,0728,216,3,70597010
8337,70,553520,7020,747,0714,216,3,70593010
8338,70,554510,7020,747,0719,216,3,70592010
8339,70,501090,7020,747,0618,216,3,70593015
8340,70,551510,7010,747,0710,216,3,70591010
8341,70,453030,7020,747,0518,216,3,70591520
8342,70,551510,7020,747,0710,216,3,70599530
8343,70,553025,7020,747,0713,216,3,70594015
8344,70,553520,7020,747,0714,216,3,70593010
8345,70,582050,7020,747,0732,216,3,70592510
8346,70,452515,7020,747,0512,216,3,70591510
8347,70,555082,7020,747,0724,216,3,70599520
8348,70,553520,7020,747,0714,216,3,70596510
8349,70,501015,7010,747,0612,216,3,70356040
8350,70,501095,7010,747,0618,216,3,70391510
8351,70,452515,7020,747,0512,216,3,70591510
8352,70,554015,7010,747,0718,216,3,70599530
8353,70,553025,7020,747,0713,216,3,70594015
8354,70,553020,7020,747,0713,216,3,70592510
8355,70,582050,7020,747,0732,216,3,70592510
8356,70,582050,7020,747,0732,216,3,70592515
8357,70,552510,7020,747,0712,216,3,70595510
8358,70,452010,7020,747,0512,216,3,70591520
8359,70,582060,7010,747,0738,216,3,70592510
8360,70,582050,7020,747,0732,216,3,70592510
8361,70,582050,7010,747,0732,216,3,70592510
8362,70,582060,7010,747,0738,216,3,70592510
8363,70,552510,7020,747,0712,216,3,70595510
8364,70,555090,7010,747,0728,216,3,70599530
8365,70,581510,7020,747,0731,216,3,70592510
8366,70,582050,7020,747,0732,216,3,70592510
8367,70,555090,7020,747,0728,216,3,70596510
8368,70,554510,7020,747,0719,216,3,70592010
8369,70,554510,7020,747,0719,216,3,70592010
8370,70,554510,7020,747,0719,216,3,70592010
8371,70,452515,7020,747,0512,216,3,70591510
8372,70,553025,7020,747,0713,216,3,70594015
8373,70,553520,7020,747,0714,216,3,70596510
8374,70,582050,7010,747,0732,216,3,70592510
8375,70,555086,7020,747,0728,216,3,70599515
8376,70,551010,7020,747,0700,216,3,70599530
8377,70,581510,8550,757,0731,12,3,70301510
8378,70,555086,7020,747,0728,216,3,70597010
8379,60,703015,8540,655,1015,192,3,50383010
8380,70,304015,8550,757,0215,204,3,70306555
8381,70,304015,8550,757,0215,204,3,70306555
8382,70,304015,8550,757,0215,204,3,70306540
8383,70,202020,8550,757,0111,204,3,70306540
8384,70,304015,8550,757,0215,204,3,70306540
8385,70,304015,8550,757,0215,204,3,70306540
8386,70,304035,8550,757,0215,204,3,70306540
8387,70,553025,7020,747,0713,216,3,70594015
8388,70,553025,7020,747,0713,216,3,70594015
8391,70,655520,7010,747,0918,204,3,70903010
8392,70,401010,7010,747,0410,204,3,70396010
8393,70,501025,7010,747,0618,204,3,70356010
8400,60,601530,5010,645,0811,192,3,60802010
8401,50,204015,8530,554,0114,168,3,40202515
8402,60,602515,5010,645,0818,192,3,60804010
8403,60,453015,5010,645,0518,192,3,60752515
8404,60,602510,5010,645,0818,192,3,60802015
8405,60,654530,5010,645,0915,192,3,60759510
8406,60,453015,5010,645,0518,192,3,60752510
8407,60,602035,5010,645,0812,192,3,60804510
8408,50,656520,8530,554,0922,168,3,40202515
8409,60,581525,5010,645,0731,192,3,60804510
8410,60,604015,5010,645,0841,192,3,60803010
8411,60,603015,5010,645,0821,192,3,60803510
8412,60,601530,5010,645,0811,192,3,60802510
8413,50,981030,8530,554,9999,168,3,40971010
8414,70,501025,7010,747,0618,216,3,70356010
8415,70,604015,7010,747,0841,222,3,70803010
8416,70,601530,7010,747,0811,216,3,70802510
8417,60,601530,5010,645,0811,192,3,60802510
8418,70,601530,7010,747,0811,216,3,70802510
8419,70,405010,7010,747,0421,216,3,70393010
8420,60,453510,5010,645,0528,192,3,60805090
8421,60,601530,5010,645,0811,192,3,60805090
8422,70,601530,7010,747,0811,216,3,70802010
8423,70,352010,7010,747,0312,216,3,70393510
8424,70,451010,7010,747,0500,216,3,70359520
8425,70,202020,7010,747,0111,216,3,70203010
8426,70,501025,7010,747,0618,216,3,70356010
8427,70,401010,7010,747,0410,216,3,70396010
8428,70,654515,7010,747,0915,216,3,70901510
8429,70,401010,7010,747,0410,216,3,70396010
8430,70,654515,7010,747,0915,216,3,70902010
8431,70,258415,7010,747,0238,216,3,70258920
8432,70,652510,7010,747,0913,216,3,70904010
8433,70,405010,7010,747,0421,216,3,70393010
8434,70,652525,7010,747,0913,216,3,70904510
8435,70,551510,7020,747,0710,216,3,70599515
8436,70,202010,7010,747,0111,216,3,70203020
8437,70,401510,7010,747,0411,216,3,70391510
8438,70,652525,7010,747,0913,216,3,70909525
8439,70,453030,7010,747,0518,216,3,70359510
8440,60,203510,8540,655,0113,192,3,50202010
8441,50,656525,8590,554,0922,168,3,40202515
8442,50,204015,8590,554,0114,168,3,40202515
8443,50,201010,8590,554,0111,168,3,40202515
8444,50,657015,8590,554,0923,168,3,40202515
8445,60,209010,8540,655,0118,204,3,50202010
8446,60,657010,8540,651,0923,192,3,50384010
8447,60,656525,8540,651,0922,198,3,50201510
8448,60,657015,8540,655,0923,186,3,50202515
8449,70,451510,7010,747,0511,216,3,70351710
8450,70,554010,7020,747,0718,216,3,70596020
8451,70,453030,7020,747,0518,216,3,70591515
8452,70,454010,7010,747,0531,216,3,70354710
8453,70,582050,7020,747,0732,216,3,70592510
8454,70,501090,7020,747,0618,216,3,70593015
8455,70,501025,7010,747,0618,216,3,70356010
8456,70,459010,7010,747,0548,216,3,70356010
8457,70,554015,7020,747,0718,216,3,70593010
8458,70,455515,7010,747,0532,216,3,70354010
8459,70,501015,7010,747,0612,216,3,70356040
8460,70,405010,7010,747,0421,216,3,70393010
8461,70,457510,7010,747,0541,216,3,70355010
8462,70,573020,7020,747,0715,216,3,70595010
8463,70,601530,7010,747,0811,216,3,70802010
8464,70,452015,7010,747,0512,216,3,70352015
8465,70,554510,7010,747,0719,216,3,70352510
8466,70,457010,7010,747,0533,216,3,70353015
8467,70,401510,7010,747,0411,216,3,70391510
8468,70,252020,7010,747,0222,216,3,70252515
8469,70,458010,7010,747,0542,216,3,70355510
8470,70,652525,7010,747,0913,216,3,70909525
8471,70,652525,7010,747,0913,216,3,70904510
8472,70,554015,7020,747,0718,216,3,70599515
8473,70,454015,7010,747,0531,216,3,70352210
8474,70,452010,7010,747,0512,216,3,70351510
8475,70,459010,7010,747,0548,216,3,70355015
8476,70,552015,7020,747,0711,216,3,70591520
8477,70,581510,7020,747,0731,216,3,70592510
8478,70,554015,7010,747,0718,216,3,70599530
8479,70,453030,7020,747,0518,216,3,70591520
8480,70,552510,7020,747,0712,216,3,70595510
8481,70,209015,7010,747,0118,216,3,70203020
8482,70,209015,7010,747,0118,216,3,70203020
8483,70,209020,7010,747,0118,216,3,70203020
8484,70,201010,7010,747,0111,216,3,70203015
8485,70,257210,7010,747,0231,216,3,70397010
8486,70,554015,7020,747,0718,216,3,70599530
8487,70,209015,7010,747,0118,216,3,70203020
8488,70,209015,7010,747,0118,216,3,70203020
8489,70,555086,7010,747,0728,216,3,70597010
8490,70,554010,7020,747,0718,216,3,70596020
8491,70,452515,7020,747,0512,216,3,70591510
8492,70,554015,7020,747,0718,216,3,70596510
8493,70,452010,7020,747,0512,216,3,70591520
8494,70,582050,7020,747,0732,216,3,70592510
8495,70,553520,7020,747,0714,216,3,70593010
8496,70,555086,7020,747,0728,216,3,70597010
8497,70,554015,7020,747,0718,216,3,70596510
8498,70,554015,7020,747,0718,216,3,70593010
8499,70,554010,7020,747,0718,216,3,70596010
8500,70,554015,7020,747,0718,216,3,70596510
8501,60,201010,8540,655,0111,192,3,50203015
8502,60,204010,8590,655,0114,192,3,50202510
8503,60,202010,8540,655,0111,192,3,50203020
8504,60,656525,8540,655,0922,192,3,50202515
8505,60,355010,8540,655,0321,192,3,50242510
8506,60,703015,8540,655,1015,192,3,50383010
8507,60,201015,8540,655,0111,192,3,50202515
8508,60,204010,8540,655,0114,192,3,50202515
8509,60,554015,8540,655,0718,192,3,50589530
8510,60,402510,8540,655,0413,192,3,50381010
8511,60,354010,8540,655,0314,204,3,50381510
8512,60,657010,8540,655,0923,192,3,50894590
8513,60,554015,8540,655,0718,192,3,50859510
8514,70,554510,7020,747,0719,216,3,70592010
8515,70,553520,7020,747,0714,216,3,70596510
8516,70,555090,7020,747,0728,216,3,70597010
8517,60,994020,8540,655,9999,192,3,50971010
8518,60,404020,8540,655,0416,192,3,50382510
8519,60,402510,8540,655,0413,192,3,50381510
8520,60,355010,8540,655,0321,192,3,50242510
8521,60,355010,8540,655,0321,204,3,50242510
8522,60,209015,8540,655,0118,192,3,50203020
8523,50,257010,8590,554,0231,168,3,40202515
8524,60,402510,8540,655,0413,192,3,50381510
8525,60,354020,8540,655,0314,192,3,50384010
8526,60,703015,8540,655,1015,192,3,50383010
8527,70,552510,7020,747,0712,216,3,70595510
8528,70,453030,7020,747,0518,216,3,70591520
8529,70,553520,7020,747,0714,216,3,70593010
8530,70,551510,7020,747,0710,216,3,70599530
8531,70,501090,7020,747,0618,216,3,70593010
8532,70,555090,7020,747,0728,216,3,70596510
8533,70,554015,7020,747,0718,216,3,70596510
8534,70,554010,7020,747,0718,216,3,70596020
8535,70,553025,7020,747,0713,216,3,70594015
8536,70,553025,7020,747,0713,216,3,70594015
8537,70,553025,7020,747,0713,216,3,70594010
8538,70,501095,7010,747,0618,216,3,70396010
8539,70,352530,7010,747,0312,216,3,70391510
8540,70,652525,7010,747,0913,216,3,70904510
8541,70,401510,7010,747,0411,216,3,70391510
8542,70,401510,7010,747,0411,216,3,70391510
8543,70,501025,7010,747,0618,216,3,70356010
8544,70,552015,7020,747,0711,216,3,70591520
8545,70,554015,7020,747,0718,216,3,70599530
8546,70,453030,7020,747,0518,216,3,70591520
8547,70,554010,7020,747,0718,216,3,70596010
8548,70,452515,7020,747,0512,216,3,70591510
8549,70,554015,7020,747,0718,216,3,70596510
8550,70,582050,7020,747,0732,216,3,70592510
8551,60,453510,8540,665,0528,192,3,50805090
8552,60,654530,8540,655,0915,192,3,50752010
8553,60,551510,8540,655,0710,192,3,50581010
8554,60,271040,8590,651,0211,192,3,50589525
8555,60,271040,8590,651,0211,192,3,50589525
8556,60,602015,8540,655,0812,192,3,50804510
8557,60,554015,8540,655,0718,192,3,50589530
8558,60,551510,8540,655,0710,192,3,50581010
8559,60,453030,8540,655,0518,192,3,50751510
8560,60,553030,8540,655,0713,192,3,50582510
8561,60,553515,8540,655,0714,192,3,50582020
8562,60,582045,8540,655,0732,192,3,50581515
8563,60,554010,5520,655,0718,198,3,50584010
8564,60,801510,8540,655,1041,192,3,50859510
8565,70,581510,7020,747,0731,216,3,70592510
8566,70,553025,7020,747,0713,216,3,70594015
8567,70,553025,7020,747,0713,216,3,70594015
8568,70,552510,7020,747,0712,216,3,70595510
8569,70,555086,7020,747,0728,216,3,70597010
8570,70,554015,7020,747,0718,216,3,70593010
8571,70,554010,7020,747,0718,216,3,70596020
8572,70,554510,7020,747,0719,216,3,70592010
8573,70,453030,7020,747,0518,216,3,70591520
8574,70,554015,7020,747,0718,216,3,70596510
8575,70,551510,7020,747,0710,216,3,70599530
8576,70,501090,7020,747,0618,216,3,70593010
8577,70,452010,7020,747,0512,216,3,70591520
8578,70,553520,7020,747,0714,216,3,70593010
8579,70,555090,7020,747,0728,216,3,70597010
8580,70,553520,7020,747,0714,216,3,70596510
8581,70,554015,7020,747,0718,216,3,70596510
8582,70,554015,7020,747,0718,216,3,70599530
8583,70,554015,7020,747,0718,216,3,70596510
8584,70,501095,8550,757,0618,216,3,70391010
8585,70,457510,8550,757,0541,216,3,70355010
8586,60,402510,8540,655,0413,204,3,50381510
8587,70,501020,8550,757,0613,216,3,70599510
8588,70,255015,8550,757,0228,216,3,70253710
8589,70,501095,8550,747,0618,216,3,70391010
8590,70,555090,7020,747,0728,216,3,70596510
8591,70,554010,7020,747,0718,216,3,70596020
8592,70,553520,7020,747,0714,216,3,70593010
8593,70,552510,7020,747,0712,216,3,70595510
8594,70,553025,7020,747,0713,216,3,70594010
8595,70,555086,7010,747,0728,216,3,70597010
8596,70,553515,7020,747,0714,216,3,70593510
8597,70,501090,7020,747,0618,216,3,70593010
8598,70,501090,7020,747,0618,216,3,70593010
8599,60,981030,8540,655,9999,192,3,50971010
8600,60,402510,8540,655,0413,192,3,50381510
8601,60,401515,8540,655,0411,204,3,50381510
8602,60,401515,8540,655,0411,192,3,50382010
8603,60,657010,8540,655,0923,204,3,50384010
8604,50,402510,8530,554,0413,168,3,40381510
8605,70,554015,7020,747,0718,216,3,70599530
8606,70,553510,7020,747,0714,216,3,70593510
8607,70,554010,7020,747,0718,216,3,70596020
8608,70,582050,7020,747,0732,216,3,70592510
8609,70,501095,7010,747,0618,216,3,70356040
8610,70,501090,7020,747,0618,216,3,70593015
8611,70,554015,7020,747,0718,216,3,70593010
8612,70,453030,7020,747,0518,216,3,70591515
8613,70,573020,7020,747,0715,216,3,70595010
8614,70,573020,7020,747,0715,216,3,70595010
8615,70,501015,7010,747,0612,216,3,70356015
8616,70,354025,7010,747,0314,216,3,70394520
8620,60,501090,8540,655,0618,192,3,50582015
8621,60,551510,8540,651,0710,198,3,50589530
8622,60,402510,8540,655,0413,192,3,50381510
8623,60,554015,5520,655,0718,198,3,50585020
8624,60,501090,8540,655,0618,192,3,50582015
8625,60,501015,8540,655,0612,192,3,50582015
8626,60,501015,8540,655,0612,204,3,50582015
8627,60,453510,8540,655,0528,192,3,50805090
8628,60,501015,8540,655,0612,192,3,50582015
8629,60,501015,8540,655,0612,192,3,50582015
8630,60,703010,8540,655,1014,192,3,50383010
8631,60,209020,8540,655,0118,192,3,50203020
8632,60,652520,8540,655,0913,192,3,50891010
8633,60,652525,6010,651,0913,204,3,50893510
8634,60,652525,8590,651,0913,196,3,50893510
8635,60,652525,6010,651,0913,204,3,50893510
8636,60,651510,8540,655,0911,192,3,50894010
8637,60,652525,8540,655,0913,192,3,50892510
8638,60,657015,8540,655,0923,192,3,50384010
8639,60,656010,8540,655,0921,192,3,50892510
8640,60,652525,6010,655,0913,204,3,50893510
8641,60,652525,6010,655,0913,210,3,50893510
8642,60,652525,6010,655,0913,210,3,50893510
8643,60,652525,6010,655,0913,204,3,50893510
8644,60,652525,6010,655,0913,210,3,50893510
8645,60,652525,6010,655,0913,204,3,50893510
8646,60,652525,6010,655,0913,204,3,50893510
8647,70,652525,7010,747,0913,216,3,70909525
8648,70,652525,7010,747,0913,216,3,70909525
8655,60,656525,8540,655,0922,192,3,50202515
8656,60,657015,8540,655,0923,192,3,50384010
8657,60,652525,8540,655,0913,192,3,50891010
8658,60,657015,8540,655,0923,204,3,50381510
8670,60,304015,8540,655,0215,192,3,50306540
8671,60,304045,8540,655,0215,192,3,50306510
8672,60,304015,8540,655,0215,192,3,50306540
8673,60,501095,8540,655,0618,192,3,50382510
8674,60,304015,8540,655,0215,192,3,50306540
8701,70,354035,7010,747,0314,216,3,70394525
8702,70,452010,7010,747,0512,216,3,70351510
8703,70,355015,7010,747,0321,216,3,70253010
8704,70,501025,7010,747,0618,216,3,70356010
8705,70,257810,7010,747,0232,216,3,70255210
8706,70,254510,7010,747,0223,216,3,70252010
8707,70,354510,7010,747,0318,216,3,70392510
8708,70,252010,7010,747,0222,216,3,70252210
8709,70,501095,7010,747,0618,216,3,70356020
8710,70,355010,7010,747,0321,216,3,70253210
8711,70,354515,7010,747,0318,216,3,70253015
8712,70,453020,7010,747,0518,216,3,70352510
8713,70,457010,7010,747,0533,216,3,70353025
8714,70,452015,7010,747,0512,216,3,70352020
8715,70,354015,7010,747,0314,216,3,70391510
8716,70,255015,7010,747,0228,216,3,70259525
8717,70,655520,7010,747,0918,216,3,70909525
8718,70,402510,7010,747,0413,216,3,70391510
8719,70,352520,7010,747,0312,216,3,70392510
8720,70,352010,7010,747,0312,216,3,70393515
8721,70,355015,7010,747,0321,216,3,70253010
8722,70,354510,7010,747,0318,216,3,70392510
8723,70,352530,7010,747,0312,216,3,70391510
8724,70,354025,7010,747,0314,216,3,70394520
8725,70,354035,7010,747,0314,216,3,70394525
8726,70,552510,7010,747,0712,216,3,70595510
8727,70,402510,7010,747,0413,216,3,70391510
8728,70,453510,7010,747,0528,216,3,70359520
8729,70,354525,7010,747,0318,216,3,70393010
8730,70,355015,7010,747,0321,204,3,70253010
8731,70,457510,7010,747,0541,216,3,70355010
8732,70,452015,7010,747,0512,216,3,70352015
8750,70,202010,8550,757,0111,216,3,70203020
8799,70,994020,8550,757,9999,216,3,70971010
8800,70,201015,8550,757,0111,216,3,70203020
8801,70,201010,8550,757,0111,216,3,70203015
8802,70,655520,8550,757,0918,216,3,70909525
8803,70,209020,8550,757,0118,216,3,70203020
8804,70,201015,8550,757,0111,216,3,70203020
8805,70,201010,8550,757,0111,216,3,70203015
8806,70,201015,8550,757,0111,216,3,70394525
8807,70,202010,8550,757,0111,216,3,70203020
8808,70,201010,8550,757,0111,216,3,70203015
8809,70,258425,8550,757,0238,216,3,70258910
8810,70,201010,8550,757,0111,216,3,70203015
8811,70,202010,8550,757,0111,216,3,70201010
8812,70,258010,8550,757,0232,216,3,70252710
8813,70,657015,8550,757,0923,216,3,70203020
8814,70,201015,8550,757,0111,216,3,70203020
8815,70,355015,8550,757,0321,216,3,70395510
8816,70,355020,8550,757,0321,216,3,70253215
8817,70,201010,8550,757,0111,216,3,70203015
8818,70,201015,8550,757,0111,216,3,70203020
8819,70,655520,8550,757,0918,216,3,70909515
8820,70,354525,8550,757,0318,216,3,70253710
8821,70,255010,8550,757,0228,216,3,70252610
8822,70,201015,8550,757,0111,216,3,70203020
8823,70,355015,8550,757,0321,216,3,70253010
8824,70,355015,8550,757,0321,216,3,70253210
8825,70,501095,8550,757,0618,216,3,70593010
8826,70,501095,8550,757,0618,216,3,70593015
8827,70,453510,8550,757,0528,216,3,70805090
8828,70,455515,8550,757,0532,216,3,70359520
8829,70,458010,8550,757,0542,216,3,70355510
8830,70,501095,8550,757,0618,216,3,70253510
8831,70,501025,8550,757,0618,216,3,70356010
8832,70,201015,8550,757,0111,216,3,70203015
8833,70,457010,8550,757,0533,216,3,70356040
8834,70,457010,8550,757,0533,216,3,70353015
8835,70,501095,8550,757,0618,216,3,70593015
8836,70,655515,8550,757,0918,216,3,70903010
8837,70,451010,8550,757,0500,216,3,70359520
8838,70,453030,8550,757,0518,216,3,70352210
8839,70,201015,8550,757,0111,216,3,70203015
8840,70,354025,8550,757,0314,216,3,70394525
8841,70,555030,8550,757,0721,216,3,70759510
8842,70,201010,8550,757,0111,216,3,70203015
8843,70,352530,8550,757,0312,216,3,70391510
8844,70,401515,8550,757,0411,216,3,70391510
8845,70,401515,8550,757,0411,216,3,70391510
8846,70,402510,8550,757,0413,216,3,70391510
8847,70,402510,8550,757,0413,216,3,70395510
8848,70,402510,8550,757,0413,216,3,70395510
8849,70,402510,8550,757,0413,216,3,70391510
8850,70,402510,8550,757,0413,216,3,70391510
8851,70,352510,8550,757,0312,216,3,70252215
8852,70,355015,8550,757,0321,216,3,70391510
8853,70,409030,8550,757,0418,216,3,70391510
8854,70,409030,8550,757,0418,216,3,70391510
8855,70,402510,8550,757,0413,216,3,70391510
8856,70,351510,8550,757,0311,216,3,70395010
8857,70,254510,8550,757,0223,216,3,70391510
8858,70,201015,8550,757,0111,216,3,70203020
8859,70,402510,8550,757,0413,216,3,70395510
8860,70,352530,8550,757,0312,216,3,70393515
8861,70,402510,8550,757,0413,216,3,70391510
8862,70,402510,8550,757,0413,216,3,70395510
8863,70,402510,8550,757,0413,216,3,70394525
8864,70,655510,8550,757,0918,216,3,70903010
8865,70,354520,8550,757,0318,216,3,70805020
8866,70,402510,8550,757,0413,216,3,70599515
8867,70,453510,8550,757,0528,216,3,70805090
8868,70,402510,8550,757,0413,216,3,70391510
8869,70,751525,8550,757,1032,216,3,70599510
8870,70,582060,8550,757,0738,216,3,70592515
8871,70,582055,8550,757,0732,216,3,70592510
8872,70,582045,8550,757,0732,216,3,70592510
8873,70,501095,8550,757,0618,216,3,70593010
8874,70,254035,8550,757,0222,216,3,70251510
8875,70,258415,8550,757,0238,216,3,70258920
8876,70,601530,8550,757,0811,216,3,70802510
8877,70,602515,8550,757,0818,216,3,70802510
8878,70,581525,8550,757,0731,216,3,70804510
8879,70,655510,8550,757,0918,216,3,70903010
8880,70,655510,8550,757,0918,216,3,70903010
8881,70,655520,8550,757,0918,216,3,70909525
8882,70,652525,8550,757,0913,216,3,70904510
8883,70,453010,8550,757,0518,216,3,70902510
8884,70,453010,8550,757,0518,216,3,70902510
8885,70,354525,8550,757,0318,216,3,70393515
8886,70,402510,8550,757,0413,216,3,70259525
8887,70,501095,8550,757,0618,216,3,70593010
8888,70,353510,8550,757,0314,216,3,70392010
8889,70,751525,8550,757,1032,216,3,70599510
8890,70,652520,8550,757,0913,216,3,70909525
8891,70,453010,8550,757,0518,216,3,70902510
8892,70,501095,8550,757,0618,216,3,70593010
8893,70,304045,8550,757,0215,216,3,70306555
8894,70,602515,8550,757,0818,216,3,70802510
8895,70,355530,8550,757,0322,216,3,70253510
8896,70,457510,8550,757,0541,216,3,70355010
8897,70,354025,8550,757,0314,216,3,70394520
8898,70,201015,8550,757,0111,216,3,70391510
8899,70,452515,8550,757,0512,216,3,70591510
8900,70,501095,8550,757,0618,216,3,70593015
8901,70,409025,8550,757,0418,216,3,70395510
8902,70,201015,8550,757,0111,216,3,70203020
8903,70,501095,8550,757,0618,216,3,70593010
8904,70,501095,8550,757,0618,216,3,70253710
8905,70,501095,8550,757,0618,216,3,70356015
8906,70,501015,8550,757,0612,216,3,70593015
8907,70,501015,8550,757,0612,216,3,70356015
8908,70,501095,8550,757,0618,216,3,70593015
8909,70,501095,8550,757,0618,216,3,70903510
8910,70,553025,8550,757,0713,216,3,70594010
8911,70,402510,8550,757,0413,216,3,70391510
8912,70,355010,8550,757,0321,216,3,70253210
8913,70,402510,8550,757,0413,216,3,70395510
8914,70,655515,8550,757,0918,216,3,70354510
8915,70,354525,8550,757,0318,216,3,70253010
8916,70,402510,8550,757,0413,216,3,70391510
8917,70,402510,8550,757,0413,216,3,70395510
8918,70,352525,8550,757,0312,216,3,70392510
8919,70,204010,8550,757,0114,216,3,70202510
8920,70,501095,8550,757,0618,216,3,70903510
8921,70,304015,8550,757,0215,216,3,70306540
8922,70,201010,8550,757,0111,216,3,70203015
8923,70,355010,8550,757,0321,216,3,70253210
8924,70,354520,8550,757,0318,216,7,70359520
8925,70,201010,8550,757,0111,216,7,70203015
8926,70,201015,8550,757,0111,216,7,70203020
8927,70,353010,8550,757,0313,216,7,70391510
8928,70,402510,8550,757,0413,216,3,70395510
8929,70,201015,8550,757,0111,216,3,70203020
8930,70,501095,8550,757,0618,216,3,70593015
8931,70,402510,8550,757,0413,216,3,70391510
8932,70,402510,8550,757,0413,216,3,70909515
8933,70,652520,8550,757,0913,216,3,70904510
8934,70,353510,8550,757,0314,216,3,70253510
8935,70,201010,8550,757,0111,216,3,70203015
8936,70,457510,8550,757,0541,216,3,70355010
8937,70,402510,8550,757,0413,216,3,70391510
8938,70,655510,8550,757,0918,216,3,70903010
8939,70,304025,8550,757,0215,216,3,70306540
8940,70,402010,8550,757,0412,216,3,70391510
8941,70,581510,8550,757,0731,216,3,70592510
8942,70,354010,8550,757,0314,216,3,70392510
8943,70,653515,8550,757,0914,216,3,70909525
8944,70,652520,8550,757,0913,216,3,70904510
8945,70,501095,8550,757,0618,216,3,70593010
8946,70,402510,8550,757,0413,216,3,70909515
8947,70,604015,8550,757,0841,228,3,70803010
8948,70,582060,8550,757,0738,216,3,70592510
8949,70,201010,8550,757,0111,216,3,70203015
8950,70,655520,8550,757,0918,216,3,70909525
8951,70,751515,8550,757,1032,216,3,70393515
8952,70,602515,8550,757,0818,216,3,70802510
8953,70,501095,8550,757,0618,216,3,70391510
8954,70,501095,8550,757,0618,216,3,70356030
8955,70,201015,8550,757,0111,216,3,70203020
8956,70,402510,8550,757,0413,216,3,70391510
8957,70,655520,8550,757,0918,216,3,70909525
8958,70,354025,8550,757,0314,216,3,70394520
8959,70,201010,8550,757,0111,216,3,70203015
8960,70,402510,8550,757,0413,216,3,70391510
8961,70,201015,7010,747,0111,216,3,70203020
8962,70,353010,8550,757,0313,216,3,70394010
8963,70,655510,8550,757,0900,216,3,70903510
8964,70,451010,8550,757,0500,216,3,70356010
8965,70,652010,8550,757,0912,204,3,70909525
8966,70,554015,8550,757,0718,204,3,70599530
8967,70,451010,8550,757,0500,204,3,70359520
8968,70,501095,8550,757,0618,216,7,70359520
8969,70,201010,8550,757,0111,216,3,70203015
8970,70,202010,8550,757,0111,216,3,70203020
8971,70,402510,8550,757,0413,216,3,70391510
8972,70,204015,8550,757,0114,216,3,70203020
8973,70,209015,8550,757,0118,216,3,70253015
8974,70,402510,8550,757,0413,216,3,70391510
8975,70,657015,8550,757,0923,216,3,70394520
8976,70,657015,8550,757,0923,216,3,70909525
8977,70,355520,8550,757,0322,216,3,70253510
8978,70,402510,8550,757,0413,216,3,70391510
8979,70,501095,8550,757,0618,216,3,70599515
8980,70,351010,8550,757,0300,216,3,70395510
8981,70,351010,8550,757,0300,216,3,70395510
8993,60,653530,5510,655,0914,198,3,50894510
8994,70,652520,8550,757,0913,216,3,70901010
8995,70,351010,8550,757,0300,216,3,70391010
8996,70,451010,8550,757,0500,216,3,70351010
8997,70,551510,8550,757,0710,216,3,70591010
8998,70,251010,8550,757,0220,216,3,70251010
8999,70,251510,8550,757,0221,204,3,70259710
9014,30,123010,8510,341,0021,0,2,20102010
9015,60,656515,8590,651,0922,0,0,50201510
9020,60,209010,8590,651,0118,192,5,50201010
9030,60,203510,8590,651,0113,0,0,50202010
9034,70,252010,9510,741,0222,0,0,70252210
9035,70,254035,9510,741,0222,0,0,70251510
9036,70,256620,9510,741,0231,0,0,70257020
9037,70,256615,9510,741,0231,0,0,70256015
9038,70,257810,9510,741,0232,0,0,70255210
9039,70,255210,9510,741,0231,0,0,70256510
9040,70,255215,9510,741,0231,0,0,70256520
9041,70,255420,9510,741,0231,0,0,70255710
9042,70,255425,9510,741,0231,0,0,70255715
9043,70,255410,9510,741,0231,0,0,70255730
9044,70,255615,9510,741,0231,0,0,70256025
9045,70,251515,9510,741,0221,0,0,70254510
9046,70,303010,9510,741,0213,0,0,70252610
9047,70,304010,9510,741,0215,0,0,70252625
9049,70,309015,9510,741,0215,0,0,70252620
9050,70,354030,9510,741,0314,0,0,70252615
9051,70,351010,9510,741,0300,0,0,70391010
9052,70,457510,9510,741,0541,0,0,70355010
9053,70,501025,9510,741,0618,0,0,70356010
9054,70,457010,9510,741,0533,0,0,70353015
9055,70,454010,9510,741,0531,0,0,70354710
9056,70,451510,9510,741,0511,0,0,70351710
9057,70,455010,9510,741,0532,0,0,70353710
9061,70,655515,9510,741,0918,0,0,70354510
9062,70,353010,9510,741,0313,0,0,70394010
9106,30,204015,3090,353,0114,0,0,30103510
9121,70,981030,7010,747,9999,216,3,70971010
9122,70,981030,7010,747,9999,216,3,70971010
9123,70,981030,7010,747,9999,204,3,70971010
9124,70,981030,7010,746,9999,228,3,70971010
9125,70,251010,7510,741,0220,180,3,70251010
9132,50,203510,4510,554,0113,168,3,40202515
9144,50,257610,4510,554,0231,168,3,40258010
9167,60,271510,6010,655,0211,192,3,50303010
9171,80,304030,8010,844,0215,252,3,80306530
9172,60,304010,6010,655,0215,204,3,50306555
9173,30,403510,3090,353,0415,0,0,30902510
9174,70,251510,7510,751,0221,0,0,70259710
9175,70,251510,7510,758,0221,221,7,70259710
9176,60,301010,6010,655,0210,204,3,50301010
9197,60,301010,6020,655,0210,192,3,50305010
9203,50,402510,8590,551,0413,0,0,40381510
9215,30,402020,3090,353,0412,0,0,30154510
9224,60,401010,8540,655,0410,180,3,50384510
9225,70,401510,7510,747,0411,216,3,70391510
9258,80,352010,8010,844,0312,0,0,80393510
9264,70,981030,7010,741,9999,228,3,70971010
9266,80,451010,8010,844,0500,0,0,80351010
9267,80,405010,8010,844,0421,0,0,80393010
9269,80,351510,8010,844,0311,0,0,80395010
9315,30,574030,8520,351,0716,0,8,39985015
9316,30,552015,8520,351,0711,0,8,39985520
9317,30,581010,8520,351,0730,0,8,39983510
9320,30,555060,8520,351,0722,0,8,39985510
9321,30,582020,8520,351,0732,0,8,39983540
9322,30,555040,8520,351,0722,0,8,39983555
9327,30,555065,8520,351,0723,0,8,39985570
9328,30,555065,8520,351,0723,0,8,39985570
9329,30,271010,8520,351,0211,0,8,39984530
9330,30,555065,3090,353,0723,156,3,30557010
9332,30,555020,8520,351,0721,0,8,39982020
9333,30,555035,8520,351,0721,0,8,39982050
9334,30,603510,8520,351,0831,0,8,39989010
9338,30,555035,8520,351,0721,0,8,39982050
9339,70,555035,7510,747,0721,0,0,70759510
9342,30,803510,3090,353,1041,0,0,30654010
9369,30,271515,3090,353,0211,0,0,30451010
9382,30,802510,3090,353,1041,0,0,30654010
9384,30,803510,3090,353,1041,0,0,30654010
9385,70,652010,7510,751,0912,0,0,70906010
9386,30,801010,3090,353,1041,0,0,30156010
9390,80,652010,8010,844,0912,0,0,80905010
9391,70,652010,7510,751,0912,0,0,70906010
9392,70,652010,7510,751,0912,0,0,70906010
9393,70,652010,7510,751,0912,0,0,70906010
9394,70,652010,7510,751,0912,0,0,70906010
9395,70,652010,7510,751,0912,0,0,70906010
9396,70,652010,7510,751,0912,0,0,70906010
9397,70,652010,7510,751,0912,0,0,70906010
9398,70,652010,7510,751,0912,0,0,70906010
9399,70,652010,7510,751,0912,0,0,70906010
9400,70,652010,7510,751,0912,0,0,70906010
9403,70,652010,7510,751,0912,0,0,70906010
9404,70,652010,7510,751,0912,0,0,70906010
9405,70,652010,7510,751,0912,0,0,70906010
9406,70,652010,7510,751,0912,0,0,70906010
9407,70,652010,7510,751,0912,0,0,70906010
9409,70,652010,7510,751,0912,0,0,70906010
9410,70,652010,7510,751,0912,0,0,70906010
9412,70,654010,7510,751,0914,0,0,70906010
9413,70,654010,7510,751,0914,0,0,70906010
9414,70,652010,7510,751,0912,0,0,70906010
9416,70,652010,7510,751,0912,0,0,70906010
9418,70,654010,7510,751,0914,0,0,70906010
9420,70,654010,7510,751,0914,0,0,70906010
9422,70,652010,7510,751,0912,0,0,70906010
9423,70,652010,7510,751,0912,0,0,70906010
9424,70,652010,7510,751,0912,0,0,70906010
9429,30,751030,3090,353,1031,0,0,30902010
9430,80,453010,8010,844,0518,0,0,80902510
9431,30,751030,3090,353,1031,0,0,30902010
9434,30,751020,3090,353,1031,0,0,30902010
9435,30,751025,3090,353,1031,0,0,30902010
9440,30,751020,3090,353,1031,0,0,30902010
9445,30,751025,3090,353,1031,0,0,30902010
9450,80,651520,8010,844,0911,0,0,80905510
9465,70,453010,7510,747,0518,192,3,70902510
9467,30,656015,3090,353,0921,0,0,30102015
9468,30,656525,3090,353,0922,156,3,30103510
9469,70,652010,7510,751,0912,0,0,70906010
9470,60,652525,6010,655,0913,0,0,50893510
9471,70,653515,7510,751,0914,0,0,70906010
9472,70,652010,7510,751,0912,0,0,70906010
9473,70,652010,7510,751,0912,0,0,70906010
9474,60,652525,6010,655,0913,0,0,50893510
9475,70,652010,7510,751,0912,0,0,70906010
9476,70,652010,7510,747,0912,0,0,70905010
9477,60,652525,5510,655,0913,192,3,50893510
9481,70,652010,7510,751,0912,0,0,70905010
9483,30,702515,8520,351,1013,0,8,39982035
9484,30,555035,3090,353,0721,156,3,30205010
9485,30,555035,3090,353,0721,156,3,30205010
9486,30,555035,3090,353,0721,156,3,30205010
9487,70,652010,7510,751,0912,0,0,70906010
9488,80,604015,8010,844,0841,0,0,80803010
9490,70,652010,7510,751,0912,0,0,70906010
9491,70,652010,7510,751,0912,0,0,70906010
9492,80,601530,8010,844,0811,0,0,80802010
9493,70,652010,7510,751,0912,0,0,70906010
9495,60,653530,5510,655,0914,156,3,50894510
9498,70,652010,7510,751,0912,0,0,70906010
9500,70,654010,7510,751,0914,0,0,70906010
9502,80,581515,8010,844,0731,0,0,80594510
9504,70,652010,7510,751,0912,0,0,70906010
9505,70,652010,7510,751,0912,0,0,70906010
9508,70,652010,7510,751,0912,0,0,70906010
9514,70,651520,7510,751,0911,0,0,70906010
9515,70,651520,7510,751,0911,0,0,70906010
9517,30,571510,8520,351,0713,0,8,39983545
9518,80,551510,8010,844,0710,0,0,80591010
9529,50,402510,8590,551,0413,0,0,40381510
9531,60,657010,6010,655,0923,0,0,50384010
9533,50,402510,8590,551,0413,0,0,40381510
9534,50,402510,8590,551,0413,0,0,40381510
9535,50,401515,8590,551,0411,0,0,40381510
9536,50,402510,8590,551,0413,0,0,40381510
9537,50,401515,8590,551,0411,0,0,40381510
9538,50,402510,8590,551,0413,0,0,40381510
9539,50,402510,8590,551,0413,0,0,40381510
9540,30,403510,8590,351,0415,0,0,30154510
9541,50,402510,8590,551,0413,0,0,40381510
9542,50,402510,8590,551,0413,0,0,40381510
9556,80,258210,8010,844,0232,0,0,80258810
9564,30,801510,3090,353,1041,0,3,30901510
9569,30,801515,3090,353,1041,150,3,30901010
9571,80,254510,8010,844,0223,0,0,80252010
9572,60,654530,8590,651,0915,0,0,50751010
9573,30,204015,3090,353,0114,0,0,30103510
9574,60,204015,8590,651,0114,0,0,50202515
9580,60,351510,8590,651,0311,0,0,50382010
9584,60,204010,8590,651,0114,0,0,50202515
9585,60,204010,8590,651,0114,0,0,50202515
9586,60,204010,8590,651,0114,0,0,50202515
9588,60,204010,8590,651,0114,0,0,50202515
9589,60,204010,8590,651,0114,0,0,50202515
9602,20,151010,8510,244,0021,0,2,10401010
9603,20,151010,8510,244,0021,0,2,10401010
9604,20,151010,8510,241,0021,0,2,10401010
9606,20,151040,8510,241,0021,0,2,10402010
9607,20,151040,8590,241,0021,0,2,10403010
9618,50,654510,4510,551,0915,0,0,40894525
9620,60,654510,6010,655,0915,0,0,50894525
9621,30,204015,3090,353,0114,0,0,30103510
9622,30,403510,8590,351,0415,0,0,30154510
9623,30,403510,8590,351,0415,0,0,30154510
9636,30,582020,3090,353,0732,156,3,30354010
9654,30,303520,3090,353,0214,156,3,30902510
9655,60,551510,6020,655,0710,204,3,50591010
9658,60,551510,6020,655,0710,198,3,50591010
9661,30,551010,3090,341,0700,156,5,30554510
9668,70,253515,7010,747,0222,216,3,70306010
9677,30,602025,8520,351,0812,0,8,39982515
9678,30,702525,8520,351,1013,0,8,39982035
9679,30,702530,8520,351,1013,0,8,39982035
9681,30,702515,8520,351,1013,0,8,39982035
9682,30,702510,8520,351,1013,0,8,39982035
9683,30,574020,8520,351,0716,0,8,39985020
9684,30,555020,8520,351,0721,0,8,39982020
9685,30,555020,8520,351,0721,0,8,39982020
9686,70,751010,7510,757,1031,200,3,70952510
9687,60,751010,6010,655,1031,180,3,50952510
9688,60,751010,5510,655,1031,180,3,50952510
9689,30,555025,8520,351,0721,0,8,39982010
9693,30,582020,8520,351,0732,0,8,39983540
9694,30,582010,8520,351,0732,0,8,39983520
9695,30,575010,8520,351,0722,0,8,39985550
9696,30,555055,8520,351,0722,0,8,39985510
9697,30,601520,8520,351,0811,0,8,39982510
9698,30,555015,8520,351,0721,0,8,39982025
9699,30,555020,8520,351,0721,0,8,39982020
9703,30,582055,8520,351,0732,0,8,39983510
9704,30,555065,8520,351,0723,0,8,39985570
9705,60,257610,9510,651,0231,168,3,50259010
9706,30,271010,8520,351,0211,0,8,39984530
9707,60,257610,8540,655,0231,180,3,50258215
9708,30,575010,8520,351,0722,0,8,39985550
9709,30,553010,8520,351,0713,0,8,39984010
9710,30,573035,8520,351,0715,0,8,39985545
9711,30,555055,8520,351,0722,0,8,39985510
9712,30,555055,8520,351,0722,0,8,39985510
9713,30,553510,8520,351,0714,0,8,39984010
9714,60,257610,8540,655,0231,180,3,50258210
9715,30,574015,8520,351,0716,0,8,39985015
9716,70,257610,7010,747,0231,216,3,70258810
9717,70,257010,7510,747,0231,216,3,70257535
9718,30,571510,8520,351,0713,0,8,39983545
9719,30,402510,8520,351,0413,0,8,39981510
9720,30,702025,3090,353,1012,0,0,30902510
9721,30,702025,3090,353,1012,0,0,30902510
9722,30,702025,3090,353,1012,0,0,30902510
9723,30,555088,8520,351,0728,0,8,39983510
9724,30,552010,8520,351,0711,0,8,39985520
9725,30,601520,8520,351,0811,0,8,39982510
9726,30,402510,8520,351,0413,0,8,39981510
9730,30,404025,8520,351,0416,0,8,39981525
9731,30,403510,8520,351,0415,0,8,39981515
9732,30,403510,8520,351,0415,0,8,39981515
9733,30,403510,8520,351,0415,0,8,39981515
9734,30,404015,8520,351,0416,0,8,39981525
9735,30,555088,8520,351,0728,0,8,39983510
9736,30,551010,8520,351,0700,0,8,39985510
9737,30,571510,8520,351,0713,0,8,39983545
9738,30,573510,8520,351,0715,0,8,39985535
9739,30,303510,8520,351,0214,0,8,39985535
9740,30,573035,8520,351,0715,0,8,39985545
9741,30,574035,8520,351,0716,0,8,39985015
9742,30,574010,8520,351,0716,0,8,39986510
9743,30,572010,8520,351,0715,0,8,39985565
9744,30,553015,8520,351,0713,0,8,39984010
9745,30,553510,8520,351,0714,0,8,39984010
9746,30,582015,8520,351,0732,0,8,39983530
9747,30,582060,8520,351,0738,0,8,39983510
9748,30,582025,8520,351,0732,0,8,39983525
9749,30,582020,8520,351,0732,0,8,39983540
9750,30,555040,8520,351,0722,0,8,39983555
9751,30,582020,8520,351,0732,0,8,39983540
9752,30,555040,8520,351,0722,0,8,39983555
9753,30,571510,8520,351,0713,0,8,39983545
9754,30,582010,8520,351,0732,0,8,39983520
9755,30,271035,8520,351,0211,0,8,39984535
9756,30,574020,8520,351,0716,0,8,39985025
9757,30,271025,8520,351,0211,0,8,39984530
9758,30,271010,8520,351,0211,0,8,39984530
9759,30,271020,8520,351,0211,0,8,39984530
9760,30,271020,8520,351,0211,0,8,39984530
9761,30,271025,8520,351,0211,0,8,39984530
9762,30,271020,8520,351,0211,0,8,39984530
9763,30,555065,8520,351,0723,0,8,39985570
9764,30,555075,8520,351,0723,0,8,39985570
9765,30,653520,8520,351,0914,0,8,39985575
9766,30,651515,8520,351,0911,0,8,39981030
9767,30,702020,8520,351,1012,0,8,39981530
9768,30,701515,8520,351,1011,0,8,39983555
9769,30,602010,8520,351,0812,0,8,39982515
9770,30,555015,8520,351,0721,0,8,39982025
9771,30,555020,8520,351,0721,0,8,39982020
9772,30,555020,8520,351,0721,0,8,39982020
9773,30,555025,8520,351,0721,0,8,39982010
9774,30,555025,8520,351,0721,0,8,39982010
9775,30,555025,8520,351,0721,0,8,39982010
9776,30,702515,8520,351,1013,0,8,39982035
9777,30,271030,8520,351,0211,0,8,39984530
9778,30,553520,8520,351,0714,0,8,39984020
9779,30,401510,8520,351,0411,0,8,39981545
9780,30,403510,8520,351,0415,0,8,39981515
9781,30,403010,8520,351,0414,0,8,39981520
9782,30,403510,8520,351,0415,0,8,39981515
9783,30,404010,8520,351,0416,0,8,39981515
9784,30,271010,8520,351,0211,0,8,39984530
9785,30,402010,8520,351,0412,0,8,39981520
9786,30,271010,8520,351,0211,0,8,39984530
9787,30,602010,8520,351,0812,0,8,39982515
9788,30,555065,8520,351,0723,0,8,39985570
9800,30,551010,8520,351,0700,0,8,39985510
9801,30,573510,8520,351,0715,0,8,39985535
9802,30,573510,8520,351,0715,0,8,39985535
9803,30,573510,8520,351,0715,0,8,39985535
9804,30,573510,8520,351,0715,0,8,39985535
9805,30,573030,8520,351,0715,0,8,39985535
9806,30,571510,8520,351,0713,0,8,39983545
9807,30,573015,8520,351,0715,0,8,39985510
9808,30,573030,8520,351,0715,0,8,39985535
9809,30,553030,8520,351,0713,0,8,39984010
9810,30,552015,8520,351,0711,0,8,39985520
9811,30,581010,8520,351,0730,0,8,39983510
9812,30,582060,8520,351,0738,0,8,39983510
9813,30,574025,8520,351,0716,0,8,39985015
9814,30,555060,8520,351,0722,0,8,39985510
9815,30,555060,8520,351,0722,0,8,39985510
9816,30,555050,8520,351,0722,0,8,39986010
9817,30,582060,8520,351,0738,0,8,39983510
9818,30,582030,8520,351,0732,0,8,39983550
9819,30,555065,8520,351,0723,0,8,39985570
9820,30,581010,8520,351,0730,0,8,39983510
9821,30,582055,8520,351,0732,0,8,39983510
9822,30,555065,8520,351,0723,0,8,39985570
9823,30,555065,8520,351,0723,0,8,39985570
9824,30,555065,8520,351,0723,0,8,39985570
9825,30,555065,8520,351,0723,0,8,39985570
9826,30,555080,8520,351,0723,0,8,39985585
9827,30,555065,8520,351,0723,0,8,39985570
9828,30,555075,8520,351,0723,0,8,39985570
9829,30,555075,8520,351,0723,0,8,39985570
9830,30,271530,8520,351,0211,0,8,39984515
9831,30,555060,8520,351,0722,0,8,39985510
9832,30,575010,8520,351,0722,0,8,39985550
9833,30,701525,8520,351,1011,0,8,39981550
9834,30,701515,8520,351,1011,0,8,39981550
9835,30,751530,8520,351,1032,0,8,39981550
9836,30,701525,8520,351,1011,0,8,39981550
9837,30,601510,8520,351,0811,0,8,39982510
9838,30,601510,8520,351,0811,0,8,39982510
9839,30,602010,8520,351,0812,0,8,39982515
9840,30,555015,8520,351,0721,0,8,39982025
9841,30,555020,8520,351,0721,0,8,39982020
9842,30,555020,8520,351,0721,0,8,39982020
9843,30,555020,8520,351,0721,0,8,39982020
9844,30,555035,8520,351,0721,0,8,39982050
9845,30,702525,8520,351,1013,0,8,39982035
9846,30,803015,8520,351,1041,0,8,39986535
9847,30,803015,8520,351,1041,0,8,39986535
9848,30,751525,8520,351,1032,0,8,39986535
9849,30,803015,8520,351,1041,0,8,39986535
9850,30,802015,8520,351,1041,0,8,39986540
9851,30,802010,8520,351,1041,0,8,39986515
9852,30,555065,8520,351,0723,0,8,39985570
9853,30,555065,8520,351,0723,0,8,39985570
9854,30,271030,8520,351,0211,0,8,39984530
9855,30,271030,8520,351,0211,0,8,39984530
9856,30,555035,8520,351,0721,0,8,39982050
9857,30,581010,8520,351,0730,0,8,39983510
9858,30,582015,8520,351,0732,0,8,39983530
9859,30,582055,8520,351,0732,0,8,39983510
9860,30,603510,8520,351,0831,0,8,39989010
9861,30,555035,8520,351,0721,0,8,39982050
9862,30,702515,8520,351,1013,0,8,39982035
9863,30,571010,8520,351,0715,0,8,39985535
9864,30,575010,8520,351,0722,0,8,39985550
9865,30,571510,8520,351,0713,0,8,39983545
9866,30,555020,8520,351,0721,0,8,39982020
9867,30,555020,8520,351,0721,0,8,39982020
9868,30,601510,8520,351,0811,0,8,39982510
9869,30,803015,8520,351,1041,0,8,39986535
9870,30,555015,8520,351,0721,0,8,39982025
9871,30,575010,8520,351,0722,0,8,39985550
9872,30,701525,8520,351,1011,0,8,39981550
9873,30,555080,8520,351,0723,0,8,39985585
9874,30,555065,8520,351,0723,0,8,39985570
9875,30,555040,8520,351,0722,0,8,39983555
9876,30,555040,8520,351,0722,0,8,39983555
9877,30,701525,8520,351,1011,0,8,39981550
9878,30,555060,8520,351,0722,0,8,39985510
9879,30,555060,8520,351,0722,0,8,39985510
9880,30,555060,8520,351,0722,0,8,39985510
9881,30,555060,8520,351,0722,0,8,39985510
9882,30,751530,8520,351,1032,0,8,39981550
9883,30,751530,8520,351,1032,0,8,39981550
9884,30,555065,8520,351,0723,0,8,39985570
9886,30,603510,8520,351,0831,0,8,39989010
9887,30,555055,8520,351,0722,0,8,39985510
9888,30,555055,8520,351,0722,0,8,39985510
9889,30,555035,8520,351,0721,0,8,39982050
9909,30,572015,3020,353,0715,0,3,30556510
9910,30,573035,3020,353,0715,0,3,30554510
9911,30,553025,3020,353,0713,150,3,30552510
9912,30,571510,3020,353,0713,150,3,30553015
9913,30,575010,3020,353,0722,150,3,30555010
9914,30,553025,3020,353,0713,150,3,30552510
9915,30,553025,3020,353,0713,150,3,30552510
9916,30,573015,3020,353,0715,150,3,30559025
9917,30,573015,3020,353,0715,150,3,30552010
9918,30,573015,3020,353,0715,150,3,30552010
9919,30,553025,3020,354,0713,150,3,30552510
9920,30,553025,3020,353,0713,150,3,30552510
9933,30,553020,3020,353,0713,144,3,30553010
9999,90,992010,9910,999,9999,0,0,90994010
