UDD,UDDANNELSESNIVEAU,FAGOMRAADE_UNDER,UDDANNELSESTYPE_UNDER,ISCED_P,ISCED_F,OMR,MINI,PRIO,TP,L,HOVEDOMRAADE_DETALJERET,UNDERVISNINGSSPROG
0,90,991010,9910,999,9999,0,0,0,0,0,90992010,1
1,10,995010,9920,999,9999,9,0,0,0,0,10011010,1
2,90,993010,9910,999,9999,0,0,0,0,0,90993010,1
141,50,251010,4510,551,0220,0,0,0,0,0,40241010,1
144,50,351010,4510,551,0300,0,0,0,0,0,40381010,1
145,50,551010,4510,551,0700,0,0,0,0,0,40581010,1
146,50,555010,4510,551,0721,0,0,0,0,0,40751010,1
148,50,801010,4510,551,1041,0,0,0,0,0,40859510,1
150,60,202010,6010,651,0111,0,0,0,0,0,50201010,1
151,60,251010,6010,651,0220,0,0,0,0,0,50241010,1
152,60,301010,6010,651,0210,0,0,0,0,0,50301010,1
153,60,451010,6010,651,0500,0,0,0,0,0,50751010,1
154,60,351010,6010,651,0300,0,0,0,0,0,50381010,1
155,60,551010,6010,651,0700,0,0,0,0,0,50581010,1
156,60,453015,6010,651,0518,0,0,0,0,0,50751010,1
159,60,651010,6010,651,0900,0,0,0,0,0,50891010,1
161,60,251010,5030,641,0220,0,0,0,0,0,60251010,1
162,60,301010,5030,641,0210,0,0,0,0,0,60301010,1
163,60,451010,5030,641,0500,0,0,0,0,0,60351010,1
164,60,351010,5030,641,0300,0,0,0,0,0,60391010,1
165,60,551010,5030,641,0700,0,0,0,0,0,60591010,1
167,60,601010,5030,641,0800,0,0,0,0,0,60801010,1
170,70,202010,7510,741,0111,0,0,0,0,0,70201010,1
171,70,251010,7510,741,0220,0,0,0,0,0,70251010,1
172,70,301010,7510,741,0210,0,0,0,0,0,70301010,1
173,70,451010,7510,741,0500,0,0,0,0,0,70351010,1
174,70,351010,7510,741,0300,0,0,0,0,0,70391010,1
175,70,551010,7510,741,0700,0,0,0,0,0,70591010,1
176,70,453015,7510,741,0518,0,0,0,0,0,70759510,1
177,70,601010,7510,741,0800,0,0,0,0,0,70801010,1
179,70,651010,7510,741,0900,0,0,0,0,0,70901010,1
200,10,101010,1510,100,0011,9,0,12,1,0,10101020,1
205,20,102010,1520,241,0011,9,0,84,1,0,10201020,1
210,20,102010,1520,244,0011,9,0,108,1,0,10201020,1
215,30,121030,2040,344,0011,9,0,120,1,0,20305010,1
220,30,656525,8590,351,0922,9,0,0,1,0,39101510,1
239,30,401010,8590,351,0410,9,0,0,1,0,39152510,1
253,30,581010,8590,351,0730,9,0,0,1,0,39351010,1
254,30,571010,8590,351,0715,9,0,0,1,0,39553525,1
255,30,271010,8590,351,0211,9,0,0,1,0,39453010,1
258,30,551010,8590,351,0700,9,0,0,1,0,39551060,1
260,30,701010,8590,351,1000,9,0,0,1,0,39155010,1
275,30,555010,8590,351,0721,9,0,0,1,0,39202030,1
280,30,601010,8590,351,0800,9,0,0,1,0,39254010,1
285,30,801010,8590,351,1041,9,0,0,1,0,39654010,1
290,30,651010,8590,351,0900,9,0,0,1,0,39101010,1
299,30,981020,8520,351,9999,19,1,0,1,3,39903010,1
300,30,981010,3020,353,9999,9,1,120,2,4,30971010,1
320,30,656525,3090,353,0922,9,0,132,2,0,30101010,1
339,30,401010,3090,353,0410,9,0,132,2,0,30151010,1
353,30,581010,3090,353,0730,9,0,132,2,0,30351010,1
354,30,571010,3090,353,0715,9,0,132,2,0,30551010,1
355,30,271010,3090,353,0211,9,0,132,2,0,30451010,1
358,30,551010,3090,353,0700,9,0,132,2,0,30551010,1
360,30,701010,3090,353,1000,9,0,132,2,0,30155010,1
375,30,555010,3090,353,0721,9,0,132,2,0,30205010,1
380,30,601010,3090,353,0800,9,0,132,2,0,30254010,1
385,30,801010,3090,353,1041,9,0,132,2,0,30651010,1
390,30,651010,3090,353,0900,9,0,132,2,0,30102010,1
400,50,981010,4510,554,9999,9,10,156,2,2,40971010,1
425,50,251010,4510,554,0220,9,0,156,1,0,40241010,1
430,50,301010,4510,554,0210,9,0,156,1,0,40301010,1
439,50,401010,4510,554,0410,9,0,156,2,0,40381010,1
459,50,551010,4510,554,0700,9,0,156,1,0,40581010,1
475,50,555010,4510,554,0721,9,0,156,1,0,40751010,1
480,50,601010,4510,554,0800,9,0,156,1,0,40801010,1
485,50,801010,4510,554,1041,9,0,156,1,0,40859510,1
490,50,651010,4510,554,0900,9,0,156,2,0,40891010,1
495,50,751510,4510,554,1032,9,0,156,2,0,40951010,1
500,60,981010,6010,655,9999,9,10,156,1,1,50971010,1
520,60,202010,6010,665,0111,9,0,156,2,0,50201010,1
525,60,251010,6010,665,0220,9,0,156,2,0,50241010,1
530,60,301010,6010,665,0210,9,0,156,1,0,50301010,1
539,60,351010,6010,665,0300,9,0,156,1,0,50381010,1
545,60,451010,6010,665,0500,9,0,156,1,0,50751010,1
559,60,551010,6010,665,0700,9,0,156,1,0,50581010,1
575,60,453015,6010,665,0518,9,0,156,1,0,50751010,1
580,60,601010,6010,665,0800,9,0,144,2,0,50801010,1
585,60,801010,6010,665,1041,9,0,156,2,0,50589520,1
590,60,651010,6010,665,0900,9,0,156,2,0,50891010,1
595,60,751010,6010,665,1031,9,0,156,2,0,50951010,1
600,70,981010,7510,767,9999,9,0,156,1,1,70971010,1
620,70,202010,7510,767,0111,9,0,156,1,0,70201010,1
625,70,251010,7510,767,0220,9,0,156,1,0,70251010,1
630,70,301010,7510,767,0210,9,0,156,1,0,70301010,1
639,70,351010,7510,767,0300,9,0,156,1,0,70391010,1
645,70,451010,7510,767,0500,9,0,156,1,0,70351010,1
659,70,551010,7510,767,0700,9,0,156,1,0,70591010,1
675,70,453015,7510,767,0518,9,0,156,1,0,70759510,1
680,70,601010,7510,767,0800,9,0,156,1,0,70801010,1
690,70,651010,7510,767,0900,9,0,156,1,0,70901010,1
695,70,751010,7510,757,1031,9,0,156,2,0,70951010,1
700,60,981010,5030,645,9999,9,0,156,1,1,60971010,1
702,60,251010,5030,645,0220,9,0,156,1,1,60251010,1
703,60,301010,5030,645,0210,9,0,156,1,1,60301010,1
704,60,451010,5030,645,0500,9,0,156,1,1,60351010,1
705,60,351010,5030,645,0300,9,0,156,1,1,60391010,1
706,60,551010,5030,645,0700,9,0,156,1,1,60591010,1
707,60,453015,5030,645,0518,9,0,156,1,1,60759510,1
708,60,601010,5030,645,0800,9,0,156,1,1,60801010,1
709,60,651010,5030,645,0900,9,0,156,1,1,60901010,1
720,80,981010,8010,864,9999,15,0,216,1,1,80971010,1
721,80,202010,8010,864,0111,15,0,216,1,1,80201010,1
722,80,251010,8010,864,0220,15,0,216,1,1,80251010,1
723,80,301010,8010,864,0210,15,0,216,1,1,80301010,1
724,80,451010,8010,864,0500,15,0,216,1,1,80351010,1
725,80,351010,8010,864,0300,15,0,216,1,1,80391010,1
726,80,551010,8010,864,0700,15,0,216,1,1,80591010,1
728,80,601010,8010,864,0800,15,0,216,1,1,80801010,1
729,80,651010,8010,864,0900,15,0,216,1,1,80901010,1
800,50,309525,4510,554,0218,11,9,120,0,0,40309010,1
802,60,308015,6010,655,0215,11,9,132,0,0,50306555,1
803,50,302510,4510,554,0213,11,9,120,0,0,40309010,1
805,30,304035,3090,353,0215,11,5,132,0,0,30902510,1
806,50,304045,4510,554,0215,11,9,132,0,0,40306555,1
810,60,654510,6010,655,0915,11,9,156,0,0,50894525,1
811,50,654510,4510,554,0915,11,9,156,0,0,40894525,1
812,30,204015,3090,353,0114,11,9,120,0,0,30103510,1
815,60,656515,6010,655,0922,11,9,156,0,0,50201510,1
816,60,656515,6010,655,0922,11,9,156,0,0,50201510,1
820,30,802510,3090,353,1041,11,1,132,0,0,30654010,1
825,30,555070,3090,353,0723,11,1,120,0,0,30557010,1
835,50,657015,4510,554,0923,11,9,156,0,0,40892510,1
840,60,402510,6010,655,0413,11,10,156,0,0,50391510,2
845,60,271015,6010,655,0618,11,9,132,1,1,50589525,1
850,30,702025,3090,353,1012,11,1,132,1,2,30902510,1
990,70,202010,8590,741,0111,5,10,216,1,0,70203020,1
1006,10,101010,1510,100,0011,8,1,72,0,1,10101016,1
1007,20,102010,1520,241,0011,8,1,84,0,1,10201010,1
1008,20,102010,1520,241,0011,8,1,96,0,1,10201011,1
1009,20,102010,1520,244,0011,8,1,108,0,1,10201012,1
1010,20,102010,1530,244,0011,8,1,120,0,1,10301010,1
1011,20,102010,1530,244,0011,8,1,120,0,1,10301010,1
1021,20,102010,1520,241,0011,8,1,96,0,1,10201011,1
1022,20,102010,1520,241,0011,8,1,108,0,1,10201012,1
1023,20,102010,1530,244,0011,8,1,120,0,1,10301010,1
1031,30,121030,2020,341,0011,8,1,132,0,1,20102011,1
1032,30,121030,2020,344,0011,8,1,144,0,1,20102012,1
1040,30,121030,2010,341,0011,8,1,120,0,1,20101011,1
1041,30,121010,2010,341,0011,8,1,120,0,1,20101021,1
1042,30,121020,2010,341,0011,8,1,120,0,1,20101031,1
1049,30,121030,2010,341,0011,8,1,132,0,1,20101012,1
1051,30,121010,2010,341,0011,8,1,132,0,1,20101022,1
1052,30,121010,2010,341,0011,8,1,132,0,1,20101022,1
1061,30,121020,2010,341,0011,8,1,132,0,1,20101032,1
1062,30,121020,2010,341,0011,8,1,132,0,1,20101032,1
1064,30,121020,2010,341,0011,8,1,132,0,1,20101032,1
1069,30,121030,2010,344,0011,8,1,144,0,1,20101013,1
1070,30,121010,2010,344,0011,8,1,144,0,1,20101023,1
1071,30,121010,2010,344,0011,8,1,144,0,1,20101023,1
1072,30,121010,2010,344,0011,8,1,144,0,1,20101023,1
1073,30,121010,2010,344,0011,8,1,144,0,1,20101023,1
1080,30,121020,2010,344,0011,8,1,144,0,1,20101033,1
1081,30,121020,2010,344,0011,8,1,144,0,1,20101033,1
1082,30,121020,2010,344,0011,8,1,144,0,1,20101033,1
1083,30,121020,2010,344,0011,8,1,144,0,1,20101033,1
1084,30,121020,2010,344,0011,8,1,144,0,1,20101033,1
1090,90,994010,9910,999,9999,0,0,0,0,0,90991010,1
1095,90,994030,9910,999,9999,9,0,0,0,0,90991020,1
1097,30,121010,2010,344,0011,8,1,144,0,1,20101013,1
1098,30,121030,2040,344,0011,8,1,144,0,1,20305010,1
1099,90,994020,9910,999,9999,0,0,0,0,0,90991030,1
1100,10,101010,1510,100,0011,1,1,0,1,1,10101010,1
1101,10,101010,1510,100,0011,1,1,12,1,1,10101011,1
1102,10,101010,1510,100,0011,1,1,24,1,1,10101012,1
1103,10,101010,1510,100,0011,1,1,36,1,1,10101013,1
1104,10,101010,1510,100,0011,1,1,48,1,1,10101014,1
1105,10,101010,1510,100,0011,1,1,60,1,1,10101015,1
1106,10,101010,1510,100,0011,1,1,72,1,1,10101016,1
1107,20,102010,1520,241,0011,1,1,84,1,1,10201010,1
1108,20,102010,1520,241,0011,1,1,96,1,1,10201011,1
1109,20,102010,1520,244,0011,1,1,108,1,1,10201012,1
1110,20,102010,1530,244,0011,1,1,120,1,1,10301010,1
1111,20,102010,1530,244,0011,1,1,120,1,1,10301010,1
1114,10,101010,1510,100,0011,1,1,12,1,1,10101020,1
1115,20,102010,1520,244,0011,1,1,0,1,1,10201020,1
1116,20,102010,1520,244,0011,1,1,84,1,1,10201020,1
1117,20,102010,1530,244,0011,1,1,120,1,1,10301020,1
1120,10,101010,1510,100,0011,1,1,0,1,1,10101010,1
1121,20,102010,1520,241,0011,1,1,96,1,1,10201011,1
1122,20,102010,1520,241,0011,1,1,108,1,1,10201012,1
1123,20,102010,1530,244,0011,1,1,120,1,1,10301010,1
1140,30,121030,2010,341,0011,2,1,120,1,1,20101011,1
1141,30,121010,2010,341,0011,2,1,120,1,1,20101021,1
1142,30,121020,2010,341,0011,2,1,120,1,1,20101031,1
1143,30,121010,2010,341,0011,2,1,132,1,1,20101022,1
1144,30,121020,2010,341,0011,2,1,132,1,1,20101032,1
1145,30,121010,2010,344,0011,2,1,144,1,1,20101023,1
1146,30,121020,2010,344,0011,2,1,144,1,1,20101033,1
1149,30,121030,2010,341,0011,2,1,132,1,1,20101012,1
1151,30,121010,2010,341,0011,2,1,132,1,1,20101022,1
1152,30,121010,2010,341,0011,2,1,132,1,1,20101022,1
1153,30,121010,2010,341,0011,2,1,132,1,1,20101022,1
1154,30,121010,2010,341,0011,2,1,132,1,1,20101022,1
1155,30,121010,2010,341,0011,2,1,132,1,1,20101022,1
1161,30,121020,2010,341,0011,2,1,132,1,1,20101032,1
1162,30,121020,2010,341,0011,2,1,132,1,1,20101032,1
1163,30,121020,2010,341,0011,2,1,132,1,1,20101032,1
1164,30,121020,2010,341,0011,2,1,132,1,1,20101032,1
1165,30,121020,2010,341,0011,2,1,132,1,1,20101032,1
1169,30,121030,2010,344,0011,2,1,144,1,1,20101013,1
1171,30,121010,2010,344,0011,2,1,144,1,1,20101023,1
1172,30,121010,2010,344,0011,2,1,144,1,1,20101023,1
1173,30,121010,2010,344,0011,2,1,144,1,1,20101023,1
1174,30,121010,2010,344,0011,2,1,144,1,1,20101023,1
1175,30,121010,2010,344,0011,2,1,144,1,1,20101023,1
1179,30,121010,2010,344,0011,2,1,120,1,1,20101020,1
1181,30,121020,2010,344,0011,2,1,144,1,1,20101033,1
1182,30,121020,2010,344,0011,2,1,144,1,1,20101033,1
1183,30,121020,2010,344,0011,2,1,144,1,1,20101033,1
1184,30,121020,2010,344,0011,2,1,144,1,1,20101033,1
1185,30,121020,2010,344,0011,2,1,144,1,1,20101033,1
1189,30,121020,2010,344,0011,2,1,120,1,1,20101030,1
1190,30,123020,2050,344,0021,7,1,156,0,0,35101020,1
1195,30,123020,2050,341,0021,7,1,156,0,0,35101030,1
1196,30,121030,2010,341,0011,2,1,120,1,1,20101011,1
1197,30,121030,2010,341,0011,2,1,132,1,1,20101012,1
1198,30,121030,2010,344,0011,2,1,144,1,1,20101013,1
1199,30,121030,2010,344,0011,2,1,120,1,1,20101010,1
1206,10,101010,1510,100,0011,1,1,72,1,1,10101016,1
1207,20,102010,1520,241,0011,1,1,84,1,1,10201010,1
1208,20,102010,1520,241,0011,1,1,96,1,1,10201011,1
1209,20,102010,1520,244,0011,1,1,108,1,1,10201012,1
1210,20,102010,1530,244,0011,1,1,120,1,1,10301010,1
1301,20,151020,8590,243,0021,10,1,0,1,1,25101111,1
1302,20,151020,8590,244,0021,10,1,0,1,1,25101212,1
1303,20,151020,8590,244,0021,10,1,0,1,1,25101313,1
1305,20,151020,8590,243,0021,10,1,0,1,1,25103030,1
1351,20,152020,8590,241,0031,19,1,13,2,3,15205030,1
1352,20,152020,8590,241,0031,19,1,13,2,3,15205030,1
1353,20,152020,8590,241,0031,19,1,13,2,3,15205030,1
1354,20,152020,8590,241,0031,19,1,0,2,3,15205030,1
1355,20,152020,8590,241,0031,19,1,13,2,3,15205030,1
1356,20,152020,8590,241,0031,19,1,0,2,3,15205030,1
1357,20,152020,8590,241,0031,19,1,0,2,3,15205030,1
1359,20,152020,8590,241,0031,19,1,0,1,3,15205030,1
1365,30,271040,8590,341,0211,5,1,0,1,1,15205010,1
1410,20,102010,1530,244,0011,1,1,120,1,1,10301010,1
1423,20,102010,1530,244,0011,1,1,120,1,1,10301010,1
1509,20,102010,1520,244,0011,1,1,108,1,1,10201012,1
1510,20,102010,1530,244,0011,1,1,120,1,1,10301010,1
1511,30,123020,8515,344,0021,2,1,156,1,1,20102010,1
1522,20,102010,1520,241,0011,1,1,108,1,1,10201012,1
1523,20,102010,1530,244,0011,1,1,120,1,1,10301010,1
1531,30,121030,2020,341,0011,2,1,132,1,1,20102011,1
1532,30,121030,2020,344,0011,2,1,144,1,1,20102012,1
1533,30,121030,2020,344,0011,2,1,144,1,1,20102023,1
1535,30,121030,2020,341,0011,2,1,132,1,1,20102021,1
1536,30,121030,2020,341,0011,2,1,144,1,1,20102022,1
1537,30,121030,2020,344,0011,2,1,156,1,1,20102023,1
1539,30,121030,2020,344,0011,2,1,132,1,1,20102010,1
1540,30,121030,2020,344,0011,2,1,120,1,1,20102020,1
1541,30,121030,2020,341,0011,2,1,132,1,1,20102011,1
1542,30,121030,2020,344,0011,2,1,144,1,1,20102012,1
1543,30,121030,2020,344,0011,2,1,132,1,1,20102010,1
1549,30,121030,2020,344,0011,7,1,132,1,1,20102010,1
1551,30,121010,2030,341,0011,2,1,132,1,1,20103021,1
1552,30,121010,2030,341,0011,2,1,132,1,1,20103021,1
1553,30,121010,2030,341,0011,2,1,132,1,1,20103021,1
1555,30,121010,2030,341,0011,2,1,132,1,1,20103021,1
1559,30,121010,2030,341,0011,2,1,132,1,1,20103021,1
1561,30,121020,2030,341,0011,2,1,132,1,1,20103031,1
1562,30,121020,2030,341,0011,2,1,132,1,1,20103031,1
1563,30,121020,2030,341,0011,2,1,132,1,1,20103031,1
1565,30,121020,2030,341,0011,2,1,132,1,1,20103031,1
1569,30,121020,2030,341,0011,2,1,132,1,1,20103031,1
1650,30,121030,2030,341,0011,2,1,132,1,1,20103011,1
1651,30,121030,2030,344,0011,2,1,144,1,1,20103012,1
1652,30,121030,2030,344,0011,2,1,132,1,1,20103010,1
1671,30,121010,2030,344,0011,2,1,144,1,1,20103022,1
1672,30,121010,2030,344,0011,2,1,144,1,1,20103022,1
1673,30,121010,2030,344,0011,2,1,144,1,1,20103022,1
1679,30,121010,2030,344,0011,2,1,144,1,1,20103022,1
1681,30,121020,2030,344,0011,2,1,144,1,1,20103032,1
1682,30,121020,2030,344,0011,2,1,144,1,1,20103032,1
1683,30,121020,2030,344,0011,2,1,144,1,1,20103032,1
1689,30,121020,2030,344,0011,2,1,144,1,1,20103032,1
1721,20,102010,1520,241,0011,1,1,96,1,1,10201011,1
1722,20,102010,1520,241,0011,1,1,108,1,1,10201012,1
1723,20,102010,1530,244,0011,1,1,120,1,1,10301010,1
1879,30,121010,2030,344,0011,2,1,132,1,1,20103020,1
1880,30,121030,2040,344,0011,2,1,120,1,1,20306010,2
1889,30,121020,2030,344,0011,2,1,132,1,1,20103030,1
1891,30,121030,2040,341,0011,2,1,120,1,1,20301010,1
1892,30,121030,2040,341,0011,2,1,132,1,1,20302021,1
1893,30,121030,2040,344,0011,2,1,144,1,1,20302022,1
1894,30,121030,2040,344,0011,2,1,120,1,1,20303010,1
1895,30,121030,2040,344,0011,2,1,120,1,1,20304010,1
1899,30,121030,2040,344,0011,2,1,120,1,1,20302020,1
1901,20,152030,3510,251,0031,10,1,0,2,1,15205020,1
1983,05,051010,1010,010,0011,1,11,0,1,1,05103010,1
1984,05,051010,1010,010,0011,1,11,0,1,1,05101010,1
1985,05,051010,1010,020,0011,1,11,0,1,1,05102010,1
2003,30,702515,3090,351,1013,3,10,120,2,1,30203515,1
2004,30,801510,3090,353,1041,3,10,120,2,1,30901510,1
2005,30,801520,3010,351,1041,3,10,120,2,1,30901510,1
2007,30,801520,3090,353,1041,3,10,132,1,1,30901510,1
2008,30,801520,3090,353,1041,3,10,132,1,1,30901510,1
2009,30,801520,3090,353,1041,3,10,138,1,1,30901510,1
2010,30,702515,3090,353,1013,3,10,168,1,1,30203515,1
2013,30,801520,3090,353,1041,3,10,134,1,1,30901510,1
2015,30,801515,3090,353,1041,3,10,126,1,1,30901010,1
2016,30,801515,3090,353,1041,3,10,144,1,1,30901010,1
2017,30,801515,3090,353,1041,3,10,144,1,1,30901010,1
2018,30,603510,3090,353,0831,3,10,120,2,2,30901010,1
2019,30,801520,3090,353,1041,3,10,120,2,4,30901510,1
2021,30,801515,3090,353,1041,3,10,150,1,1,30901010,1
2022,30,801515,3090,353,1041,3,10,144,1,1,30901010,1
2027,30,801515,3090,353,1041,3,10,150,1,1,30901010,1
2028,30,801510,3090,351,1041,3,10,156,1,1,30901510,1
2029,60,801525,6010,551,1041,4,10,156,1,1,50852015,1
2401,20,102010,1530,244,0011,1,1,108,1,1,10301010,1
2411,20,701530,8590,251,1011,6,1,120,1,1,15201010,1
2413,20,702515,8590,251,1013,6,1,132,1,1,15201020,1
2414,50,703510,8590,551,1018,6,1,168,1,1,40751590,1
2415,20,701530,8590,251,1011,6,1,120,1,1,15201020,1
2417,20,701530,8590,251,1011,6,1,120,1,1,15201020,1
2419,30,702515,3090,353,1013,6,1,138,1,1,30203010,1
2421,20,701010,8590,251,1000,6,1,120,1,1,15201030,1
2425,30,154010,3510,342,0000,13,1,120,1,1,15204010,1
2428,20,151030,8590,243,0021,0,1,0,1,1,15101010,1
2431,20,151030,8590,241,0021,6,1,120,1,1,15101020,1
2432,20,152010,8590,241,0031,6,1,120,1,1,15101020,1
2441,20,151030,8590,241,0021,6,1,120,1,1,15101030,1
2442,20,703010,8590,241,1014,6,1,120,1,1,15101040,1
2443,20,152010,8590,241,0031,6,1,120,1,1,15101060,1
2444,20,652525,8590,241,0913,6,1,120,1,1,15101060,1
2445,20,152010,8590,241,0031,6,1,120,1,1,15101050,1
2446,20,152010,8590,241,0031,6,1,120,1,1,15101060,1
2447,20,152010,8590,241,0031,6,1,120,1,1,15101060,1
2459,30,601515,3090,351,0811,3,1,120,2,1,30251010,1
2460,30,601515,3090,351,0811,3,1,126,2,1,30251010,1
2461,30,601520,3090,351,0811,3,1,151,1,1,30251020,1
2462,30,601515,3090,351,0811,3,1,156,1,1,30251020,1
2469,30,601515,3090,351,0811,3,1,165,1,1,30251020,1
2470,30,601515,3090,351,0811,3,1,156,1,1,30251020,1
2471,30,601510,3090,351,0811,3,1,172,1,1,30251020,1
2473,30,601510,3090,351,0811,3,1,120,1,1,30251020,1
2475,50,555015,4010,554,0721,4,10,168,1,1,40751510,1
2476,30,555015,3090,351,0721,3,1,120,1,1,30202510,1
2477,30,602025,8590,351,0812,3,1,120,1,1,30251525,1
2478,30,602020,8590,351,0812,3,1,120,1,1,30251525,1
2479,30,602015,8590,351,0812,3,1,120,1,1,30251525,1
2480,30,602020,8590,351,0812,3,1,120,1,1,30251525,1
2481,30,303520,8590,351,0214,3,1,120,1,1,30154510,1
2483,30,602010,8590,351,0812,3,1,120,1,1,30251525,1
2484,30,603010,8590,351,0821,3,1,120,1,1,30252520,1
2485,30,601515,3090,353,0811,3,1,150,1,1,30251010,1
2486,30,601520,3090,353,0811,3,1,156,1,1,30251020,1
2487,30,601515,3090,351,0811,3,1,129,2,1,30251010,1
2488,30,602030,8590,351,0812,3,1,156,1,1,30251525,1
2489,30,601520,3090,351,0811,3,1,156,1,1,30251020,1
2490,30,601520,3020,353,0811,3,1,156,1,1,30251015,1
2491,30,601520,3090,353,0811,3,1,166,1,1,30251020,1
2492,30,601520,3020,353,0811,3,1,170,1,1,30251015,1
2493,30,154010,3510,342,0000,14,1,120,1,1,15204010,1
2508,20,102010,1520,241,0011,1,1,96,1,1,10201011,1
2509,20,102010,1520,244,0011,1,1,108,1,1,10201012,1
2510,20,102010,1530,244,0011,1,1,120,1,1,10301010,1
2511,20,102010,1530,244,0011,1,1,120,1,1,10301010,1
2515,20,102010,1530,244,0011,1,1,96,1,1,10201020,1
2516,20,102010,1520,244,0011,1,1,96,1,1,10201020,1
2517,20,102010,1530,244,0011,1,1,120,1,1,10301020,1
2530,30,153010,9510,342,0021,6,1,120,1,1,15204010,1
2887,30,582055,8520,351,0732,19,1,0,1,3,39351010,1
2888,30,582055,8520,351,0732,19,1,0,1,3,39351010,1
2891,30,803510,8520,351,1041,19,1,0,1,3,39653510,1
2893,30,582040,8520,351,0732,19,1,0,1,3,39351010,1
2894,30,981020,8520,351,9999,19,1,0,1,3,39902510,1
2895,30,582055,8520,351,0732,19,1,0,1,3,39351010,1
2900,30,555065,8520,351,0723,19,1,0,1,3,39552020,1
2901,30,402510,8520,351,0413,19,1,0,1,3,39151010,1
2902,30,553510,8520,351,0714,19,1,0,1,3,39401010,1
2903,30,555035,8520,351,0721,19,1,0,1,3,39202030,1
2904,30,555010,8520,351,0721,19,1,0,1,3,39202030,1
2905,30,571010,8520,351,0715,19,1,0,1,3,39553525,1
2906,30,555035,8520,351,0721,19,1,0,1,3,39202030,1
2907,30,555010,8520,351,0721,19,1,0,1,3,39202030,1
2908,30,555040,8520,351,0722,19,1,0,1,3,39354010,1
2909,30,271025,8520,351,0211,19,1,0,1,3,39453010,1
2910,30,553010,8520,351,0713,19,1,0,1,3,39401010,1
2911,30,555040,8520,351,0722,19,1,0,1,3,39355510,1
2912,30,271010,8520,351,0211,19,1,0,1,3,39453010,1
2913,30,555088,8520,351,0728,19,1,0,1,3,39351010,1
2914,30,571010,8520,351,0715,19,1,0,1,3,39553525,1
2915,30,555060,8520,351,0722,19,1,0,1,3,39551060,1
2916,30,571510,8520,351,0713,19,1,0,1,3,39354510,1
2917,30,552010,8520,351,0711,19,1,0,1,3,39552010,1
2918,30,555020,8520,351,0721,19,1,0,1,3,39202010,1
2919,30,555015,8520,351,0721,19,1,0,1,3,39202020,1
2920,30,575010,8520,351,0722,19,1,0,1,3,39555010,1
2921,30,555075,8520,351,0723,19,1,0,1,3,39552020,1
2922,30,555035,8520,351,0721,19,1,0,1,3,39202030,1
2923,30,603510,8520,351,0831,19,1,0,1,3,39901010,1
2924,30,555055,8520,351,0722,19,1,0,1,3,39552010,1
2925,30,571010,8520,351,0715,19,1,0,1,3,39553525,1
2926,30,552010,8520,351,0711,19,1,0,1,3,39552010,1
2950,30,582010,8520,351,0732,19,1,0,1,3,39352010,1
2951,30,582015,8520,351,0732,19,1,0,1,3,39353010,1
2952,30,582020,8520,351,0732,19,1,0,1,3,39354010,1
2953,30,553010,8520,351,0713,19,1,0,1,3,39401010,1
2954,30,574025,8520,351,0716,19,1,0,1,3,39501520,1
2955,30,582060,8520,351,0738,19,1,0,1,3,39351010,1
2956,30,582035,8520,351,0732,19,1,0,1,3,39351010,1
2957,30,574025,8520,351,0716,19,1,0,1,3,39501520,1
2958,30,553010,8520,351,0713,19,1,0,1,3,39401010,1
2959,30,701515,8520,351,1011,19,1,0,1,3,39155010,1
2960,30,571510,8520,351,0713,19,1,0,1,3,39354510,1
2961,30,601510,8520,351,0811,19,1,0,1,3,39251010,1
2962,30,582055,8520,351,0732,19,1,0,1,3,39355510,1
2969,30,402510,8520,351,0413,19,1,0,1,3,39151010,1
2970,30,403010,8520,351,0414,19,1,0,1,3,39152510,1
2971,30,271530,8520,351,0211,19,1,0,1,3,39451510,1
2972,30,555025,8520,351,0721,19,1,0,1,3,39201010,1
2973,30,403510,8520,351,0415,19,1,0,1,3,39151510,1
2974,30,653520,8520,351,0914,19,1,0,1,3,39559040,1
2975,30,572010,8520,351,0715,19,1,0,1,3,39559030,1
2976,30,702010,8520,351,1012,19,1,0,1,3,39153010,1
2977,30,651515,8520,351,0911,19,1,0,1,3,39101010,1
2978,30,603510,8520,351,0831,19,1,0,1,3,39901010,1
2979,30,702510,8520,351,1013,19,1,0,1,3,39203510,1
2980,30,402010,8520,351,0412,19,1,0,1,3,39151520,1
2981,30,271025,8520,351,0211,19,1,0,1,3,39453010,1
2982,30,801010,8520,351,1041,19,1,0,1,3,39654010,1
2983,30,701010,8520,351,1000,19,1,0,1,3,39155010,1
2984,30,403510,8520,351,0415,19,1,0,1,3,39151510,1
2985,30,701525,8520,351,1011,19,1,0,1,3,39155010,1
2986,30,308010,8520,351,0215,19,1,0,1,3,39404020,1
2990,30,651010,8520,351,0900,19,1,0,1,3,39101010,1
2991,30,403510,8520,351,0415,19,1,0,1,3,39151510,1
2992,30,656525,8520,351,0922,19,1,0,1,3,39101510,1
3000,70,452515,7020,747,0512,4,10,192,1,1,70591510,2
3001,70,501095,7010,747,0618,4,10,192,1,1,70356030,1
3002,70,258210,7010,746,0232,4,10,156,1,1,70255010,1
3003,70,257610,7010,747,0231,4,10,192,1,1,70258810,1
3004,70,257610,7010,747,0231,4,10,192,1,1,70258810,1
3005,70,257610,7010,747,0231,4,10,192,1,1,70258810,1
3006,60,355015,5010,645,0321,4,10,156,1,1,60253010,1
3007,60,258425,5010,645,0238,4,10,156,1,1,60258910,1
3008,60,258425,5010,645,0238,4,10,156,1,1,60258910,1
3009,60,258425,5010,645,0238,4,10,156,1,1,60258910,1
3010,60,258425,5010,645,0238,4,10,156,1,1,60258910,1
3011,60,258425,5010,645,0238,4,10,156,1,1,60258910,1
3012,60,258425,5010,645,0238,4,10,156,1,1,60258910,1
3013,60,258425,5010,645,0238,4,10,156,1,1,60258910,1
3014,60,258425,5010,645,0238,4,10,156,1,1,60258910,1
3015,60,258425,5010,645,0238,4,10,156,1,1,60258910,1
3016,60,258425,5010,645,0238,4,10,156,1,1,60258910,1
3017,60,258425,5010,645,0238,4,10,156,1,1,60258910,1
3018,60,258425,5010,645,0238,4,10,156,1,1,60258910,1
3019,60,501090,5020,645,0618,4,10,156,1,1,60593015,1
3020,70,255215,8550,757,0231,5,10,192,1,1,70256520,1
3021,70,352510,7010,747,0312,4,10,156,1,1,70392515,2
3022,60,409015,5010,645,0418,4,10,156,1,1,60396510,1
3023,60,409015,5010,645,0418,4,10,156,1,1,60397010,1
3024,70,257010,7010,747,0231,4,10,192,1,1,70396010,2
3025,60,409015,5010,645,0418,4,10,156,1,1,60396510,2
3026,60,409015,5010,645,0418,4,10,156,1,1,60396510,2
3027,60,573020,5020,645,0715,4,10,156,1,1,60595010,1
3028,70,555090,7020,747,0728,4,10,192,1,1,70597010,2
3029,70,555086,7020,747,0728,4,10,192,1,1,70597010,1
3030,70,501095,8550,757,0618,5,10,192,1,1,70903510,1
3031,70,258415,7010,747,0238,4,10,192,1,1,70258810,1
3032,60,258210,5010,645,0232,4,10,156,1,1,60255010,1
3033,70,258210,7010,747,0232,4,10,192,1,1,70255010,1
3034,60,256020,5010,645,0231,4,10,156,1,1,60255510,1
3035,70,256020,7010,747,0231,4,10,198,1,1,70255515,1
3036,60,258415,5010,645,0238,4,10,156,1,1,60397010,1
3037,60,409015,5010,645,0418,4,10,156,1,1,60397010,1
3038,60,409015,5010,645,0418,4,10,156,1,1,60397010,1
3039,60,255410,5010,645,0231,4,10,156,1,1,60255730,1
3040,70,355010,7010,747,0321,4,10,192,1,1,70253210,1
3041,60,255410,5010,645,0231,4,10,156,1,1,60255730,1
3042,70,453015,7010,747,0518,4,10,192,1,1,70752510,2
3044,30,403510,8520,351,0415,19,1,0,1,3,39151510,1
3045,60,452010,5010,645,0512,4,10,156,1,1,60351510,1
3046,70,451515,7010,747,0511,4,10,192,1,1,70351715,1
3047,70,552510,7020,747,0712,4,10,192,1,1,70595510,2
3048,70,451515,7010,747,0511,4,10,192,1,1,70351715,1
3049,70,554010,7010,747,0718,4,10,192,1,1,70909525,1
3050,70,452515,7010,747,0512,4,10,192,1,1,70591510,1
3051,70,452515,8550,757,0512,5,10,192,1,1,70591510,1
3052,70,553025,7010,747,0713,4,10,192,1,1,70594015,1
3053,60,451510,5010,645,0511,4,10,156,1,1,60351710,1
3054,70,451510,7010,747,0511,4,10,192,1,1,70351710,1
3055,60,409015,5010,645,0418,4,10,156,1,1,60396510,1
3056,60,551510,5020,645,0710,4,10,156,1,1,60591010,1
3057,70,552015,7010,747,0711,4,10,192,1,1,70591520,1
3058,70,452010,7010,747,0512,4,10,192,1,1,70351510,1
3059,70,451510,7020,747,0511,4,10,192,1,1,70351710,1
3060,70,452515,7010,747,0512,4,10,192,1,1,70591510,1
3061,70,501095,7010,747,0618,4,10,192,1,1,70356020,2
3062,60,202020,5010,645,0111,4,10,156,1,1,60203010,1
3063,70,202020,7010,747,0111,4,10,192,1,1,70203010,1
3064,60,202020,5010,645,0111,4,10,156,1,1,60203010,1
3065,60,202020,5010,645,0111,4,10,156,1,1,60203010,1
3066,60,255415,5010,645,0231,4,10,156,1,1,60255720,1
3067,70,255415,7010,747,0231,4,10,198,1,1,70255720,1
3068,60,255415,5010,645,0231,4,10,156,1,1,60255720,1
3069,70,255415,7010,747,0231,4,10,198,1,1,70255720,1
3070,70,255645,7010,747,0231,4,10,198,1,1,70256010,2
3071,60,255645,5010,645,0231,4,10,156,1,1,60256010,1
3072,60,255645,5010,645,0231,4,10,156,1,1,60256010,1
3073,60,255645,5010,645,0231,4,10,156,1,1,60256010,1
3074,60,255645,5010,645,0231,4,10,156,1,1,60256010,1
3075,70,255645,7010,747,0231,4,10,198,1,1,70256010,1
3076,70,354525,7010,747,0318,4,10,192,1,1,70391010,2
3077,70,409030,7010,747,0418,4,10,192,1,1,70396010,1
3078,70,351510,7010,747,0311,4,10,192,1,1,70395010,2
3079,70,351510,7010,747,0311,4,10,192,1,1,70395010,1
3080,60,352010,5010,645,0312,4,10,156,1,1,60393510,1
3081,70,351510,7010,747,0311,4,10,192,1,1,70395010,1
3082,70,351010,7010,747,0300,4,10,192,1,1,70391010,1
3083,60,409015,5010,645,0418,4,10,156,1,1,60396510,1
3084,60,403010,5010,645,0414,4,10,156,1,1,60258910,2
3085,70,455010,7010,746,0532,4,10,156,1,1,70353710,1
3086,70,402510,8550,757,0413,5,10,192,1,1,70391510,1
3087,60,256610,5010,645,0231,4,10,156,1,1,60257025,1
3088,60,256610,5010,645,0231,4,10,156,1,1,60257025,1
3089,60,256610,5010,645,0231,4,10,156,1,1,60257025,1
3090,60,256610,5010,645,0231,4,10,156,1,1,60257025,1
3091,70,254030,7010,747,0222,4,10,192,1,1,70251510,1
3092,70,451010,7010,747,0500,4,10,192,1,1,70351010,1
3093,70,501095,7010,747,0618,4,10,192,1,1,70253710,1
3094,60,355015,5010,645,0321,4,10,156,1,1,60253010,1
3095,70,354525,7010,747,0318,4,10,192,1,1,70253710,1
3096,70,501095,7010,747,0618,4,10,192,1,1,70253710,1
3097,60,501025,5010,645,0618,4,10,156,1,1,60356010,1
3098,70,501095,7010,747,0618,4,10,192,1,1,70253710,1
3099,70,501095,7010,747,0618,4,10,192,1,1,70253710,2
3100,60,355015,5010,645,0321,4,10,156,1,1,60253010,1
3101,70,501095,7010,747,0618,4,10,192,1,1,70356020,1
3102,70,402510,8550,757,0413,5,10,192,1,1,70391510,1
3103,70,553520,7020,747,0714,4,10,192,1,1,70593010,1
3104,70,501015,7010,747,0612,4,10,192,1,1,70356015,1
3105,60,501015,5020,645,0612,1,10,156,1,1,60593015,1
3106,70,501090,7020,747,0618,4,10,192,1,1,70593015,1
3107,70,501090,7020,747,0618,4,10,192,1,1,70593015,1
3108,70,501090,7010,747,0618,4,10,192,1,1,70593015,2
3109,70,501090,7010,747,0618,4,10,192,1,1,70593015,1
3110,70,555086,7020,747,0728,4,10,192,1,1,70597010,2
3111,70,555086,7010,747,0728,4,10,192,1,1,70597010,1
3112,70,551510,7020,747,0710,4,10,192,1,1,70599530,2
3113,70,551510,7010,747,0710,4,10,192,1,1,70591010,2
3114,70,555090,7020,747,0728,4,10,192,1,1,70597010,2
3115,70,553520,7020,747,0714,4,10,192,1,1,70593010,1
3116,60,553520,5020,645,0714,4,10,156,1,1,60593010,1
3117,70,555090,7020,747,0728,4,10,192,1,1,70597010,2
3118,70,555090,7020,747,0728,4,10,192,1,1,70597010,2
3119,70,555090,7020,747,0728,4,10,192,1,1,70597010,2
3120,70,453015,7010,747,0518,4,10,192,1,1,70752510,2
3121,60,555086,5020,645,0728,4,10,156,1,1,60597010,1
3122,60,573020,5020,645,0715,4,10,156,1,1,60595010,1
3123,70,551510,7010,747,0710,4,10,192,1,1,70591010,1
3124,60,551510,5020,645,0710,4,10,156,1,1,60591010,1
3125,70,552015,7020,747,0711,4,10,192,1,1,70591520,2
3126,70,581515,7010,747,0731,4,10,192,1,1,70594510,2
3127,70,553025,7020,747,0713,4,10,192,1,1,70594015,2
3128,70,553025,7010,747,0713,4,10,192,1,1,70594015,1
3129,70,551010,7020,747,0700,4,10,192,1,1,70599530,1
3130,70,402510,8550,757,0413,5,10,192,1,1,70391510,1
3131,70,552015,7020,747,0711,4,10,192,1,1,70591520,2
3132,70,453030,7020,747,0518,4,10,192,1,1,70591520,2
3133,70,453015,7010,747,0518,4,10,192,1,1,70752510,1
3134,70,601530,7010,747,0811,4,10,192,1,1,70802010,2
3135,30,802010,8520,351,1041,19,1,0,1,3,39651510,1
3136,70,554010,7010,747,0718,4,10,192,1,1,70359520,1
3137,70,453010,7010,747,0518,4,10,192,1,1,70902510,2
3138,70,453010,7010,747,0518,4,10,192,1,1,70902510,1
3139,70,454010,7020,747,0531,4,10,192,1,1,70354710,1
3140,70,552015,7020,747,0711,4,10,192,1,1,70591520,2
3141,70,554010,7020,747,0718,4,10,192,1,1,70596020,2
3142,70,455515,7010,747,0532,4,10,192,1,1,70596510,1
3143,70,209015,7010,747,0118,4,10,192,1,1,70203020,1
3144,70,209020,7010,747,0118,4,10,192,1,1,70203020,1
3145,70,201010,7010,747,0111,4,10,192,1,1,70203015,1
3146,70,201010,7010,747,0111,4,10,192,1,1,70203015,1
3147,70,255010,7010,747,0232,4,10,192,1,1,70252610,1
3148,60,303010,5010,645,0213,4,10,156,1,1,60252610,1
3149,70,258210,7010,747,0232,4,10,192,1,1,70255010,2
3150,70,355010,7010,747,0321,4,10,192,1,1,70253210,2
3151,70,501095,7010,747,0618,4,10,192,1,1,70356020,2
3152,70,355520,8550,757,0322,5,10,192,1,1,70253510,1
3153,70,604015,8550,757,0841,5,10,192,1,1,70803010,1
3154,60,554015,5010,645,0718,4,10,156,1,1,60254010,1
3155,70,554010,7010,747,0718,4,10,192,1,1,70909525,2
3156,70,501015,7020,747,0612,4,10,192,1,1,70356040,2
3157,70,354025,8550,757,0314,5,10,192,1,1,70394525,1
3158,70,255415,7010,747,0231,4,10,198,1,1,70255720,1
3159,30,601535,8520,351,0811,19,1,0,1,3,39251020,1
3160,70,501095,7010,747,0618,4,10,192,1,1,70356020,1
3161,70,581520,7010,747,0731,4,10,192,1,1,70592515,1
3162,60,354525,5010,645,0318,4,10,156,1,1,60391010,1
3163,70,501095,7010,747,0618,4,10,192,1,1,70356040,1
3164,70,501095,7010,747,0618,4,10,192,1,1,70356020,1
3165,70,303010,8550,757,0213,5,10,192,1,1,70252610,1
3166,60,258415,5010,645,0238,4,10,156,1,1,60258920,1
3167,70,703015,7010,747,1015,4,10,192,1,1,70391510,1
3168,70,501015,7020,747,0612,4,10,192,1,1,70591010,2
3169,70,501090,7020,747,0618,4,10,192,1,1,70593015,2
3170,70,401010,7010,747,0410,4,10,192,1,1,70396010,2
3171,60,354525,5010,645,0318,4,10,156,1,1,60394010,2
3172,60,255625,5010,645,0231,4,10,156,1,1,60256010,1
3173,70,255645,7010,747,0231,4,10,198,1,1,70256010,1
3174,70,451010,7010,747,0500,4,10,192,1,1,70356040,2
3175,30,571510,8520,351,0713,19,1,0,1,3,39401010,1
3176,70,581510,8550,757,0731,5,10,192,1,1,70592510,1
3177,60,551510,5020,645,0511,4,10,156,1,1,60591510,1
3178,70,258415,7010,747,0238,4,10,192,1,1,70258810,1
3179,70,258415,7010,747,0238,4,10,192,1,1,70258810,2
3180,70,501095,7010,747,0618,4,10,192,1,1,70356040,1
3181,30,994020,8520,351,9999,19,1,0,1,3,39903010,1
3182,70,501095,7010,747,0618,4,10,192,1,1,70356040,2
3183,70,355520,7010,747,0322,4,10,192,1,1,70253510,1
3184,70,355520,7010,747,0322,4,10,192,1,1,70253510,2
3185,60,401010,5010,645,0410,4,10,156,1,1,60396510,1
3186,60,401010,5010,645,0410,4,10,156,1,1,60396510,2
3187,70,401010,7010,747,0410,4,10,192,1,1,70396010,1
3188,70,401010,7010,747,0410,4,10,192,1,1,70396010,2
3189,70,352010,7010,747,0312,4,10,192,1,1,70393515,1
3190,70,352010,7010,747,0312,4,10,192,1,1,70393515,2
3191,70,352520,7010,747,0312,4,10,192,1,1,70392510,1
3192,70,352520,7010,747,0312,4,10,192,1,1,70392510,2
3193,70,353510,7010,747,0314,4,10,192,1,1,70392010,1
3194,70,353510,7010,747,0314,4,10,192,1,1,70392010,2
3195,70,354030,7010,747,0314,4,10,192,1,1,70252615,1
3196,70,354030,7010,747,0314,4,10,192,1,1,70252615,2
3197,70,409030,7010,747,0418,4,10,192,1,1,70395510,1
3198,70,409030,7010,747,0418,4,10,192,1,1,70395510,2
3199,70,354025,7010,747,0314,4,10,192,1,1,70394520,1
3200,70,354025,7010,747,0314,4,10,192,1,1,70394520,2
3201,70,402510,7010,747,0413,4,10,192,1,1,70391510,1
3202,70,402510,7010,747,0413,4,10,192,1,1,70391510,2
3203,70,351510,7010,747,0311,4,10,192,1,1,70395010,1
3204,70,351510,7010,747,0311,4,10,192,1,1,70395010,2
3205,70,405010,7010,747,0421,4,10,192,1,1,70393010,1
3206,70,405010,7010,747,0421,4,10,192,1,1,70393010,2
3207,70,655520,7010,747,0918,4,10,192,1,1,70909525,2
3208,50,553515,8530,554,0714,5,10,156,1,1,40582020,1
3209,70,352010,7010,747,0312,4,10,192,1,1,70393510,1
3210,70,352010,7010,747,0312,4,10,192,1,1,70393510,2
3211,70,354035,7010,747,0314,4,10,192,1,1,70394525,1
3212,70,354035,7010,747,0314,4,10,192,1,1,70394525,2
3213,70,352520,7010,747,0312,4,10,192,1,1,70392510,1
3214,70,352520,7010,747,0312,4,10,192,1,1,70392510,2
3215,70,354515,7010,747,0318,4,10,192,1,1,70253015,1
3216,70,354515,7010,747,0318,4,10,192,1,1,70253015,2
3217,60,573010,5020,645,0715,4,10,156,1,1,60595010,1
3219,60,551510,5020,645,0532,4,10,156,1,1,60591010,1
3220,60,254005,5010,645,0222,4,10,156,1,1,60251205,1
3221,60,355015,5010,645,0321,4,10,156,1,1,60253010,1
3222,70,501090,7020,747,0618,4,10,192,1,1,70593010,2
3223,60,553025,5510,655,0713,4,10,180,1,1,50582510,1
3224,70,355010,7010,747,0321,4,10,192,1,1,70253210,1
3225,30,651010,3020,353,0900,3,1,132,2,4,30101010,1
3226,30,401010,3020,353,0410,3,1,132,2,4,30151010,1
3227,30,555010,3020,353,0721,3,1,132,2,4,30205010,1
3228,30,581010,3020,353,0730,3,1,132,2,4,30351010,1
3229,70,402510,7010,747,0413,4,10,192,1,1,70391510,1
3230,60,553510,5520,655,0714,4,10,156,1,1,50582020,1
3231,30,555010,3010,351,0721,3,1,120,2,4,29201010,1
3232,30,651010,3010,351,0900,3,1,120,2,4,29101010,1
3233,30,401010,3010,351,0410,3,1,120,1,1,29151010,1
3234,30,581010,3010,351,0730,3,1,120,2,4,29251015,1
3235,70,402510,7010,747,0413,4,10,192,1,1,70391510,2
3236,70,255210,7010,747,0231,4,10,192,1,1,70256510,1
3237,70,255210,7010,747,0231,4,10,192,1,1,70256510,2
3238,60,452515,5520,655,0512,4,10,156,1,1,50584510,1
3239,60,452515,5520,655,0512,4,10,156,1,1,50584510,2
3240,70,501025,7010,747,0618,4,10,192,1,1,70356010,1
3241,70,501025,7010,747,0618,4,10,192,1,1,70356010,2
3242,70,452010,7010,747,0512,4,10,192,1,1,70351510,1
3243,70,452010,7010,747,0512,4,10,192,1,1,70351510,2
3244,70,454010,7020,747,0531,4,10,192,1,1,70354710,1
3245,70,454010,7020,747,0531,4,10,192,1,1,70354710,2
3248,70,655510,7010,747,0918,4,10,192,1,1,70903010,1
3249,70,655510,7010,747,0918,4,10,192,1,1,70903010,2
3250,60,453030,5020,645,0518,4,10,156,1,1,60591515,1
3251,60,453030,5020,645,0518,4,10,156,1,1,60591515,2
3252,60,553515,5020,645,0714,4,10,156,1,1,60593510,1
3253,60,553515,5020,645,0714,4,10,156,1,1,60593510,2
3254,70,457510,7010,747,0541,4,10,192,1,1,70355010,1
3255,70,457510,7010,747,0541,4,10,192,1,1,70355010,2
3256,70,457010,7010,747,0533,4,10,192,1,1,70353015,1
3257,70,457010,7010,747,0533,4,10,192,1,1,70353015,2
3258,70,459010,7010,747,0548,4,10,192,1,1,70355015,1
3259,70,459010,7010,747,0548,4,10,192,1,1,70355015,2
3260,70,451510,7010,747,0511,4,10,192,1,1,70351710,1
3261,60,453510,8540,655,0528,5,10,180,1,0,50805090,1
3262,30,803020,3020,354,1041,3,1,132,2,4,30653510,1
3263,30,803020,3020,354,1041,3,1,132,2,4,30653510,1
3264,30,803020,3020,354,1041,3,1,132,2,4,30653510,1
3265,30,803020,3020,354,1041,3,1,132,2,4,30653510,1
3266,30,803020,3020,354,1041,3,1,132,2,4,30653510,1
3267,30,803015,3020,354,1041,3,1,132,2,4,30653515,1
3268,30,803015,3020,354,1041,3,1,132,2,4,30653515,1
3269,30,803015,3020,354,1041,3,1,132,2,4,30653515,1
3270,30,602010,3020,354,0812,3,1,132,2,4,30251526,1
3271,30,602025,3020,354,0812,3,1,132,2,4,30251520,1
3272,60,256610,5010,645,0231,4,10,156,1,1,60257025,1
3273,70,256610,7010,747,0231,4,10,196,1,1,70257025,1
3274,70,451510,7010,747,0511,4,10,192,1,1,70351710,2
3275,60,602510,5510,655,0818,4,10,180,1,1,50802015,1
3276,70,258210,7010,747,0232,4,10,192,1,1,70255010,1
3277,70,258210,7010,747,0232,4,10,192,1,1,70255010,2
3278,30,403510,8520,351,0415,19,1,0,1,3,39151510,1
3279,70,452015,7010,747,0512,4,10,192,1,1,70352015,1
3280,70,452015,7010,747,0512,4,10,192,1,1,70352015,2
3281,70,355015,7010,747,0321,4,10,192,1,1,70253010,1
3282,70,355015,7010,747,0321,4,10,192,1,1,70253010,2
3283,70,501095,7010,747,0618,4,10,192,1,1,70356020,1
3284,70,501095,7010,747,0618,4,10,192,1,1,70356020,2
3285,30,555040,8520,351,0722,19,1,0,1,3,39355510,1
3286,60,553520,5520,655,0714,4,10,156,1,1,50582010,2
3287,30,803510,8520,351,1041,19,1,0,1,3,39654010,1
3288,60,602510,5510,655,0818,4,10,180,1,1,50802015,1
3289,60,602510,5510,655,0818,4,10,180,1,1,50802015,2
3291,30,553510,8520,351,0714,19,1,0,1,3,39401510,1
3298,70,451515,7010,747,0511,4,10,192,1,1,70351715,1
3299,70,451515,7010,747,0511,4,10,192,1,1,70351715,2
3300,70,352510,7010,747,0312,4,10,192,1,1,70392515,1
3301,70,352510,7010,747,0312,4,10,192,1,1,70392515,2
3302,70,455010,7010,747,0532,4,10,192,1,1,70353710,1
3303,70,455010,7010,747,0532,4,10,192,1,1,70353710,2
3304,60,351510,5010,645,0311,4,10,156,1,1,60395510,1
3305,50,571510,8530,554,0713,5,10,156,1,1,40582420,1
3306,50,553030,8530,554,0713,5,10,180,1,1,40582415,1
3307,70,255015,7010,747,0228,4,10,192,1,1,70259525,1
3308,70,655520,8550,757,0918,5,10,192,1,1,70909525,1
3309,70,453010,8550,757,0518,5,10,192,1,1,70902510,1
3310,70,255420,7010,747,0231,4,10,192,1,1,70255710,2
3311,70,255425,7010,747,0231,4,10,192,1,1,70255715,1
3312,70,255415,7010,747,0231,4,10,192,1,1,70255720,1
3313,70,255410,7010,747,0231,4,10,192,1,1,70255730,2
3314,70,258410,7010,747,0238,4,10,198,1,1,70257530,1
3315,70,255215,7010,747,0231,4,10,192,1,1,70256520,2
3316,60,309515,8540,655,0218,5,10,180,1,1,50305010,1
3317,70,309520,7010,747,0218,4,10,192,1,1,70302015,2
3318,70,255010,7010,747,0228,4,10,192,1,1,70259520,2
3319,20,151020,8590,243,0021,10,1,0,1,1,25102020,1
3320,50,701525,8530,554,1011,5,10,156,1,1,40585020,1
3321,60,981030,6010,655,9999,5,10,0,1,1,50971010,1
3322,60,981030,6010,655,9999,5,10,0,1,1,50971010,1
3323,30,122010,2510,344,0011,1,1,120,1,1,20203011,1
3325,30,981030,3090,353,9999,3,1,120,1,1,30902510,1
3326,70,501015,7010,747,0612,4,10,192,1,1,70356015,1
3327,60,355015,5010,645,0321,4,10,156,1,1,60253010,1
3328,70,451010,7010,746,0500,4,10,156,1,1,70355010,1
3329,60,203510,6010,655,0113,4,10,156,1,1,50201010,1
3330,70,551510,7010,747,0710,4,10,192,1,1,70591010,1
3331,70,551510,7020,747,0710,4,10,192,1,1,70599515,2
3333,60,552015,5520,655,0711,4,10,156,1,1,50584510,1
3334,70,251515,7010,747,0221,4,10,192,1,1,70254510,1
3335,60,355015,5010,645,0321,4,10,156,1,1,60253010,1
3336,70,202020,7010,747,0111,4,10,192,1,1,70203010,1
3337,70,255010,7010,746,0228,4,10,156,1,1,70252610,1
3338,70,255010,7010,747,0228,4,10,192,1,1,70252610,1
3339,60,303010,5010,645,0213,4,10,156,1,1,60252610,1
3340,70,501090,7020,747,0618,4,10,192,1,1,70593015,2
3341,70,455515,7010,747,0532,4,10,192,1,1,70596510,2
3342,60,501025,5010,645,0618,4,10,156,1,1,60356010,1
3343,60,202020,5010,645,0111,4,10,156,1,1,60203010,1
3344,70,452515,7020,747,0512,4,10,192,1,1,70591510,1
3345,70,453030,7020,747,0518,4,10,192,1,1,70591520,1
3346,60,255645,5010,645,0231,4,10,156,1,1,60256010,1
3347,70,501015,7010,747,0612,4,10,192,1,1,70356040,2
3350,50,582055,8530,554,0732,5,10,156,1,0,40581515,1
3351,50,581010,8530,554,0730,5,10,156,1,0,40581515,1
3352,50,552510,8530,554,0712,5,10,156,1,0,40583510,1
3353,60,551510,5020,645,0710,4,10,156,1,1,60591010,2
3354,70,551510,7020,747,0710,4,10,192,1,1,70596510,2
3355,60,452515,5520,655,0512,4,10,156,1,1,50584510,1
3356,60,255645,5010,645,0231,4,10,156,1,1,60256010,1
3357,60,554015,5520,655,0718,4,10,156,1,1,50589510,1
3363,70,409020,7010,747,0418,4,10,192,1,1,70395510,2
3364,30,553020,8520,351,0713,19,1,0,1,3,39553010,1
3365,30,553015,8520,351,0713,19,1,0,1,3,39404030,1
3366,70,453510,7510,747,0528,4,10,192,1,1,70805010,1
3367,70,453510,7510,747,0528,4,10,192,1,1,70805015,1
3368,60,551510,5010,645,0710,4,10,156,1,1,60591010,1
3369,60,451010,5010,645,0710,4,10,156,1,1,60356040,1
3370,60,551510,5010,645,0710,4,10,156,1,1,60591010,1
3371,60,573020,5010,645,0715,4,10,156,1,1,60595010,2
3372,70,573020,7020,747,0715,4,10,192,1,1,70595010,2
3373,60,573020,5010,645,0715,4,10,156,1,1,60595010,1
3374,70,573020,7020,747,0715,4,10,192,1,1,70595010,1
3375,70,501025,7510,747,0618,4,10,192,1,1,70356010,1
3376,60,409015,5010,645,0418,4,10,156,1,1,60396510,2
3377,70,501095,7010,747,0618,4,10,192,1,1,70356040,2
3378,70,405010,7010,747,0421,4,10,192,1,1,70393010,1
3379,60,405010,5010,645,0421,4,10,156,1,1,60393010,1
3380,70,251010,7010,747,0220,4,10,192,1,1,70251010,1
3381,70,258210,7010,747,0232,4,10,192,1,1,70255010,1
3382,70,354525,7010,747,0318,3,10,192,1,1,70391010,2
3383,60,602510,5510,655,0818,4,10,180,1,1,50802015,1
3384,60,551510,5020,645,0710,4,10,156,1,1,60591010,1
3385,70,655510,7010,747,0918,4,10,192,1,1,70903010,1
3386,70,258210,7010,747,0232,4,10,192,1,1,70255010,1
3389,70,201010,7010,747,0111,4,10,192,1,1,70203015,1
3390,70,401010,7010,747,0410,4,10,192,1,1,70396010,2
3391,70,401010,7010,747,0410,4,10,192,1,1,70396010,2
3392,70,401010,7010,747,0410,4,10,192,1,1,70396010,2
3393,70,401010,7010,747,0410,4,10,192,1,1,70396010,2
3394,70,401010,7010,747,0410,4,10,192,1,1,70396010,1
3395,70,401010,7010,747,0410,4,10,192,1,1,70396010,1
3396,70,401010,7010,747,0410,4,10,192,1,1,70396010,2
3397,70,401010,7010,747,0410,4,10,192,1,1,70396010,2
3398,70,401010,7010,747,0410,4,10,192,1,1,70396010,2
3399,70,401010,7010,747,0410,4,10,192,1,1,70396010,2
3400,60,652010,5010,645,0912,4,10,156,1,1,60905010,1
3401,30,555010,3010,351,0721,3,1,120,2,4,29201010,1
3402,30,651010,3010,351,0900,3,1,120,2,4,29101010,1
3403,30,401010,3010,351,0410,3,1,120,2,4,29151010,1
3404,30,581010,3010,351,0730,3,1,120,2,4,29251015,1
3405,60,409025,5510,655,0418,4,10,156,1,1,50589510,1
3406,60,553025,5520,655,0713,4,10,156,1,1,50582010,1
3407,60,552015,5520,655,0711,4,10,156,1,1,50584510,1
3408,60,573020,5520,655,0715,4,10,156,1,1,50583015,1
3409,60,573020,5520,655,0715,4,10,156,1,1,50582020,1
3410,60,501090,5520,655,0618,4,10,156,1,1,50582010,1
3411,60,573020,5520,655,0715,4,10,156,1,1,50583015,2
3412,60,352010,5010,645,0312,4,10,156,1,1,60393510,1
3413,60,401010,5010,645,0410,4,10,156,1,1,60396510,1
3414,60,401010,5010,645,0410,4,10,156,1,1,60396510,1
3415,60,401010,5010,645,0410,4,10,156,1,1,60396510,1
3416,60,401010,5010,645,0410,4,10,156,1,1,60396510,1
3417,60,401010,5010,645,0410,4,10,156,1,1,60396510,2
3418,60,401010,5010,645,0410,4,10,156,1,1,60396510,2
3419,60,401010,5010,645,0410,4,10,156,1,1,60396510,2
3420,60,553515,5020,645,0714,4,10,156,1,1,60593510,1
3421,60,501025,5010,645,0618,4,10,156,1,1,60356010,1
3422,60,202020,5010,645,0111,4,10,156,1,1,60203010,1
3423,60,409010,5010,645,0418,4,10,156,1,1,60396510,1
3424,60,258415,5010,645,0238,4,10,156,1,1,60258920,1
3425,60,258415,5010,645,0238,4,10,156,1,1,60258920,1
3426,60,258415,5010,645,0238,4,10,156,1,1,60258920,1
3427,60,258415,5010,645,0238,4,10,156,1,1,60258920,1
3428,60,354030,5010,645,0314,4,10,156,1,1,60252615,1
3429,60,255210,5010,645,0231,4,10,156,1,1,60256510,1
3430,60,254510,5010,645,0223,4,10,156,1,1,60252010,1
3431,60,252010,5010,645,0222,4,10,156,1,1,60252210,1
3432,60,258010,5010,645,0232,4,10,156,1,1,60252710,1
3433,60,257810,5010,645,0232,4,10,156,1,1,60255210,1
3434,60,255215,5010,645,0231,4,10,156,1,1,60256520,1
3435,60,251515,5010,645,0221,4,10,156,1,1,60254510,1
3436,60,351510,5010,645,0311,4,10,156,1,1,60395010,1
3437,60,405010,5010,645,0421,4,10,156,1,1,60393010,1
3438,60,351010,5010,645,0300,4,10,156,1,1,60391010,1
3439,60,353010,5010,645,0313,4,10,156,1,1,60394010,1
3440,60,453010,5010,645,0518,4,10,156,1,1,60902510,1
3441,60,655510,5010,645,0918,4,10,156,1,1,60903010,1
3442,60,459010,5010,645,0548,4,10,156,1,1,60355015,1
3443,60,454010,5010,645,0531,4,10,156,1,1,60354710,1
3444,60,457010,5010,645,0533,4,10,156,1,1,60353015,1
3445,60,457510,5010,645,0541,4,10,156,1,1,60355010,1
3446,60,451510,5010,645,0511,4,10,156,1,1,60351710,1
3447,60,655515,5010,645,0918,4,10,156,1,1,60354510,1
3448,70,401010,7010,747,0410,4,10,192,1,1,70396010,1
3449,70,401010,7010,747,0410,4,10,192,1,1,70396010,1
3450,70,401010,7010,747,0410,4,10,192,1,1,70396010,2
3451,70,401010,7010,747,0410,4,10,192,1,1,70396010,2
3452,70,351510,7010,747,0311,4,10,192,1,1,70395010,2
3453,70,405010,7010,747,0421,4,10,192,1,1,70393010,1
3454,70,352010,7010,747,0312,4,10,192,1,1,70393510,1
3455,70,501025,7010,747,0618,4,10,192,1,1,70356010,2
3456,70,454010,7010,747,0531,4,10,192,1,1,70354710,2
3457,70,457510,7010,747,0541,4,10,192,1,1,70355010,2
3458,70,457010,7010,747,0533,4,10,192,1,1,70353015,2
3459,70,459010,7010,747,0548,4,10,192,1,1,70355010,1
3460,70,451510,7010,747,0511,4,10,192,1,1,70351710,2
3461,70,202020,7010,747,0111,4,10,192,1,1,70203010,1
3462,70,553515,7020,747,0714,4,10,192,1,1,70593510,2
3463,70,553510,7020,747,0714,4,10,192,1,1,70593510,2
3464,70,553510,7020,747,0714,4,10,192,1,1,70593510,2
3465,70,401510,7010,747,0411,4,10,192,1,1,70391510,1
3466,70,257810,7010,747,0232,4,10,192,1,1,70255210,1
3467,70,202010,7010,747,0111,4,10,192,1,1,70203020,1
3468,70,255215,7010,747,0231,4,10,192,1,1,70256520,1
3469,70,254510,7010,747,0223,4,10,192,1,1,70252010,1
3470,70,252010,7010,747,0222,4,10,192,1,1,70252210,1
3471,70,354030,7010,747,0314,4,10,192,1,1,70252615,1
3472,70,258010,7010,747,0232,4,10,192,1,1,70252710,1
3473,70,251515,7010,747,0221,4,10,192,1,1,70254510,1
3474,70,355010,7010,747,0321,4,10,192,1,1,70253210,1
3475,70,351010,7010,747,0300,4,10,192,1,1,70391010,1
3476,70,353010,7010,747,0313,4,10,192,1,1,70394010,1
3477,70,652010,7010,747,0912,4,10,192,1,1,70905010,1
3478,70,652010,7010,747,0912,4,10,192,1,1,70905010,1
3479,70,652525,7010,747,0913,4,10,192,1,1,70909525,1
3480,70,453010,7010,747,0518,4,10,192,1,1,70902510,1
3481,70,454015,7010,747,0531,4,10,192,1,1,70352210,2
3482,70,655515,7010,747,0918,4,10,192,1,1,70354510,1
3483,60,554015,5520,655,0718,4,10,156,1,1,50589510,2
3484,70,401010,7010,747,0410,4,10,192,1,1,70396010,2
3485,70,554015,7020,747,0718,4,10,192,1,1,70599530,2
3486,70,401010,7010,747,0410,4,10,192,1,1,70396010,2
3491,70,501090,7020,747,0618,4,10,192,1,1,70593010,2
3492,70,501090,7020,747,0618,4,10,192,1,1,70593010,2
3493,70,451010,7010,747,0710,4,10,192,1,1,70356040,2
3494,70,451010,7010,747,0710,4,10,192,1,1,70356040,2
3495,70,501025,7010,747,0618,4,10,192,1,1,70356010,2
3496,60,501090,5020,645,0618,4,10,156,1,1,60593010,2
3497,60,501090,5020,645,0618,4,10,156,1,1,60593010,2
3498,60,451010,5010,645,0710,4,10,156,1,1,60356040,2
3499,60,501025,5010,645,0618,4,10,156,1,1,60356010,2
3500,70,352520,7010,747,0312,4,10,192,1,1,70392510,2
3535,70,601010,7010,747,0800,4,10,192,1,1,70599530,1
3594,30,651010,8520,351,0900,19,1,0,1,3,39101010,1
3595,30,582055,8520,351,0732,19,1,0,2,0,39355510,1
3596,30,555010,8520,351,0721,19,1,0,2,0,39202030,1
3599,30,574510,8520,351,0718,19,1,0,1,3,39651010,1
3600,30,403510,8520,351,0415,19,1,0,1,3,39151510,1
3601,30,574010,8520,351,0716,19,1,0,1,3,39651010,1
3602,30,574025,8520,351,0716,19,1,0,1,3,39501520,1
3603,30,553515,8520,351,0714,19,1,0,1,3,39401510,1
3604,30,574035,8520,351,0716,19,1,0,1,3,39501525,1
3605,30,582010,8520,351,0732,19,1,0,1,3,39352010,1
3606,30,303510,8520,351,0214,19,1,0,1,3,39553515,1
3607,30,403510,8520,351,0415,19,1,0,1,3,39151510,1
3608,30,574030,8520,351,0716,19,1,0,1,3,39501535,1
3609,30,271520,8520,351,0211,19,1,0,1,3,39451510,1
3610,30,573510,8520,351,0715,19,1,0,1,3,39553525,1
3611,30,704010,8520,351,1021,19,1,0,1,3,39654010,1
3612,30,404015,8520,351,0416,19,1,0,1,3,39152510,1
3613,30,271010,8520,351,0211,19,1,0,1,3,39453010,1
3614,30,404030,8520,351,0416,19,1,0,1,3,39651010,1
3615,30,582055,8520,351,0732,19,1,0,1,3,39351010,1
3616,30,404030,8520,351,0416,19,1,0,1,3,39651010,1
3617,30,403510,8520,351,0415,19,1,0,1,3,39151510,1
3618,30,403510,8520,351,0415,19,1,0,1,3,39151510,1
3619,30,402510,8520,351,0413,19,1,0,1,3,39151510,1
3620,30,703015,8520,351,1015,19,1,0,1,3,39152510,1
3621,30,582030,8520,351,0732,19,1,0,1,3,39355010,1
3622,30,573025,8520,351,0715,19,1,0,1,3,39559050,1
3623,30,402510,8520,351,0413,19,1,0,1,3,39151010,1
3624,30,573035,8520,351,0715,19,1,0,1,3,39554510,1
3625,30,582035,8520,351,0732,19,1,0,1,3,39351010,1
3626,30,553510,8520,351,0714,19,1,0,1,3,39401010,1
3627,30,553520,8520,351,0714,19,1,0,1,3,39402010,1
3628,30,402010,8520,351,0412,19,1,0,1,3,39151520,1
3629,30,656525,8520,351,0922,19,1,0,1,3,39101510,1
3630,30,402020,8520,351,0412,19,1,0,1,3,39151520,1
3631,30,582055,8520,351,0732,19,1,0,1,3,39351010,1
3632,30,555020,8520,351,0721,19,1,0,1,3,39202010,1
3633,30,582040,8520,351,0732,19,1,0,1,3,39351010,1
3634,30,555020,8520,351,0721,19,1,0,1,3,39202010,1
3635,30,574025,8520,351,0716,19,1,0,1,3,39501520,1
3636,30,701515,8520,351,1011,19,1,0,1,3,39155010,1
3637,30,582055,8520,351,0732,19,1,0,1,3,39351010,1
3638,30,702510,8520,351,1013,19,1,0,1,3,39203510,1
3639,30,704010,8520,351,1021,19,1,0,1,3,39654010,1
3640,30,601510,8520,351,0811,19,1,0,1,3,39251010,1
3641,30,601515,8520,351,0811,19,1,0,1,3,39251010,1
3642,30,601535,8520,351,0811,19,1,0,1,3,39251020,1
3643,30,582040,8520,351,0732,19,1,0,1,3,39351010,1
3644,30,582060,8520,351,0738,19,1,0,1,3,39351010,1
3645,30,582055,8520,351,0732,19,1,0,1,3,39351010,1
3646,30,555015,8520,351,0721,19,1,0,1,3,39202020,1
3647,30,555025,8520,351,0721,19,1,0,1,3,39201010,1
3648,30,552010,8520,351,0711,19,1,0,1,3,39552010,1
3649,30,702515,8520,351,1013,19,1,0,1,3,39203510,1
3650,30,573510,8520,351,0715,19,1,0,1,3,39553525,1
3651,30,555088,8520,351,0728,19,1,0,1,3,39351010,1
3652,30,553515,8520,351,0714,19,1,0,1,3,39401510,1
3653,30,553515,8520,351,0714,19,1,0,1,3,39401510,1
3654,30,553010,8520,351,0713,19,1,0,1,3,39401010,1
3655,30,553015,8520,351,0713,19,1,0,1,3,39401010,1
3656,30,553020,8520,351,0713,19,1,0,1,3,39553010,1
3657,30,553015,8520,351,0713,19,1,0,1,3,39401010,1
3658,30,553015,8520,351,0713,19,1,0,1,3,39401010,1
3659,30,553520,8520,351,0714,19,1,0,1,3,39402010,1
3660,30,702025,8520,351,1012,19,1,0,1,3,39153010,1
3661,30,572010,8520,351,0715,19,1,0,1,3,39559030,1
3662,30,653520,8520,351,0914,19,1,0,1,3,39559040,1
3663,30,701525,8520,351,1011,19,1,0,1,3,39155010,1
3664,30,555065,8520,351,0723,19,1,0,1,3,39552020,1
3665,30,802015,8520,351,1041,19,1,0,1,3,39654010,1
3666,30,602015,8520,351,0812,19,1,0,1,3,39251510,1
3667,30,602020,8520,351,0812,19,1,0,1,3,39251510,1
3668,30,602025,8520,351,0812,19,1,0,1,3,39251510,1
3669,30,573030,8520,351,0715,19,1,0,1,3,39553525,1
3670,30,573030,8520,351,0715,19,1,0,1,3,39553525,1
3671,30,553020,8520,351,0713,19,1,0,1,3,39553010,1
3672,30,553510,8520,351,0714,19,1,0,1,3,39401010,1
3673,30,751515,8520,351,1032,19,1,0,1,3,39156510,1
3674,30,603010,8520,351,0821,19,1,0,1,3,39252510,1
3675,30,552015,8520,351,0711,19,1,0,1,3,39552010,1
3676,30,403510,8520,351,0415,19,1,0,1,3,39151510,1
3677,30,555010,8520,351,0721,19,1,0,1,3,39202030,1
3678,30,555055,8520,351,0722,19,1,0,1,3,39551060,1
3679,30,701525,8520,351,1011,19,1,0,1,3,39155010,1
3680,30,551010,8520,351,0700,19,1,0,1,3,39551060,1
3681,30,575010,8520,351,0722,19,1,0,1,3,39555010,1
3682,30,575010,8520,351,0722,19,1,0,1,3,39555010,1
3683,30,575010,8520,351,0722,19,1,0,1,3,39555010,1
3684,30,582055,8520,351,0732,19,1,0,1,3,39351010,1
3685,30,553510,8520,351,0714,19,1,0,1,3,39401010,1
3686,30,553010,8520,351,0713,19,1,0,1,3,39551060,1
3687,30,751530,8520,351,1032,19,1,0,1,3,39155010,1
3688,30,651010,8520,351,0900,19,1,0,1,3,39101010,1
3689,30,702515,8520,351,1013,19,1,0,1,3,39203510,1
3690,30,571510,8520,351,0713,19,1,0,1,3,39354510,1
3691,30,571510,8520,351,0713,19,1,0,1,3,39354510,1
3692,30,651010,8520,351,0900,19,1,0,1,3,39101010,1
3693,30,553020,8520,351,0713,19,1,0,1,3,39553010,1
3694,30,571510,8520,351,0713,19,1,0,1,3,39354510,1
3695,30,651010,8520,351,0900,19,1,0,1,3,39101010,1
3696,30,701515,8520,351,1011,19,1,0,1,3,39155010,1
3697,30,571510,8520,351,0713,19,1,0,1,3,39354510,1
3698,30,651515,8520,351,0911,19,1,0,1,3,39101010,1
3699,30,555040,8520,351,0722,19,1,0,1,3,39355510,1
3700,30,555040,8520,351,0722,19,1,0,1,3,39355510,1
3701,30,751520,8520,351,1032,19,1,0,1,3,39156510,1
3702,30,555040,8520,351,0722,19,1,0,1,3,39355510,1
3703,30,555040,8520,351,0722,19,1,0,1,3,39355510,1
3704,30,555040,8520,351,0722,19,1,0,1,3,39355510,1
3705,30,572510,8520,351,0715,19,1,0,1,3,39501510,1
3706,30,574025,8520,351,0716,19,1,0,1,3,39501520,1
3707,30,553020,8520,351,0713,19,1,0,1,3,39553010,1
3708,30,553020,8520,351,0713,19,1,0,1,3,39553010,1
3709,30,571510,8520,351,0713,19,1,0,1,3,39354510,1
3710,30,553515,8520,351,0714,19,1,0,1,3,39401510,1
3711,30,555035,8520,351,0721,19,1,0,1,3,39202030,1
3712,30,573030,8520,351,0715,19,1,0,1,3,39553525,1
3713,30,573030,8520,351,0715,19,1,0,1,3,39553525,1
3714,30,803020,8520,351,1041,19,1,0,1,3,39653510,1
3715,30,802010,8520,351,1041,19,1,0,1,3,39651510,1
3716,30,802010,8520,351,1041,19,1,0,1,3,39651510,1
3717,30,803510,8520,351,1041,19,1,0,1,3,39654010,1
3718,30,704010,8520,351,1021,19,1,0,1,3,39654010,1
3719,30,803030,8520,351,1041,19,1,0,1,3,39653515,1
3720,30,751525,8520,351,1032,19,1,0,1,3,39653510,1
3721,30,804010,8520,351,1041,19,1,0,1,3,39654010,1
3722,30,803020,8520,351,1041,19,1,0,1,3,39653510,1
3723,30,802515,8520,351,1041,19,1,0,1,3,39651510,1
3724,30,802010,8520,351,1041,19,1,0,1,3,39651510,1
3725,30,552015,8520,351,0711,19,1,0,1,3,39552010,1
3726,30,656525,8520,351,0922,19,1,0,1,3,39101510,1
3727,30,271020,8520,351,0211,19,1,0,1,3,39453010,1
3728,30,803015,8520,351,1041,19,1,0,1,3,39653515,1
3729,30,803020,8520,351,1041,19,1,0,1,3,39653510,1
3730,30,803015,8520,351,1041,19,1,0,1,3,39653515,1
3731,30,803020,8520,351,1041,19,1,0,1,3,39653510,1
3732,30,802015,8520,351,1041,19,1,0,1,3,39654010,1
3733,30,802015,8520,351,1041,19,1,0,1,3,39654010,1
3734,30,704010,8520,351,1021,19,1,0,1,3,39654010,1
3735,30,981020,8520,351,9999,19,1,0,1,3,39902510,1
3736,30,582060,8520,351,0738,19,1,0,1,3,39351010,1
3737,30,603510,8520,351,0831,19,1,0,1,3,39901010,1
3738,30,981020,8520,351,9999,19,1,0,1,3,39902510,1
3739,30,555045,8520,351,0722,19,1,0,1,3,39559010,1
3740,30,574020,8520,351,0716,19,1,0,1,3,39501540,1
3741,30,574010,8520,351,0716,19,1,0,1,3,39501510,1
3742,30,572015,8520,351,0715,19,1,0,1,3,39559020,1
3743,30,573015,8520,351,0715,19,1,0,1,3,39551060,1
3744,70,581525,7010,746,0731,4,10,156,1,1,70804510,1
3745,70,601530,7010,747,0811,4,10,192,1,1,70802010,2
3746,70,501015,7010,747,0612,4,10,192,1,1,70356015,1
3747,70,455010,7010,747,0532,4,10,192,1,1,70353710,1
3749,30,802015,8520,351,1041,19,1,0,1,3,39654010,1
3750,50,501015,8530,551,0612,40,10,156,1,1,40582015,1
3751,30,553020,8520,351,0713,19,1,0,1,3,39553010,1
3752,50,501020,8590,554,0613,40,1,159,1,1,40244010,1
3753,30,582040,8520,351,0732,19,1,0,1,3,39351010,1
3754,30,582055,8520,351,0732,19,1,0,1,3,39551060,1
3755,60,402510,8540,655,0413,40,10,180,1,1,50381510,1
3756,30,575010,8520,351,0722,19,1,0,1,3,39555010,1
3757,30,575010,8520,351,0722,19,1,0,1,3,39555010,1
3758,30,555055,8520,351,0722,19,1,0,1,3,39552010,1
3759,30,573030,8520,351,0715,19,1,0,1,3,39553525,1
3760,50,404020,8530,554,0416,40,10,156,1,1,40382510,1
3761,30,555082,8520,351,0724,19,1,0,1,3,39351010,1
3762,30,582055,8520,351,0732,19,1,0,1,3,39351010,1
3763,30,582055,8520,351,0732,19,1,0,1,3,39351010,1
3764,30,582020,8520,351,0732,19,1,0,1,3,39353010,1
3765,50,401010,8530,551,0410,40,10,180,1,1,40381010,1
3766,30,582060,8520,351,0738,19,1,0,1,3,39351010,1
3767,30,582025,8520,351,0732,19,1,0,1,3,39355510,1
3768,30,404015,8520,351,0416,19,1,0,1,3,39152510,1
3769,30,981020,8520,351,9999,19,1,0,1,3,39902510,1
3770,60,402510,8540,655,0413,40,10,180,1,1,50381510,1
3771,30,602010,8520,351,0812,19,1,0,1,3,39251510,1
3772,30,803020,8520,351,1041,19,1,0,1,3,39653510,1
3773,30,803025,8520,351,1041,19,1,0,1,3,39653515,1
3774,30,651010,8520,351,0900,19,1,0,1,3,39101010,1
3775,50,402010,8530,554,0412,40,10,168,1,1,40382010,1
3776,30,573015,8520,351,0715,19,1,0,1,3,39551060,1
3777,30,803015,8520,351,1041,19,1,0,1,3,39653515,1
3778,30,702515,8520,351,1013,19,1,0,1,3,39203510,1
3779,30,555088,8520,351,0728,19,1,0,1,3,39351010,1
3780,30,654520,3090,353,0915,40,1,167,1,1,30103510,1
3781,30,555040,8520,351,0722,19,1,0,1,3,39355510,1
3782,30,651510,8520,351,0911,19,1,0,1,3,39101010,1
3783,30,573025,8520,351,0715,19,1,0,1,3,39559050,1
3784,30,555055,8520,351,0722,19,1,0,1,3,39551060,1
3785,30,582040,3090,353,0732,40,1,144,1,1,30351510,1
3786,30,572510,8520,351,0715,19,1,0,1,3,39501510,1
3787,30,271015,8520,351,0211,19,1,0,1,3,39453010,1
3788,30,553030,8520,351,0713,19,1,0,1,3,39401010,1
3789,30,308010,8520,351,0215,19,1,0,1,3,39404020,1
3790,30,601520,8590,351,0811,40,1,178,1,1,30251020,1
3791,30,553515,8520,351,0714,19,1,0,1,3,39401510,1
3792,30,551010,8520,351,0700,19,1,0,1,3,39551060,1
3793,30,701510,8520,351,1011,19,1,0,1,3,39155010,1
3794,30,573510,8520,351,0715,19,1,0,1,3,39553525,1
3795,30,573030,8520,351,0715,19,1,0,1,3,39553525,1
3796,30,553510,8520,351,0714,19,1,0,1,3,39551060,1
3797,30,701510,8520,351,1011,19,1,0,1,3,39155010,1
3798,30,703010,8520,351,1014,19,1,0,1,3,39153010,1
3799,30,603010,8520,351,0821,19,1,0,1,3,39252510,1
3800,50,402010,4010,554,0412,4,10,156,1,1,40382010,1
3801,50,401515,8530,554,0411,40,10,180,1,1,40381510,1
3802,50,657010,8530,554,0923,5,10,156,1,1,40381510,1
3803,50,402510,8530,554,0413,5,10,156,1,1,40381510,1
3804,50,257010,8530,554,0231,5,10,180,1,1,40202515,1
3805,30,653510,8520,351,0914,19,1,0,1,3,39101010,1
3806,50,403010,8530,554,0414,5,10,156,1,1,40382510,1
3807,50,553025,8530,554,0713,5,10,156,1,1,40582510,1
3808,30,271010,8520,351,0211,19,1,0,1,3,39453010,1
3810,50,401010,8530,551,0410,40,10,156,1,1,40381010,1
3811,60,451010,5010,645,0500,4,10,156,1,1,60351010,1
3812,60,451010,5010,645,0500,4,10,156,1,1,60351010,2
3813,60,251010,5010,645,0220,4,10,156,1,1,60251010,1
3814,60,251010,5010,645,0220,4,10,156,1,1,60251010,2
3815,60,351010,5010,645,0300,4,10,156,1,1,60391010,1
3816,60,351010,5010,645,0300,4,10,156,1,1,60391010,2
3835,30,501010,3090,351,0611,40,1,156,1,1,30154510,1
3836,50,401010,8530,554,0410,40,10,180,1,1,40381010,1
3837,50,355015,8530,554,0321,40,10,180,1,1,40382510,1
3838,50,403010,8530,554,0414,40,10,180,1,1,40382510,1
3839,50,402010,8530,554,0412,40,10,180,1,1,40382010,1
3840,50,402510,8530,554,0413,5,10,156,1,1,40381510,1
3841,50,452510,8530,554,0512,40,10,180,1,1,40751510,1
3842,50,402510,8530,554,0413,40,10,180,1,1,40381510,1
3843,50,402010,8530,554,0412,40,10,180,1,1,40382010,1
3844,50,402510,8530,554,0413,40,10,180,2,1,40381510,1
3845,50,401510,8530,551,0411,40,10,0,1,1,40381510,1
3846,50,501015,8530,554,0612,40,10,180,1,1,40582010,1
3847,50,404030,8530,554,0416,40,10,180,1,1,40383510,1
3848,50,703510,8530,554,1018,40,10,156,1,1,40751590,1
3849,50,402510,8530,554,0413,5,10,180,1,1,40381510,1
3850,50,655520,8530,554,0918,40,10,180,1,1,40892510,1
3851,50,656525,8530,554,0922,5,10,180,1,1,40202515,1
3852,50,404015,8530,554,0416,40,10,180,1,1,40382510,1
3853,50,554010,8530,554,0718,5,10,156,1,1,40584010,1
3855,50,551010,8530,551,0700,40,10,156,1,1,40589530,1
3868,30,581010,8520,351,0730,19,1,0,1,3,39351010,1
3869,30,555020,8520,351,0721,19,1,0,1,3,39202010,1
3870,30,555030,3090,353,0721,40,1,180,1,1,30205010,1
3871,30,803020,8520,351,1041,19,1,0,1,3,39653510,1
3872,50,551010,8590,554,0700,40,10,168,1,1,40581010,1
3873,30,803510,8520,351,1041,19,1,0,1,1,39653510,1
3874,30,803510,8520,351,1041,19,1,0,1,1,39653510,1
3875,50,401010,8530,554,0410,40,10,156,1,1,40381010,1
3876,50,994020,8530,554,9999,5,10,156,1,1,40971010,1
3877,50,601010,8530,554,0800,40,10,180,1,1,40801010,1
3878,50,354525,8530,554,0318,40,10,180,1,1,40381010,1
3879,30,582045,8520,351,0732,19,1,0,1,3,39351010,1
3880,30,555020,3020,353,0721,40,1,156,1,1,30205010,1
3881,30,601510,8520,351,0811,19,1,0,1,3,39251010,1
3882,30,573510,8520,351,0715,19,1,0,1,3,39553525,1
3883,30,803020,8520,351,1041,19,1,0,1,3,39653510,1
3884,30,571510,8520,351,0713,19,1,0,1,3,39354510,1
3885,30,601515,8590,351,0811,40,1,0,1,1,30251020,1
3886,30,553510,8520,351,0714,19,1,0,1,3,39401010,1
3887,30,553015,8520,351,0713,19,1,0,1,3,39401010,1
3888,30,553030,8520,351,0713,19,1,0,1,3,39401010,1
3889,30,602015,8520,351,0812,19,1,0,1,3,39251510,1
3890,30,581010,8520,351,0730,19,1,0,1,3,39903010,1
3910,30,401010,3090,351,0410,40,1,132,1,1,30151010,1
3915,30,401010,3090,351,0410,40,1,0,1,1,30151010,1
3920,30,551510,3090,351,0710,40,1,0,1,1,30551010,1
3925,30,551510,3090,351,0710,40,1,0,1,1,30551010,1
3930,30,981030,8590,351,9999,40,1,0,1,1,30902510,1
3935,30,402510,8590,351,0413,40,1,156,1,1,30154510,1
3939,30,402510,8590,353,0413,40,1,156,1,1,30154510,1
3940,30,981030,8590,351,9999,40,1,0,1,1,30902510,1
3941,30,981030,8590,351,9999,40,1,0,1,1,30902510,1
3942,20,151040,8590,241,0021,40,1,0,1,1,15202010,1
3943,60,981030,8540,655,9999,5,10,0,1,1,50971010,1
3944,70,981030,8590,747,9999,5,10,0,1,1,70971010,1
3945,50,582010,8590,551,0732,40,10,176,1,1,40581515,1
3950,50,551510,8530,554,0710,40,10,156,1,1,40581010,1
3955,20,551010,8590,241,0700,40,1,132,1,1,15203010,1
3960,30,401010,8590,351,0410,40,1,0,1,1,30154510,1
3961,30,401010,8590,341,0410,40,1,0,1,1,30154510,1
3965,30,303520,3090,353,0214,40,1,120,1,1,30154510,1
3970,50,703015,8530,554,1015,40,10,156,1,1,40383010,1
3972,50,555055,8530,554,0722,5,10,156,1,1,40585020,1
4000,50,403010,4010,554,0414,4,10,156,1,1,40382510,1
4001,30,401010,3010,351,0410,3,1,120,1,1,29151010,1
4002,30,401010,3010,351,0410,3,1,120,1,1,29151010,1
4003,30,401010,3010,351,0410,3,1,120,1,1,29151010,1
4004,30,401010,3010,351,0410,3,1,120,1,1,29151010,1
4005,50,404025,8530,554,0416,4,10,156,2,2,40382510,1
4006,50,404030,8530,554,0416,4,10,156,2,2,40383510,1
4007,30,122010,2510,344,0011,3,1,132,1,1,20203010,1
4008,30,122010,2510,344,0011,3,1,156,1,1,20201010,1
4009,50,501015,4510,554,0612,4,10,150,2,2,40582015,1
4010,30,501015,3090,353,0612,3,1,132,1,1,30154510,1
4011,50,403010,8530,554,0414,4,10,156,2,2,40382510,1
4012,50,403010,8530,554,0414,4,10,156,2,2,40382510,1
4013,50,271520,4010,554,0211,4,10,156,2,2,40244010,1
4014,50,501015,4010,554,0612,4,10,156,1,1,40582015,1
4015,50,404030,4010,554,0416,4,10,156,2,2,40382510,1
4016,50,703510,4510,554,1018,4,10,156,2,2,40383010,1
4019,50,404030,4010,554,0416,4,10,156,2,2,40382510,1
4020,50,404030,8530,554,0416,4,10,156,2,2,40383510,1
4021,50,403010,8530,554,0414,4,10,156,2,2,40382510,1
4022,50,403010,8530,554,0414,4,10,156,2,2,40382510,1
4023,50,404025,8530,554,0416,4,10,156,2,2,40382510,1
4024,50,404015,8530,554,0416,4,10,156,2,2,40382510,1
4025,50,404025,8530,554,0416,4,10,156,2,2,40382510,1
4026,50,403010,8530,554,0414,4,10,156,2,2,40382510,1
4027,50,409020,8530,554,0418,4,10,156,2,2,40382010,1
4028,50,701010,8530,554,1000,4,10,156,2,2,40383010,1
4030,50,552010,4010,554,0711,4,10,156,1,1,40751510,1
4031,30,122010,2520,344,0011,3,1,121,1,1,20204010,1
4036,50,552010,4010,554,0711,20,10,156,2,2,40751710,1
4037,50,309510,4010,554,0218,4,10,156,1,1,40585020,1
4038,30,555065,3020,353,0723,3,1,132,2,2,30557010,1
4039,30,555065,3020,353,0723,3,1,132,2,2,30557010,1
4042,50,501015,4010,554,0612,4,10,156,1,1,40582015,1
4043,50,501015,4010,554,0612,4,10,156,1,1,40582015,2
4044,30,555065,3020,353,0723,3,1,132,2,2,30557010,1
4045,30,582055,3090,353,0732,3,1,132,2,2,30559020,1
4046,50,552010,4010,554,0711,4,10,156,1,1,40751710,1
4047,50,552010,4010,554,0711,4,10,156,1,1,40751710,2
4048,60,501090,5020,645,0618,4,10,156,1,1,60593015,1
4051,30,572510,8520,351,0715,19,1,0,1,3,39501510,1
4052,50,555030,4010,554,0721,4,10,156,2,2,40751510,1
4053,30,555065,3020,353,0723,3,1,132,2,2,30557010,1
4061,60,582045,5510,655,0732,4,10,180,1,1,50581510,1
4063,50,571510,4510,554,0713,4,1,172,1,1,40582510,1
4064,50,553520,4010,554,0714,4,10,180,1,1,40582020,1
4065,50,573015,4010,554,0715,4,10,180,1,1,40583015,1
4069,50,571510,4010,554,0713,4,10,180,1,1,40582420,1
4075,50,303510,4510,554,0214,4,10,156,1,1,40305510,1
4080,30,801530,3090,353,1041,3,10,144,1,1,30901510,1
4082,60,554020,5510,655,0718,4,10,150,1,1,50583010,1
4083,60,554020,6010,655,0718,4,10,168,1,1,50583010,1
4084,50,271520,4510,554,0211,4,10,156,1,1,40244010,1
4085,50,271525,4510,554,0211,4,10,156,1,1,40242010,1
4088,60,303515,5510,655,0214,4,10,156,1,1,50305010,2
4089,50,402510,4010,554,0413,4,10,156,1,1,40581515,1
4090,50,603010,4510,554,0821,4,1,170,1,1,40801010,1
4091,50,555040,4010,554,0722,4,10,168,1,1,40585020,1
4092,50,582045,4010,554,0732,4,10,156,1,1,40581515,1
4093,60,603010,5510,655,0821,4,10,144,2,1,50804510,1
4094,30,603010,3090,353,0821,3,1,132,2,1,30252515,1
4095,30,555065,3020,353,0723,3,1,132,2,2,30557010,1
4096,50,555055,4010,554,0722,4,10,150,1,1,40585020,1
4097,50,552510,4010,554,0712,4,10,156,1,1,40583510,1
4098,30,702515,3020,353,1013,3,1,132,2,2,30203010,1
4102,60,574030,5510,655,0716,4,10,156,1,1,50583015,1
4103,30,573025,3020,354,0715,3,1,132,2,4,30554010,1
4104,30,573025,3020,353,0715,3,1,132,2,4,30554010,1
4105,30,573510,3020,354,0715,3,1,132,2,4,30553525,1
4106,30,573015,3020,353,0715,3,1,132,2,4,30551510,1
4107,30,573035,3020,354,0715,3,1,132,2,4,30554510,1
4108,30,572015,3020,354,0715,3,1,132,2,4,30556510,1
4109,30,573015,3020,354,0715,3,1,132,2,4,30551510,1
4110,30,553510,3020,354,0714,3,1,132,2,4,30403510,1
4111,30,553515,3020,354,0714,3,1,132,2,4,30401510,1
4112,30,553015,3020,354,0713,3,1,132,2,4,30402510,1
4113,30,571010,3020,353,0715,3,1,132,2,4,30501010,1
4114,30,574025,3020,354,0716,3,1,132,2,4,30501520,1
4115,30,572510,3020,354,0715,3,1,132,2,4,30501510,1
4116,30,303510,3020,354,0214,3,1,132,2,4,30553515,1
4117,30,573510,3020,354,0715,3,1,132,2,4,30553520,1
4118,30,555045,3020,353,0722,3,1,132,2,4,30555510,1
4119,30,271030,3090,353,0211,3,1,132,2,4,30453010,1
4120,30,571010,3010,351,0715,3,1,120,2,1,29251020,1
4121,30,573015,3020,353,0715,3,1,132,2,4,30552010,1
4122,30,303510,3020,353,0214,3,1,132,2,4,30553515,1
4123,30,303510,3020,353,0214,3,1,132,2,4,30553515,1
4124,30,651010,3020,353,0900,3,1,120,2,4,30101010,1
4125,30,574015,3020,354,0716,3,1,132,2,4,30501515,1
4126,30,573510,3020,353,0715,3,1,132,2,4,30553525,1
4130,50,602515,8530,554,0818,40,10,180,1,1,40801010,1
4134,50,702515,8530,554,1013,5,10,156,1,1,40751590,1
4135,30,573015,3020,353,0715,3,1,132,2,4,30552015,1
4136,30,582020,3020,354,0732,3,1,132,2,4,30353510,1
4137,30,555040,3020,354,0722,3,1,132,2,4,30353515,1
4138,30,575010,3020,353,0722,3,1,132,2,4,30555010,1
4139,30,555050,3090,353,0722,3,1,132,2,4,30601020,1
4140,30,555050,3090,353,0722,3,1,132,2,4,30601015,1
4141,30,555075,3020,354,0723,3,1,132,2,4,30355510,1
4142,30,555080,3090,353,0723,3,1,132,2,4,30558510,1
4143,30,555065,3020,354,0723,3,1,132,2,4,30557010,1
4144,30,573015,3020,353,0715,3,1,132,2,4,30552010,1
4145,30,651515,3020,354,0911,3,1,132,2,4,30557510,1
4146,30,653510,3020,353,0914,3,1,132,2,4,30102510,1
4147,30,271515,3020,354,0211,3,1,132,2,4,30451510,1
4148,30,271025,3020,354,0211,3,1,132,2,4,30452010,1
4149,30,271015,3020,354,0211,3,1,132,2,4,30452520,1
4150,30,271010,3020,354,0211,3,1,132,2,4,30453010,1
4151,30,602015,3020,354,0812,3,1,132,2,4,30251510,1
4152,30,602020,3020,354,0812,3,1,132,2,4,30251515,1
4153,30,603010,3020,354,0821,3,1,132,2,4,30252510,1
4154,30,601510,3020,354,0811,3,1,132,2,4,30251010,1
4155,30,801010,3020,353,1041,3,1,132,2,4,30651010,1
4156,30,803015,3020,354,1041,3,1,132,2,4,30653515,1
4157,30,582035,3020,354,0732,3,1,132,2,4,30351510,1
4158,30,582020,3020,354,0732,3,1,132,2,4,30354010,1
4159,30,571510,3020,354,0713,3,1,132,2,4,30354510,1
4160,30,601510,3020,354,0811,3,1,132,2,4,30251010,1
4161,30,555025,3020,354,0721,3,1,132,2,4,30201010,1
4162,30,555020,3020,354,0721,3,1,132,2,4,30201510,1
4163,30,555020,3020,354,0721,3,1,132,2,4,30201515,1
4164,30,702515,3020,354,1013,3,1,132,2,4,30203510,1
4165,30,701515,3020,353,1011,3,1,132,2,4,30155510,1
4166,30,555020,3020,353,0721,3,1,132,2,4,30201510,1
4168,30,702530,3020,353,1013,3,1,132,2,4,30156010,1
4169,30,555065,3020,353,0723,3,1,132,2,4,30557010,1
4170,30,581010,3010,351,0730,3,1,120,2,1,29251015,1
4171,30,701510,3020,353,1011,3,1,132,2,4,30155010,1
4189,30,403510,3020,353,0415,3,1,132,2,4,30154010,1
4190,30,403510,3020,354,0415,3,1,132,2,4,30151510,1
4191,30,404010,3020,354,0416,3,1,132,2,4,30153010,1
4192,30,404015,3020,354,0416,3,1,132,2,4,30152510,1
4193,30,402010,3020,354,0412,3,1,132,2,4,30152010,1
4194,30,403510,3020,353,0415,3,1,132,2,4,30151510,1
4195,30,551010,3010,351,0700,3,1,120,2,1,29251020,1
4196,30,403510,3020,353,0415,3,1,132,2,4,30153510,1
4197,30,703015,3020,354,1015,3,1,132,2,4,30301010,1
4198,30,401010,3010,351,0410,3,1,120,2,1,29151010,1
4199,30,551010,8590,341,0700,3,1,120,1,1,15205030,1
4202,30,401010,8590,341,0410,3,1,120,1,1,15205030,1
4207,70,452010,7010,747,0512,4,10,192,1,1,70351510,2
4208,70,451010,7010,746,0500,4,10,156,1,1,70355010,1
4215,30,574015,3020,353,0716,3,1,132,2,4,30501515,1
4217,30,574030,3020,353,0716,3,1,132,2,4,30501530,1
4230,30,574030,3020,354,0716,3,1,132,2,4,30556010,1
4244,30,574015,3020,353,0716,3,1,132,2,4,30501515,1
4247,30,574035,3020,354,0716,3,1,132,2,4,30501525,1
4252,30,574020,3020,354,0716,3,1,132,2,4,30502010,1
4256,30,602515,3020,354,0818,3,1,132,2,4,30553510,1
4259,30,553020,3020,354,0713,3,1,132,2,4,30553010,1
4268,30,555040,3020,354,0722,3,1,132,2,4,30559010,1
4273,30,582025,3020,353,0732,3,1,132,2,4,30352510,1
4274,30,582010,3020,353,0732,3,1,132,2,4,30352010,1
4275,30,271035,3020,353,0211,3,1,132,2,4,30453510,1
4276,30,574020,3020,353,0716,3,1,132,2,4,30502510,1
4278,30,582015,3020,354,0732,3,1,132,2,4,30353010,1
4281,30,582060,3020,353,0738,3,1,132,2,4,30355525,1
4282,30,582010,3020,353,0732,3,1,132,2,4,30355530,1
4289,30,701515,3020,354,1011,3,1,132,2,4,30355520,1
4292,30,582060,3020,353,0738,3,1,132,2,4,30355535,1
4302,30,555045,3020,353,0722,3,1,132,2,4,30156010,1
4303,30,802010,3020,354,1041,3,1,132,2,4,30651515,1
4304,30,574030,3020,354,0716,3,1,132,2,4,30556015,1
4305,30,555088,3020,354,0728,3,1,132,2,4,30559020,1
4306,30,802010,3020,353,1041,3,1,132,2,4,30651510,1
4309,30,575010,3020,354,0722,3,1,132,2,4,30555010,1
4311,30,555084,3020,354,0728,3,1,132,2,4,30403020,1
4312,30,553520,3020,354,0714,3,1,132,2,4,30403010,1
4313,30,553030,3020,353,0713,3,1,132,2,4,30403015,1
4315,30,308010,3020,354,0215,3,1,132,2,4,30404020,1
4320,30,555010,3010,351,0721,3,1,120,2,1,29201010,1
4321,30,573015,3020,353,0715,3,1,132,2,4,30551515,1
4332,30,574030,3020,354,0716,3,1,132,2,4,30501535,1
4357,30,553520,3020,353,0714,3,1,132,2,4,30404015,1
4358,30,553520,3020,353,0714,3,1,132,2,4,30404010,1
4360,30,271010,3010,351,0211,3,1,120,2,1,29251050,1
4362,30,573030,3020,353,0715,3,1,132,2,4,30559015,1
4369,30,582020,3020,353,0732,3,1,132,2,4,30355515,1
4370,30,701010,3020,353,1000,3,1,132,2,4,30156010,1
4380,30,701010,3010,351,1000,3,1,120,2,1,29251040,1
4422,30,702525,3020,354,1013,3,1,132,2,4,30204010,1
4428,30,702515,3020,353,1013,3,1,132,2,4,30203010,1
4431,30,702515,3020,354,1013,3,1,132,2,4,30203010,1
4432,30,555015,3020,354,0721,3,1,132,2,4,30202510,1
4437,30,555020,3020,353,0721,3,1,132,2,4,30202010,1
4442,30,702530,3020,354,1013,3,1,132,2,4,30204510,1
4443,30,555025,3020,353,0721,3,1,132,2,4,30201010,1
4445,30,702515,3020,353,1013,3,1,132,2,4,30203010,1
4450,60,602015,5510,655,0812,20,10,156,1,1,50804510,1
4456,30,271015,3020,353,0211,3,1,132,2,4,30452515,1
4473,30,271020,3020,353,0211,3,1,132,2,4,30453010,1
4483,30,572010,3020,353,0715,3,1,132,2,4,30556515,1
4488,30,702020,3020,353,1012,3,1,132,2,4,30302010,1
4498,30,653520,3020,354,0914,3,1,132,2,4,30103510,1
4502,30,303515,3090,353,0214,3,1,132,2,4,30601010,1
4503,30,303515,3090,353,0214,3,1,132,2,4,30601010,1
4504,30,303515,3090,353,0214,3,1,132,2,4,30601010,1
4510,30,555065,3020,353,0723,3,1,132,2,4,30557010,1
4511,30,651510,3020,353,0911,3,1,132,2,4,30103010,1
4520,30,555010,3010,351,0721,3,1,120,2,1,29201010,1
4522,30,703010,3020,353,1012,3,1,132,2,4,30301510,1
4524,30,702025,3020,353,1012,3,1,132,2,4,30302510,1
4525,30,653525,3020,353,0914,3,1,132,2,4,30558010,1
4550,30,803010,3010,351,1041,3,1,120,2,1,29251030,1
4562,50,651510,8590,554,0911,5,10,156,1,1,40894010,1
4563,30,582020,3020,354,0732,3,1,132,2,4,30353510,1
4568,30,555040,3020,354,0722,3,1,132,2,4,30353510,1
4599,60,651010,5510,645,0900,4,10,156,1,1,50891010,1
4601,30,555045,3020,354,0722,3,1,132,2,4,30555510,1
4603,30,582030,3020,353,0732,3,1,132,2,4,30355010,1
4604,30,553520,3020,354,0714,3,1,132,2,4,30402010,1
4605,30,271015,3020,354,0211,3,1,132,2,4,30452510,1
4615,30,602040,3020,353,0812,3,1,132,2,4,30252010,1
4626,30,602025,3020,354,0812,3,1,132,2,4,30251520,1
4629,30,601535,3020,354,0811,3,1,132,2,4,30253010,1
4634,30,602040,3020,353,0812,3,1,132,2,4,30252010,1
4640,30,604010,3020,353,0841,3,1,132,2,4,30253510,1
4663,30,751525,3020,354,1032,3,1,132,2,4,30653010,1
4669,30,803510,3020,353,1041,3,1,132,2,4,30652510,1
4670,30,751530,3020,353,1032,3,1,132,2,4,30156510,1
4673,30,803020,3020,354,1041,3,1,132,2,4,30653510,1
4680,30,804010,3090,353,1041,3,1,132,2,4,30653520,1
4685,30,802515,3020,353,1041,3,1,132,2,4,30652010,1
4710,30,401010,3010,351,0410,3,1,120,1,1,29151010,1
4712,30,553520,3010,351,0714,3,1,120,1,1,29251050,1
4713,30,581010,3010,351,0730,3,1,120,1,1,29251015,1
4714,30,551010,3010,351,0700,3,1,120,1,1,29251020,1
4715,30,555010,3010,351,0721,3,1,120,1,1,29201010,1
4716,30,574510,3010,351,0718,3,1,120,1,1,29251030,1
4717,30,701010,3010,351,1000,3,1,120,1,1,29251040,1
4725,30,154010,3510,342,0000,12,1,120,2,1,15204010,1
4730,30,574010,3010,351,0716,3,1,120,1,1,29251010,1
4731,30,581010,3010,351,0730,3,1,120,1,1,29251015,1
4732,30,701510,3010,351,1011,3,1,120,1,1,29151510,1
4733,30,601010,3010,351,0800,3,1,120,1,1,29201020,1
4734,30,702010,3010,351,1012,3,1,120,1,1,29201025,1
4735,30,555010,3010,351,0721,3,1,120,1,1,29201015,1
4736,30,271510,3010,351,0211,3,1,120,1,1,29251025,1
4737,30,551010,3010,351,0700,3,1,120,1,1,29251035,1
4738,30,551010,3010,351,0700,3,1,120,1,1,29251045,1
4739,30,651010,3010,351,0900,3,1,120,1,1,29101010,1
4740,30,801010,3010,351,1041,3,1,120,1,1,29251055,1
4741,30,574015,3090,354,0716,3,1,132,2,4,30501010,1
4750,30,553520,3020,353,0714,3,1,132,2,4,30401010,1
4754,30,574510,3020,353,0718,3,1,132,2,4,30651010,1
4756,30,702010,3020,353,1012,3,1,132,2,4,30551010,1
4758,30,401010,3020,353,0410,3,1,132,2,4,30151010,1
4760,30,555010,3020,353,0721,3,1,132,2,4,30205010,1
4762,30,701010,3020,353,1000,3,1,132,2,4,30155010,1
4763,30,154010,3510,342,0000,12,1,120,1,1,15204010,1
4780,30,656015,3020,353,0921,3,1,132,2,4,30102015,1
4781,30,656015,3020,354,0921,3,1,132,2,4,30102010,1
4782,30,656510,3020,354,0922,20,1,132,2,4,30101510,1
4783,30,574010,3020,353,0716,3,1,132,2,4,30501010,1
4784,30,601010,3020,353,0800,3,1,132,2,4,30254010,1
4785,30,271510,3020,353,0211,3,1,132,2,4,30451010,1
4786,30,551010,3020,353,0700,3,1,132,2,4,30551010,1
4787,30,581010,3020,353,0730,3,1,132,2,4,30351010,1
4788,30,555010,3020,353,0721,3,1,132,2,4,30205010,1
4789,30,551010,3020,353,0700,3,1,132,2,4,30401010,1
4790,30,656015,3020,353,0921,3,1,132,2,4,30102015,1
4791,30,656015,3020,354,0921,3,1,132,2,4,30102020,1
4800,70,501095,7010,747,0618,4,10,192,1,1,70599515,2
4801,60,554015,5020,645,0718,4,10,156,1,1,60599515,1
4802,60,401010,5010,645,0410,4,10,156,1,1,60396510,1
4803,60,409010,5010,645,0418,4,10,156,1,1,60396510,1
4808,70,401010,7010,747,0410,4,10,192,1,1,70396010,1
4809,70,401010,7010,747,0410,4,10,192,1,1,70396010,2
4810,70,405010,7010,747,0421,4,10,192,1,1,70396010,1
4811,70,401510,7010,747,0411,4,10,192,1,1,70391510,1
4860,30,303520,3090,353,0214,3,1,120,2,4,30601025,1
4861,30,303520,3090,353,0214,3,1,120,2,4,30601025,1
4874,30,555040,3090,353,0722,3,1,120,2,4,30601025,1
4876,30,555040,3090,353,0722,3,1,120,2,4,30601025,1
4880,30,655010,3090,353,0916,3,1,120,2,4,30103510,1
4994,30,409030,3090,353,0418,3,1,144,1,1,30154510,1
4996,30,403510,3020,353,0415,3,1,132,2,1,30151510,1
4998,50,751520,4510,554,1032,4,6,180,2,2,40951510,1
4999,50,751520,4510,554,1032,4,6,156,2,2,40951510,1
5000,50,402510,8530,554,0413,5,10,156,1,1,40244010,1
5001,50,271015,8530,554,0211,5,10,156,1,1,40242010,1
5003,50,403010,8530,554,0414,4,10,156,2,2,40381510,1
5004,50,404025,8530,554,0416,4,10,156,2,2,40382510,1
5005,50,402510,8530,554,0413,4,10,156,2,2,40381510,1
5006,50,404025,8530,554,0416,4,10,156,2,2,40382510,1
5007,50,409030,8530,554,0418,4,10,156,2,2,40382010,1
5008,50,703015,8530,554,1015,4,10,156,2,2,40383010,1
5009,50,703510,8530,554,1018,4,10,156,2,2,40383010,1
5017,50,571510,4510,554,0713,4,1,168,1,1,40582420,1
5020,50,404025,8530,554,0416,4,10,156,2,2,40382510,1
5021,50,751515,4510,554,1032,4,6,120,1,1,40951010,1
5025,50,404030,4010,554,0416,4,10,180,2,1,40382510,1
5026,60,801510,8540,655,1041,5,10,180,1,1,50859510,1
5027,50,551510,4010,544,0710,4,10,156,2,1,40859510,1
5030,50,582045,4010,554,0732,4,10,168,1,1,40581515,1
5032,50,553030,4010,554,0713,4,10,180,1,1,40582415,1
5035,50,575010,4010,554,0722,4,10,156,1,1,40585020,1
5036,50,555070,4010,554,0723,4,10,180,1,1,40585015,1
5037,50,555070,4010,554,0723,4,10,156,1,1,40585015,1
5038,50,555070,4010,554,0723,4,10,174,1,1,40585015,1
5045,30,551010,3090,341,0700,4,10,132,2,1,30554510,1
5050,20,551010,8590,241,0700,3,1,132,2,1,15203010,1
5055,60,302010,5010,645,0212,4,10,156,1,1,60305010,1
5060,60,653530,5510,651,0914,4,5,132,2,1,50894510,1
5063,70,302010,7010,747,0212,4,10,192,1,1,70305010,1
5071,50,601525,4010,554,0811,4,10,156,1,1,40801510,1
5074,50,555030,4510,554,0721,4,10,180,1,1,40751510,1
5075,60,204015,5510,655,0114,4,10,156,1,1,50202515,1
5076,50,255015,8530,554,0228,4,10,156,2,2,40381510,1
5077,50,409015,8530,554,0418,4,10,156,2,2,40382010,1
5078,50,404020,8530,554,0416,4,10,156,2,2,40382510,1
5079,50,355015,8530,554,0321,4,10,156,2,2,40582010,1
5080,30,122010,2520,344,0011,3,1,120,1,1,20204010,1
5082,50,271015,4010,554,0211,4,10,156,2,1,40241510,1
5083,50,271525,4010,554,0211,4,10,156,2,1,40244010,1
5084,50,402510,4010,554,0413,4,10,156,2,1,40382510,1
5085,50,355015,8530,554,0321,4,10,156,2,2,40381510,1
5086,50,404030,4010,554,0416,4,10,156,2,2,40383510,1
5087,50,271525,4010,554,0211,4,10,156,1,1,40242010,1
5089,60,409025,5520,655,0418,4,10,156,1,1,50589510,1
5090,30,122010,2510,344,0011,3,1,120,1,1,20203010,1
5093,50,703510,8530,554,1018,4,10,156,2,2,40383010,1
5094,50,404025,8530,554,0416,4,10,156,2,2,40382510,1
5095,50,355015,8530,554,0321,4,10,156,2,2,40382510,1
5096,50,271520,8530,554,0211,4,10,156,2,2,40242010,1
5099,50,655520,4010,554,0415,4,10,156,1,1,40894590,1
5111,60,656515,5510,655,0922,4,10,156,2,2,50201510,1
5112,60,656515,5510,655,0922,4,10,156,2,2,50201510,1
5113,60,656520,5510,655,0922,4,10,144,2,2,50201510,1
5114,60,656515,8590,651,0922,4,10,176,1,1,50201510,1
5115,60,656520,5510,651,0922,4,10,180,1,3,50201510,1
5116,60,656515,5510,655,0922,4,10,144,2,2,50892510,1
5117,60,656525,8540,655,0922,4,10,180,1,1,50202515,1
5118,60,656515,5510,651,0922,4,10,180,1,3,50892510,1
5119,60,402510,5510,655,0413,20,10,156,2,1,50381510,1
5120,60,656520,5510,655,0922,4,10,144,2,2,50201510,1
5121,50,402010,4010,554,0412,4,10,156,1,1,40382010,1
5122,50,404025,4010,554,0416,4,10,156,1,1,40382510,1
5123,50,403010,4010,554,0414,20,10,156,1,1,40382510,1
5124,50,703510,4010,554,1018,4,10,156,1,1,40383010,1
5125,50,402510,4010,554,0413,20,10,156,1,1,40381510,1
5126,30,123020,2050,344,0021,4,10,144,1,1,35101010,1
5127,60,657010,5510,655,0923,4,10,156,1,1,50384010,1
5128,60,657010,8590,651,0923,4,10,192,1,3,50384010,1
5129,50,574015,4010,554,0716,4,10,156,1,1,40589530,1
5130,60,582045,5510,655,0732,4,10,156,1,1,50581510,1
5131,50,309510,4010,554,0218,4,10,156,1,1,40585010,1
5132,50,553010,4010,554,0713,20,10,174,1,1,40582410,1
5133,50,553520,4010,554,0714,4,10,156,1,1,40582010,1
5134,50,601525,4010,554,0811,4,10,156,1,1,40801510,1
5135,50,555090,4010,554,0728,20,10,156,1,1,40751510,1
5136,50,555055,4010,554,0722,4,10,156,1,1,40585020,1
5137,50,409030,4010,554,0418,4,10,156,1,1,40381510,1
5138,60,309515,5510,655,0218,4,10,180,1,1,50305010,1
5139,50,555082,4010,554,0724,4,10,156,1,1,40589515,1
5140,60,555082,5510,655,0724,4,10,156,1,1,50589515,1
5141,50,555030,4010,554,0721,4,10,156,1,1,40751510,1
5142,30,656510,3090,353,0922,3,1,120,2,3,30101510,1
5143,50,403010,4010,554,0414,4,10,156,1,1,40382510,1
5144,30,651010,3090,351,0900,3,1,120,2,1,30102015,1
5145,30,657015,3090,353,0923,3,1,144,2,2,30103510,1
5146,30,656015,3090,353,0921,3,1,144,2,3,30102015,1
5147,30,656015,3020,353,0921,3,1,132,2,3,30102015,1
5148,30,656015,3090,353,0921,3,1,132,2,3,30102020,1
5149,30,656015,3090,353,0921,3,1,120,2,3,30102020,1
5150,50,654535,8590,551,0919,4,10,156,1,1,40894590,1
5151,60,654515,5510,655,0915,4,10,156,2,1,50891510,1
5152,30,656015,3020,353,0921,3,1,146,2,3,30102020,1
5153,60,654515,5510,655,0915,4,10,156,1,1,50891510,1
5154,60,654515,5510,655,0915,4,10,192,1,1,50891510,1
5155,30,654520,3090,353,0915,3,1,132,1,1,30103510,1
5156,50,654530,4510,554,0915,4,10,156,2,3,40751590,1
5157,60,654510,5510,655,0915,4,10,156,1,1,50894525,1
5158,60,653515,5510,655,0914,4,10,156,2,2,50893010,1
5159,60,654010,5510,655,0914,4,10,156,2,2,50891210,1
5160,60,602015,5510,655,0812,20,10,156,1,1,50804510,1
5161,60,653530,5510,655,0914,4,5,132,2,2,50894510,1
5162,50,553030,4010,554,0713,4,10,174,1,1,40582415,1
5163,50,571510,4010,554,0713,4,10,174,1,1,40582420,1
5165,60,654535,5010,645,0919,4,10,156,1,1,60909510,1
5166,60,652525,5510,655,0913,4,10,156,2,2,50893510,1
5168,60,652520,6010,655,0913,4,5,201,1,3,50893510,1
5169,60,652525,5510,655,0913,4,10,201,1,3,50893510,1
5171,60,652525,5510,655,0913,4,10,213,1,3,50893510,1
5174,50,553025,4010,554,0713,20,10,156,1,1,40582510,1
5175,60,652510,5510,655,0913,4,10,156,2,2,50892010,1
5176,60,653520,5510,655,0914,4,10,156,2,2,50894520,1
5177,50,655010,4010,554,0916,4,10,156,2,3,40894515,1
5178,60,652525,5510,655,0913,4,10,192,1,1,50893510,1
5179,60,652525,6010,651,0913,4,10,192,1,1,50893510,1
5180,70,652525,7010,747,0913,4,10,192,1,3,70904510,1
5182,30,751530,3020,353,1032,3,1,120,2,3,30156510,1
5183,30,801520,3090,353,1041,3,10,168,1,1,30901510,1
5184,50,801530,4510,554,1041,4,10,156,2,2,40859510,1
5185,30,801510,3090,353,1041,3,10,132,1,2,30901510,1
5186,30,801510,3090,353,1041,3,10,132,2,3,30901510,1
5187,60,801510,6010,655,1041,4,10,168,1,1,50859510,1
5188,60,801525,5510,655,1041,4,10,156,2,2,50852015,1
5189,60,554020,5510,655,0718,4,10,156,1,1,50583010,1
5190,60,801520,5510,655,1041,4,10,156,2,2,50851510,1
5191,60,801525,5510,655,1041,4,10,204,1,2,50852010,1
5192,60,801525,5510,655,1041,4,10,162,1,1,50852015,1
5193,60,801525,5510,655,1041,4,10,174,1,1,50852015,1
5194,60,801525,5510,655,1041,4,10,186,1,2,50851510,1
5195,50,801520,4510,554,1041,4,10,156,2,2,40851510,1
5196,50,751520,4510,554,1032,4,6,132,2,3,40951510,1
5197,50,751520,4510,554,1032,4,6,156,2,3,40951510,1
5198,50,751515,4510,554,1032,4,6,156,2,2,40951010,1
5199,50,751520,4510,554,1032,4,6,156,2,2,40951510,1
5200,30,403510,3090,353,0415,3,1,132,2,3,30154510,1
5201,30,403510,3090,353,0415,3,1,132,2,3,30154510,1
5202,30,403510,3090,353,0415,3,1,132,2,3,30154510,1
5203,50,553515,4010,554,0714,20,10,156,1,1,40582020,1
5205,30,751535,3090,353,1032,3,1,132,2,3,30154510,1
5206,30,751535,3090,353,1032,3,1,132,2,3,30154510,1
5207,30,751535,3090,353,1032,3,1,132,2,3,30154510,1
5208,30,751535,3090,353,1032,3,1,132,2,3,30154510,1
5209,30,751535,3090,353,1032,3,1,132,2,3,30154510,1
5210,60,453030,5510,655,0518,20,10,144,1,1,50751510,1
5211,60,601525,5510,655,0811,20,10,180,1,1,50802015,1
5212,70,501015,7010,747,0612,4,10,192,1,1,70593015,2
5213,70,553515,7020,747,0714,4,10,192,1,1,70593510,2
5214,70,501090,7020,747,0618,4,10,192,1,1,70593010,1
5215,30,803510,3090,353,1041,3,1,156,2,3,30654010,1
5216,70,553515,7020,747,0714,4,10,192,1,1,70593510,2
5217,70,553520,7020,747,0714,4,10,192,1,1,70593010,2
5218,70,501090,7020,747,0618,4,10,192,1,1,70593010,2
5219,70,501090,7020,747,0618,4,10,192,1,1,70593010,2
5220,50,801520,4510,554,1041,4,10,150,2,2,40851510,1
5221,60,554020,5510,655,0718,20,10,156,1,1,50583010,1
5222,60,801525,5510,655,1041,4,10,204,1,1,50852020,1
5223,60,554020,5510,655,0718,20,10,156,1,1,50583010,1
5224,60,554020,5510,655,0718,20,10,156,1,1,50583010,1
5225,60,554020,5510,655,0718,20,10,156,1,1,50583010,2
5226,60,801520,5510,655,1041,4,10,156,2,2,50851510,1
5227,60,801525,5510,655,1041,4,10,156,2,2,50852010,1
5230,30,603010,2590,344,0821,4,1,132,2,2,35201010,1
5236,70,553520,7020,747,0714,4,10,192,1,1,70596510,2
5237,70,554015,7020,747,0718,4,10,192,1,1,70593010,2
5238,50,552510,4010,554,0712,4,10,156,1,1,40583510,1
5239,70,552510,7010,747,0712,4,10,192,1,1,70595510,2
5240,70,552015,7020,747,0711,4,10,192,1,1,70591520,2
5241,70,453030,7020,747,0518,4,10,192,1,1,70591520,2
5242,70,553520,7020,747,0714,4,10,192,1,1,70593010,2
5243,70,573020,7020,747,0715,4,10,192,1,1,70595010,2
5244,70,554015,7010,747,0718,4,10,192,1,1,70599530,2
5245,70,453030,7010,747,0518,4,10,192,1,1,70591515,1
5246,60,751515,5510,655,1032,4,6,156,2,2,50952010,1
5247,60,501095,5520,655,0618,4,10,156,1,1,50585020,2
5248,60,552015,5520,655,0711,4,10,156,1,1,50584510,1
5249,70,553510,7020,747,0714,4,10,192,1,1,70593510,2
5250,60,553025,5520,655,0713,4,10,156,1,1,50582010,1
5251,60,553030,5520,655,0713,4,10,156,1,1,50582510,1
5252,60,582050,5520,655,0732,4,10,156,1,1,50581515,1
5253,60,582050,5520,655,0732,4,10,156,1,1,50581515,1
5254,60,581010,5520,655,0730,4,10,156,1,1,50581515,1
5255,60,581010,5520,655,0730,4,10,156,1,1,50581515,1
5256,60,554015,5520,655,0718,4,10,156,1,1,50589510,1
5257,60,553510,5520,655,0714,4,10,156,1,1,50582010,1
5258,60,553520,5520,655,0714,4,10,156,1,1,50582010,1
5259,60,553520,5520,655,0714,4,10,156,1,1,50582010,1
5260,70,551510,7020,747,0710,4,10,192,1,1,70591010,1
5261,70,582050,7020,747,0732,4,10,192,1,1,70592510,1
5262,70,553510,7020,747,0714,4,10,192,1,1,70593510,1
5263,70,454010,7020,747,0531,4,10,192,1,1,70591520,2
5264,70,573020,7020,747,0715,4,10,192,1,1,70595010,1
5265,70,654535,7010,747,0919,4,10,192,1,1,70909510,1
5266,60,553030,5520,655,0713,4,10,156,1,1,50581515,1
5267,60,501095,5520,655,0618,4,10,156,1,1,50582010,1
5268,60,554015,5520,655,0718,4,10,156,1,1,50381010,1
5269,60,553520,5520,655,0714,4,10,156,1,1,50582010,1
5270,60,552015,5520,655,0711,4,10,156,1,1,50584510,1
5271,70,501090,7020,747,0618,4,10,192,1,1,70593015,1
5272,70,552510,7020,747,0712,4,10,192,1,1,70595510,1
5273,70,453030,7020,747,0518,4,10,192,1,1,70591515,2
5274,70,455515,7020,747,0532,4,10,192,1,1,70596510,1
5275,60,552015,5520,655,0711,4,10,156,1,1,50584510,1
5276,60,573020,5520,655,0715,4,10,156,1,1,50583015,1
5277,60,573020,5520,655,0715,4,10,156,1,1,50583015,1
5278,60,555070,5520,655,0723,4,10,156,1,1,50585015,2
5279,60,554510,5520,655,0719,4,10,156,1,1,50589530,1
5280,60,573020,5520,655,0715,4,10,156,1,1,50582020,1
5281,60,501090,5520,655,0618,4,10,156,1,1,50582010,1
5282,60,552015,5520,655,0711,4,10,156,1,1,50584510,1
5283,60,582060,5520,655,0738,4,10,156,1,1,50589520,1
5284,60,551510,5510,655,0710,4,10,156,1,1,50593510,1
5285,70,354510,7010,747,0318,4,10,192,1,1,70392510,1
5286,70,554015,7020,747,0718,4,10,192,1,1,70596510,2
5287,50,309510,4010,554,0218,4,10,156,1,1,40585010,1
5288,50,309510,4010,554,0218,4,10,156,1,1,40585010,2
5289,50,553520,4010,554,0714,4,10,156,1,1,40582010,1
5290,50,553520,4010,554,0714,4,10,156,1,1,40582010,2
5291,50,555055,4010,554,0722,4,10,156,1,1,40585020,1
5292,50,555055,4010,554,0722,4,10,156,1,1,40585020,2
5293,50,271015,4010,554,0211,4,10,156,1,1,40241510,1
5294,50,271015,4010,554,0211,4,10,156,1,1,40241510,2
5295,50,603510,4010,554,0831,4,10,156,1,1,40751510,1
5296,50,403010,4010,554,0414,4,10,156,1,1,40382510,1
5297,50,403010,4010,554,0414,4,10,156,1,1,40382510,2
5299,30,551510,2590,344,0710,4,10,144,1,1,35201010,1
5300,60,581010,6020,655,0730,4,10,156,1,1,50592510,1
5301,60,582050,5520,655,0732,4,10,156,1,1,50581515,1
5302,60,582050,5520,655,0732,4,10,156,1,1,50581515,2
5303,60,553030,5520,655,0713,4,10,156,1,1,50581515,1
5304,60,553030,5520,655,0713,4,10,156,1,1,50581515,2
5305,60,553510,6020,655,0714,4,10,156,1,1,50593510,1
5306,60,501095,5520,655,0618,4,10,156,1,1,50582010,1
5307,60,501095,5520,655,0618,4,10,156,1,1,50582010,2
5308,60,501090,5520,655,0618,4,10,156,1,1,50589510,1
5309,60,453015,5520,655,0518,4,10,156,1,1,50751510,1
5310,60,573020,6020,655,0715,4,10,156,1,1,50595010,1
5311,60,573020,5520,655,0715,4,10,156,1,1,50583015,1
5312,60,573020,5520,655,0715,4,10,156,1,1,50583015,2
5315,60,551010,6020,655,0700,4,10,156,1,1,50597010,1
5324,60,271530,5510,655,0211,4,10,156,1,1,50244010,1
5325,60,551510,6020,655,0710,4,10,156,1,1,50591010,1
5326,60,554015,5510,655,0718,20,10,180,1,1,50585020,1
5327,60,554015,5520,655,0718,4,10,156,1,1,50589510,1
5328,60,554015,5520,655,0718,4,10,156,1,1,50589510,1
5329,60,555086,5520,655,0728,4,10,156,1,1,50585020,1
5331,60,554015,5520,655,0718,4,10,156,1,1,50589530,1
5332,60,551510,5520,655,0710,4,10,156,1,1,50581010,1
5333,60,573020,5520,655,0715,4,10,156,1,1,50583015,1
5334,60,553030,5520,655,0713,4,10,156,1,1,50582510,1
5335,60,581010,5520,655,0730,4,10,156,1,1,50581515,1
5336,60,551010,5520,655,0700,4,10,156,1,1,50585020,1
5337,60,553510,5520,655,0714,4,10,156,1,1,50582020,1
5338,60,553520,5520,655,0714,4,10,156,1,1,50582010,1
5339,60,552015,5520,655,0711,4,10,156,1,1,50584510,1
5340,60,551510,5520,655,0710,4,10,156,1,1,50581010,1
5341,60,555070,5520,655,0723,4,10,156,1,1,50585015,1
5342,60,453015,6010,655,0518,4,10,156,1,1,50751010,1
5343,60,501090,5520,655,0618,4,10,156,1,1,50582010,1
5344,60,501015,5520,655,0612,4,10,156,1,1,50582015,1
5345,60,582060,5520,655,0738,4,10,156,1,1,50581515,1
5346,60,581510,5520,655,0731,4,10,156,1,1,50581515,1
5347,60,553025,5520,655,0713,4,10,156,1,1,50582510,1
5348,60,581010,6020,655,0730,4,10,156,1,1,50592510,1
5349,60,501095,6020,655,0618,4,10,168,1,1,50593010,1
5350,60,581010,6020,655,0730,4,10,156,1,1,50592510,1
5351,60,581010,6020,655,0730,4,10,168,1,1,50592510,1
5352,60,553510,6020,655,0714,4,10,156,1,1,50593510,1
5353,60,554015,5520,655,0718,4,10,156,1,1,50589530,1
5354,60,554015,5520,655,0718,4,10,156,1,1,50589530,2
5355,60,552015,6020,655,0711,4,10,156,1,1,50591520,1
5356,60,553025,6020,655,0713,4,10,168,1,1,50594015,1
5357,60,573020,6020,655,0715,4,10,156,1,1,50595010,1
5358,60,573020,6020,655,0715,4,10,168,1,1,50595010,1
5359,60,555082,5510,655,0724,20,10,180,1,1,50589515,1
5360,70,551510,7020,746,0710,4,10,156,1,1,70591010,1
5361,70,582050,7020,746,0732,4,10,156,1,1,70592510,1
5362,70,553510,7020,746,0714,4,10,156,1,1,70593510,1
5363,70,454010,7020,746,0531,4,10,156,1,1,70591520,1
5364,70,573020,7020,746,0715,4,10,156,1,1,70595010,1
5365,70,582050,7020,746,0732,4,10,156,1,1,70592510,1
5385,70,554015,7020,747,0718,4,10,192,1,1,70599515,2
5387,70,552510,7020,747,0712,4,10,192,1,1,70595510,2
5388,70,554015,7020,747,0718,4,10,192,1,1,70599515,2
5391,70,553025,7020,746,0713,4,10,156,1,1,70594015,1
5397,70,501090,7020,747,0618,4,10,192,1,1,70593010,2
5399,80,551510,8010,844,0710,15,10,216,1,1,80591010,1
5400,70,601530,7010,746,0811,4,10,156,1,1,70802010,1
5401,70,602510,7010,746,0818,4,10,156,1,1,70802015,1
5403,70,555015,7010,746,0721,4,10,156,1,1,70752515,1
5405,70,453015,7010,746,0518,4,10,156,1,1,70752510,1
5407,70,602035,7010,746,0812,4,10,156,1,1,70804510,1
5409,70,581525,7010,746,0731,4,10,156,1,1,70804510,1
5410,70,601530,7010,747,0811,4,10,192,1,1,70804010,2
5411,70,603015,7010,746,0821,4,10,156,1,1,70803510,1
5413,70,581515,7010,746,0731,4,10,156,1,1,70594510,1
5414,70,453015,7010,747,0518,4,10,192,1,1,70752510,1
5415,70,604015,7010,746,0841,4,10,156,1,1,70803010,1
5416,80,604015,8010,844,0841,15,10,216,1,1,80803010,1
5417,80,602515,8010,844,0818,15,10,216,1,1,80801010,1
5418,80,601530,8010,844,0811,15,10,216,1,1,80801010,1
5419,70,552510,7010,747,0712,4,10,192,1,1,70805010,2
5420,70,354520,7010,747,0318,4,10,192,1,1,70805090,2
5421,70,552510,7010,747,0712,4,10,192,1,1,70805090,1
5422,70,601530,7010,747,0811,4,10,192,1,1,70804010,1
5423,70,603015,7010,747,0821,4,10,192,1,1,70805090,1
5424,60,554015,5520,655,0718,4,10,156,1,1,50589510,2
5425,70,453010,7010,746,0518,4,10,156,1,1,70902510,1
5426,60,402510,5510,655,0413,20,10,180,1,1,50382510,1
5427,80,453010,8010,844,0518,15,10,216,1,1,80902510,1
5428,70,453510,7010,747,0528,4,10,192,1,1,70802010,2
5429,60,452515,5520,655,0512,4,10,156,1,1,50584510,1
5430,70,654530,7010,747,0915,4,10,192,1,1,70759510,1
5431,60,651510,5510,655,0911,4,10,156,1,1,50894010,1
5432,50,651515,4010,554,0911,4,10,156,1,1,40894010,1
5433,70,651520,7010,746,0911,4,10,156,1,1,70905510,1
5434,60,651510,5510,655,0911,20,10,156,1,1,50894010,1
5435,80,651520,8010,844,0911,15,10,216,1,1,80905510,1
5436,60,555086,5520,655,0728,4,10,156,1,1,50585020,1
5437,60,271525,5510,655,0211,4,10,156,1,1,50244010,2
5438,60,271525,5510,655,0211,4,10,156,1,1,50244010,1
5439,60,554015,5520,655,0718,4,10,156,1,1,50589530,2
5440,60,203510,5510,655,0113,4,10,156,1,1,50202010,1
5441,60,203510,6010,655,0113,4,10,156,1,1,50202010,1
5442,60,553030,5520,655,0713,4,10,156,1,1,50581515,1
5443,30,656510,3090,353,0922,20,1,132,2,3,30101510,1
5444,60,656515,5510,655,0922,4,10,156,2,2,50201510,1
5445,60,656515,5510,655,0922,4,10,132,2,2,50201510,1
5446,60,554510,5520,655,0719,4,10,156,1,1,50589530,1
5447,60,656515,5510,655,0922,4,10,132,2,2,50201510,1
5448,70,601530,7010,747,0811,4,10,192,1,1,70804010,2
5449,70,601530,7010,747,0811,4,10,192,1,1,70804010,2
5450,60,654530,5510,655,0915,4,10,156,1,1,50752010,1
5451,60,654530,6010,655,0915,4,10,198,1,1,50894590,1
5452,70,552510,7010,747,0712,4,10,192,1,1,70805010,1
5453,70,453015,7010,747,0518,4,10,192,1,1,70759510,2
5454,70,581525,7010,747,0731,4,10,192,1,1,70804510,1
5455,70,601010,7010,747,0800,4,10,192,1,1,70801010,1
5456,60,751525,5510,655,1032,20,10,156,1,1,50589530,1
5457,60,453015,5510,655,0518,4,10,156,1,1,50751510,1
5458,60,555015,5510,655,0721,4,10,156,1,1,50751510,1
5459,60,453030,5510,655,0518,20,10,180,1,1,50751510,1
5460,60,654530,5510,655,0915,4,10,156,1,1,50752010,1
5461,60,355510,6010,544,0322,4,10,156,2,1,50253510,1
5462,60,355510,6010,645,0322,4,10,156,2,1,50253510,1
5463,60,355520,5010,645,0322,4,10,156,1,1,60253510,1
5464,80,355510,5010,844,0322,4,10,228,1,3,80253510,1
5465,70,355520,7010,747,0322,4,10,192,1,1,70253510,1
5466,70,554015,7020,747,0718,4,10,192,1,1,70599530,2
5467,60,355510,6010,655,0322,4,10,156,1,1,50253510,1
5468,70,355510,7010,747,0322,4,10,192,1,1,70253510,1
5469,60,654530,5510,655,0915,4,10,156,1,1,50894590,2
5470,70,581510,7010,746,0731,4,10,156,1,1,70301510,1
5471,60,355510,6010,655,0322,4,10,192,1,1,50253510,1
5472,60,501090,5510,655,0618,4,10,180,1,1,50582015,1
5473,60,404015,5510,655,0416,4,10,180,1,1,50382510,1
5474,70,351010,7010,747,0300,4,10,192,1,1,70391010,2
5475,60,501015,5510,655,0612,4,10,180,1,1,50582015,1
5476,60,703015,5510,655,1015,4,10,180,2,1,50383010,1
5477,60,309515,8540,655,0218,5,10,156,1,1,50305010,1
5478,60,453030,5510,655,0518,4,10,180,1,1,50751510,1
5479,60,453030,5510,655,0518,4,10,180,1,1,50751510,2
5480,80,581510,8010,844,0731,15,10,216,1,1,80301510,1
5483,60,271525,5510,655,0211,4,10,156,1,1,50242010,1
5484,60,582060,5520,655,0738,4,10,156,1,1,50589520,1
5485,60,271525,5510,655,0211,4,10,156,1,1,50242010,1
5486,60,271520,5510,655,0211,4,10,156,1,1,50244010,1
5487,60,271520,5510,655,0211,4,10,156,1,1,50244010,1
5488,60,501015,5510,655,0612,4,10,180,1,1,50582015,1
5489,60,403010,5510,655,0414,4,10,180,2,1,50382510,1
5490,60,402010,5510,655,0412,4,10,180,2,1,50382010,1
5491,60,703510,5510,655,1018,4,10,180,2,1,50381510,1
5492,60,403010,5510,655,0414,4,10,156,1,1,50382510,1
5493,50,255425,9510,541,0231,4,10,148,1,1,40259015,1
5494,60,309515,5510,655,0218,4,10,30,1,1,50305010,1
5495,50,255615,9510,541,0231,4,10,148,1,1,40259015,1
5496,50,255410,9510,541,0231,4,10,148,1,1,40259015,1
5497,60,309515,5510,655,0218,4,10,156,1,1,50305010,1
5498,60,257610,6010,655,0231,4,10,156,1,1,50258015,1
5499,60,409030,5510,655,0418,20,10,180,1,1,50244010,1
5500,60,401515,5510,655,0411,4,10,156,1,1,50381510,1
5501,60,257210,9510,651,0231,4,10,156,1,1,50259010,1
5502,60,257225,9510,651,0231,4,10,156,1,1,50259010,1
5503,60,257230,9510,651,0231,4,10,156,1,1,50259010,1
5505,60,257235,9510,651,0231,4,10,156,1,1,50259010,1
5506,60,257220,9510,651,0231,4,10,156,1,1,50259010,1
5507,60,257215,9510,651,0231,4,10,156,1,1,50259010,1
5508,60,257610,9510,651,0231,4,10,156,1,1,50259020,1
5510,60,257610,9510,651,0231,4,10,156,1,1,50259010,1
5511,60,703510,5510,655,1018,4,10,180,1,1,50381510,1
5512,60,703510,5510,655,1018,4,10,180,1,1,50381510,2
5513,60,403010,5510,655,0414,4,10,180,1,1,50382510,1
5514,60,403010,5510,655,0414,4,10,180,1,1,50382510,2
5515,60,402010,5510,655,0412,4,10,156,1,1,50382010,1
5516,60,402010,5510,655,0412,4,10,156,1,1,50382010,2
5517,60,403010,5510,655,0414,4,10,156,1,1,50382510,1
5518,60,403010,5510,655,0414,4,10,156,1,1,50382510,2
5532,70,257210,7010,746,0231,4,10,156,1,1,70397010,1
5533,70,257225,7010,746,0231,4,10,156,1,1,70397010,1
5534,70,257215,7010,746,0231,4,10,156,1,1,70397010,1
5535,70,257220,7010,746,0231,4,10,156,1,1,70397010,1
5536,70,257245,7010,746,0231,4,10,156,1,1,70397010,1
5537,70,257240,7010,746,0231,4,10,156,1,1,70397010,1
5538,50,703510,4010,554,1018,4,10,156,1,1,40383010,1
5539,50,703510,4010,554,1018,4,10,156,1,1,40383010,2
5540,60,553510,5520,655,0714,4,10,156,1,1,50582010,1
5544,70,453030,7020,747,0518,4,10,192,1,1,70591515,2
5548,50,404030,4010,554,0416,4,10,156,1,1,40383510,1
5549,50,404030,4010,554,0416,4,10,156,1,1,40383510,2
5550,60,257610,8540,655,0231,5,10,168,1,1,50258215,1
5551,60,257210,8540,655,0231,5,10,168,1,1,50258215,1
5552,60,257225,8540,655,0231,5,10,168,1,1,50258215,1
5553,60,257230,8540,655,0231,5,10,168,1,1,50258215,1
5554,70,553515,7020,747,0714,4,10,192,1,1,70593510,2
5555,60,257235,8540,655,0231,5,10,168,1,1,50258215,1
5556,60,257220,8540,655,0231,5,10,168,1,1,50258215,1
5557,60,257215,8540,655,0231,5,10,168,1,1,50258215,1
5558,50,404025,4010,554,0416,4,10,156,1,1,40382510,1
5559,50,404025,4010,554,0416,4,10,156,1,1,40382510,2
5560,60,257610,8540,655,0231,4,10,180,1,1,50258210,1
5567,50,402010,4010,554,0412,4,10,156,1,1,40382010,1
5568,50,402010,4010,554,0412,4,10,156,1,1,40382010,2
5569,60,554015,5520,655,0718,4,10,156,1,1,50589530,1
5570,70,257610,7010,747,0231,4,10,180,1,1,70258710,1
5571,70,257210,7010,747,0231,4,10,180,1,1,70258710,1
5572,70,257225,7010,747,0231,4,10,180,1,1,70258710,1
5573,50,409030,4010,554,0418,4,10,156,1,1,40381510,1
5574,50,409030,4010,554,0418,4,10,156,1,1,40381510,2
5575,60,257235,6010,655,0231,4,10,156,1,1,50259020,1
5576,70,257220,7010,747,0231,4,10,180,1,1,70258710,1
5577,70,257215,7010,747,0231,4,10,180,1,1,70258710,1
5578,70,257010,8550,757,0231,4,10,210,1,1,70257535,1
5579,60,501015,5510,655,0612,4,10,156,1,1,50582015,1
5580,80,257610,8010,844,0231,15,10,216,1,1,80258810,1
5584,50,574015,4010,554,0716,4,10,156,1,1,40589530,1
5585,50,574015,4010,554,0716,4,10,156,1,1,40589530,2
5588,70,553520,7020,747,0714,4,10,192,1,1,70593010,2
5589,70,258425,7010,747,0238,4,10,192,1,1,70258810,2
5590,70,258425,7010,747,0238,4,10,192,1,1,70258810,1
5591,70,257210,7010,747,0231,4,10,192,1,1,70258810,1
5592,70,257225,7010,747,0231,4,10,192,1,1,70258810,1
5593,70,257230,7010,747,0231,4,10,198,1,1,70258810,1
5594,70,258415,7010,747,0238,4,10,192,1,1,70258810,1
5595,70,257235,7010,747,0231,4,10,198,1,1,70258810,1
5596,70,257220,7010,747,0231,4,10,192,1,1,70258810,1
5597,70,257215,7010,747,0231,4,10,192,1,1,70258810,1
5598,70,257110,7010,747,0231,4,10,192,1,1,70258810,1
5599,70,257610,7010,747,0231,4,10,192,1,1,70258810,1
5600,60,304010,6010,651,0215,4,7,156,1,1,50306555,1
5601,60,304015,6010,651,0215,4,7,156,1,1,50306540,1
5604,70,304015,7010,746,0215,4,7,180,1,1,70306540,1
5605,70,304015,7010,746,0215,4,7,216,1,1,70306540,1
5606,60,409030,5010,645,0418,4,10,156,1,1,60396510,2
5607,60,304015,5030,645,0215,4,7,180,1,1,60306540,1
5608,70,304015,7010,747,0215,4,7,180,1,1,70306540,1
5609,70,304015,7010,747,0215,4,7,180,1,1,70306540,1
5610,70,258415,7010,746,0238,4,10,156,1,1,70258920,1
5611,80,304015,8010,844,0215,4,7,216,1,1,80306540,1
5612,70,602515,7010,747,0818,4,10,192,1,1,70805090,2
5613,70,304040,7010,747,0215,4,7,216,1,1,70306550,1
5614,60,553520,5020,645,0714,4,10,156,1,1,60593010,1
5615,80,304030,8010,844,0215,4,7,216,1,1,80306530,1
5616,70,304015,7010,757,0215,4,7,204,1,1,70306540,1
5617,80,304030,8010,844,0215,4,7,216,1,1,80306530,1
5620,80,304035,8010,844,0215,4,7,216,1,1,80306555,1
5621,70,258415,7010,747,0238,4,10,192,1,1,70258920,1
5622,70,258415,7010,747,0238,4,10,192,1,1,70258920,1
5623,70,258415,7010,747,0238,4,10,192,1,1,70258920,1
5624,70,258415,7010,747,0238,4,10,192,1,1,70258920,1
5625,50,601525,4010,554,0811,4,10,156,1,1,40801510,1
5626,50,601525,4010,554,0811,4,10,156,1,1,40801510,2
5627,50,553025,4010,554,0713,4,10,156,1,1,40582510,1
5628,50,553025,4010,554,0713,4,10,156,1,1,40582510,2
5629,60,551510,5520,645,0710,4,10,156,1,1,50589530,1
5630,50,257610,4510,554,0231,5,10,156,1,1,40258010,1
5631,50,257210,4510,554,0231,5,10,156,1,1,40258010,1
5632,50,257225,4510,554,0231,5,10,156,1,1,40258010,1
5633,50,257230,4510,554,0231,5,10,156,1,1,40258010,1
5634,60,554015,5510,655,0718,4,10,156,1,1,50585020,1
5635,50,257235,4510,554,0231,5,10,156,1,1,40258010,1
5636,50,257220,4510,554,0231,5,10,156,1,1,40258010,1
5637,50,257215,4510,554,0231,5,10,156,1,1,40258010,1
5638,50,553515,4010,554,0714,4,10,156,1,1,40582020,1
5639,50,553515,4010,554,0714,4,10,156,1,1,40582020,2
5640,60,582045,5510,655,0732,4,10,156,1,1,50581510,1
5641,60,582045,5510,655,0732,4,10,156,1,1,50581510,2
5642,60,554015,5510,655,0718,4,10,180,1,1,50585020,1
5643,60,554015,5510,655,0718,4,10,180,1,1,50585020,2
5644,60,309515,5510,655,0218,4,10,180,1,1,50305010,1
5645,60,309515,5510,655,0218,4,10,180,1,1,50305010,2
5646,60,309515,5510,655,0218,4,10,156,1,1,50305010,1
5647,60,309515,5510,655,0218,4,10,156,1,1,50305010,2
5648,60,501015,5510,655,0612,4,10,180,1,1,50582015,1
5649,60,501015,5510,655,0612,4,10,180,1,1,50582015,2
5650,60,555087,5510,655,0728,4,10,180,1,1,50585020,1
5651,60,409010,5010,645,0418,4,10,156,1,1,60396510,1
5652,70,405010,7010,747,0421,4,10,192,1,1,70396010,1
5653,70,409030,7010,747,0418,4,10,192,1,1,70396010,2
5654,60,409010,5010,645,0418,4,10,156,1,1,60396510,1
5655,60,501090,5520,655,0618,4,10,156,1,1,50582010,2
5656,60,409020,5010,645,0418,4,10,156,1,1,60396510,1
5657,70,501095,7010,747,0618,4,10,192,1,1,70396010,1
5658,70,409010,7010,747,0418,4,10,192,1,1,70396010,1
5659,60,409030,5510,655,0418,4,10,180,1,1,50244010,1
5660,60,409030,5510,655,0418,4,10,180,1,1,50244010,2
5661,60,409015,5010,645,0418,4,10,156,1,1,60396510,1
5662,70,257010,7010,747,0231,4,10,192,1,1,70396010,1
5663,60,409015,5010,645,0418,4,10,156,1,1,60396510,1
5664,60,409020,5510,655,0418,4,10,156,1,1,50382010,1
5665,60,409020,5510,655,0418,4,10,156,1,1,50382010,2
5666,60,409030,5010,645,0418,4,10,156,1,1,60396510,1
5667,70,409030,7010,747,0418,4,10,192,1,1,70396010,1
5668,60,402510,5510,655,0413,4,10,180,1,1,50382510,1
5669,60,402510,5510,655,0413,4,10,180,1,1,50382510,2
5670,60,257610,6010,655,0231,4,10,156,1,1,50258015,1
5671,60,257425,6010,655,0231,4,10,156,1,1,50258015,1
5672,60,257410,6010,655,0231,4,10,156,1,1,50258015,1
5673,60,257450,6010,655,0231,4,10,156,1,1,50258015,1
5674,60,257435,6010,655,0231,4,10,156,1,1,50258015,1
5675,60,257415,6010,655,0231,4,10,156,1,1,50258015,1
5676,60,257470,6010,655,0231,4,10,156,1,1,50258015,1
5677,60,257440,6010,655,0231,4,10,156,1,1,50258015,1
5678,60,257430,6010,655,0231,4,10,156,1,1,50258015,1
5679,60,257486,6010,655,0231,4,10,156,1,1,50258015,1
5680,70,257610,7010,747,0231,4,10,192,1,1,70258810,1
5681,60,257455,6010,655,0231,4,10,156,1,1,50258015,1
5682,60,257460,6010,655,0231,4,10,156,1,1,50258015,1
5683,60,355015,5510,655,0321,4,10,156,1,1,50244010,1
5684,60,255015,5510,655,0228,4,10,156,1,1,50202515,1
5685,60,409020,5510,655,0418,4,10,156,1,1,50382010,1
5686,60,409015,5510,655,0418,4,10,156,1,1,50244010,1
5687,60,402510,5510,655,0413,4,10,156,1,1,50382010,1
5688,60,308015,5030,645,0215,4,7,120,1,1,60304510,1
5689,60,308510,5030,655,0215,19,1,0,1,3,60304010,1
5690,60,308010,5030,645,0215,4,7,120,1,1,60303510,1
5691,60,501090,5510,655,0618,4,10,156,1,1,50593010,2
5692,60,308015,5030,645,0215,4,7,120,1,1,60303515,1
5695,60,257015,5510,655,0231,4,10,156,1,1,50243510,1
5698,60,308015,5030,645,0215,4,7,120,1,1,60306555,2
5699,60,651515,5510,655,0911,4,10,156,1,1,50894010,1
5700,60,401010,5010,645,0410,4,10,156,1,1,60396510,1
5701,60,409020,5010,645,0418,4,10,156,1,1,60396510,1
5702,60,409015,5010,645,0418,4,10,156,1,1,60396510,1
5703,70,401010,7010,747,0410,4,10,192,1,1,70396010,1
5704,60,409015,5010,645,0418,4,10,156,1,1,60396510,1
5705,80,401010,8010,844,0410,15,10,216,1,1,80395510,1
5706,60,703015,5510,655,1015,4,10,156,1,1,50383010,1
5707,60,401510,6010,655,0411,4,10,192,1,1,50391510,1
5708,70,401510,7010,747,0411,4,10,192,1,1,70391510,1
5709,60,402510,5010,645,0413,4,10,156,1,1,60396510,1
5710,60,401010,8540,655,0410,5,10,156,1,1,50384510,1
5711,60,409030,5010,645,0418,4,10,156,1,1,60396510,1
5712,60,409030,5010,645,0418,4,10,156,1,1,60396510,1
5713,60,402510,5010,645,0413,4,10,156,1,1,60396510,2
5714,60,402510,5010,645,0413,4,10,156,1,1,60396510,2
5715,60,703015,5510,655,1015,4,10,156,1,1,50381510,1
5716,60,409030,5010,645,0418,4,10,156,1,1,60396510,1
5717,70,409030,7010,747,0418,4,10,192,1,1,70396010,1
5718,60,409030,5010,645,0418,4,10,156,1,1,60396510,1
5719,60,403010,8540,655,0414,5,10,168,1,1,50384510,1
5720,60,402510,8540,655,0413,5,10,168,1,1,50384510,1
5721,60,403010,8540,655,0414,5,10,168,1,1,50384510,1
5722,60,402010,8540,655,0412,5,10,168,1,1,50384510,1
5723,60,402020,8540,655,0412,5,10,168,1,1,50384510,1
5724,60,402510,8540,655,0413,5,10,168,1,1,50384510,1
5725,60,401510,8540,655,0411,5,10,168,1,1,50384510,1
5726,60,403010,8540,655,0414,5,10,168,1,1,50384510,1
5727,60,402510,8540,655,0413,5,10,168,1,1,50384510,1
5728,60,409020,8540,655,0418,5,10,168,1,1,50384510,1
5729,60,401510,8540,655,0411,5,10,168,1,1,50384510,1
5730,60,402510,8540,655,0413,5,10,180,1,1,50384510,1
5731,60,401510,6010,651,0411,4,10,180,1,1,50391510,1
5732,60,402010,8540,655,0412,5,10,168,1,1,50384510,1
5733,60,409015,5010,645,0418,4,10,156,1,1,60258910,1
5734,60,409030,5010,645,0418,4,10,156,1,1,60395510,2
5735,60,355010,5510,655,0321,4,10,156,2,2,50242510,1
5736,60,355010,5510,655,0321,4,10,156,2,2,50243010,1
5737,70,402510,7010,747,0413,4,10,192,1,1,70391510,2
5738,70,501095,7010,747,0618,4,10,192,1,1,70356040,1
5739,70,501095,7010,747,0618,4,10,192,1,1,70356010,2
5740,70,202010,7010,747,0111,4,10,192,1,2,70203020,1
5741,70,209025,7010,747,0118,4,10,192,1,2,70203020,1
5742,70,202010,7010,747,0111,4,10,192,1,2,70203020,1
5743,70,209015,7010,747,0118,4,10,192,1,2,70203020,1
5744,70,209020,7010,747,0118,4,10,192,1,2,70203020,1
5745,80,202010,8010,844,0111,15,10,216,1,1,80203020,1
5746,60,202010,8540,655,0111,4,10,204,1,2,50203020,1
5747,60,209025,8540,655,0118,4,10,204,1,1,50203020,1
5748,60,209015,8540,655,0118,4,10,204,1,1,50203020,1
5749,60,209020,8540,655,0118,4,10,204,1,1,50203020,1
5750,70,751025,7510,757,1031,4,3,156,2,3,70952520,1
5751,70,402510,8550,757,0413,5,10,192,1,1,70395510,1
5752,70,402510,8550,757,0413,5,10,192,1,1,70391510,1
5753,70,402510,8550,757,0413,5,10,192,1,1,70391510,1
5754,70,655510,8550,757,0918,5,10,192,1,1,70903010,1
5755,60,751025,5510,655,1031,4,3,156,2,3,50952520,1
5756,70,402510,8550,757,0413,5,10,192,1,1,70391510,1
5757,70,352530,8550,757,0312,5,10,192,1,1,70393515,1
5758,70,354525,8550,757,0318,5,10,192,1,1,70253710,1
5759,70,501095,8550,757,0618,5,10,192,1,1,70253510,1
5760,70,751030,7510,757,1031,4,3,156,2,3,70952525,1
5761,60,703015,5510,655,1015,4,10,156,1,1,50381510,1
5762,60,703015,5510,655,1015,4,10,156,1,1,50381510,2
5764,60,402510,5010,645,0413,4,10,156,1,1,60396510,1
5765,60,751030,5510,655,1031,4,3,156,2,3,50952525,1
5766,60,703015,5510,655,1015,4,10,156,1,1,50383010,1
5767,60,703015,5510,655,1015,4,10,156,1,1,50383010,2
5769,60,201015,5010,645,0111,4,10,156,1,1,60391510,1
5770,70,751020,7510,757,1031,4,3,156,2,3,70952515,1
5771,60,402510,5510,655,0413,4,10,156,1,1,50382010,1
5772,60,402510,5510,655,0413,4,10,156,1,1,50382010,2
5774,70,501095,7010,747,0618,4,10,192,1,1,70356030,1
5775,60,751020,5510,655,1031,4,3,156,2,3,50952515,1
5779,70,402510,7010,747,0413,4,10,192,1,1,70391510,1
5780,60,401010,5010,645,0410,4,10,156,1,1,60396510,2
5781,60,409015,5010,645,0418,4,10,156,1,1,60396510,1
5782,70,409015,7010,747,0418,4,10,192,1,1,70396010,1
5783,60,402510,5010,645,0413,4,10,156,1,1,60396510,2
5784,70,402510,7010,747,0413,4,10,192,1,1,70391510,1
5785,70,409015,7010,747,0418,4,10,192,1,1,70396010,1
5786,70,409030,7010,747,0418,4,10,192,1,1,70396010,2
5787,70,409030,7010,747,0418,4,10,192,1,1,70396010,1
5788,70,402510,7010,747,0413,4,10,192,1,1,70391510,2
5789,70,402510,7010,747,0413,4,10,192,1,1,70391510,2
5790,60,257015,5510,655,0231,4,10,156,1,1,50243510,1
5791,60,257015,5510,655,0231,4,10,168,1,1,50243510,1
5792,70,355015,8550,757,0321,5,10,192,1,1,70395510,1
5793,70,258425,8550,757,0238,5,10,192,1,1,70258910,1
5794,70,201010,8550,757,0111,5,10,192,1,1,70203015,1
5795,70,501095,8550,757,0618,5,10,192,1,1,70593015,1
5796,70,201015,8550,757,0111,5,10,192,1,1,70203020,1
5797,60,409015,5010,645,0418,4,10,156,1,1,60396510,1
5798,70,501095,8550,757,0618,5,10,192,1,1,70593010,1
5799,60,409020,5510,655,0418,4,10,180,1,1,50382010,1
5800,60,271510,6010,655,0211,4,7,156,1,1,50303010,1
5801,60,271515,6010,655,0211,4,7,156,1,1,50303030,1
5802,60,271515,6010,655,0211,4,7,156,1,1,50303035,1
5803,60,271520,6010,655,0211,4,7,156,1,1,50303045,1
5804,60,271515,6010,655,0211,4,7,156,1,1,50303025,1
5805,60,271530,6010,655,0211,4,7,156,1,1,50303020,1
5806,60,271520,6010,655,0211,4,7,156,1,1,50303040,1
5807,60,271525,6010,655,0211,4,7,156,1,1,50303015,1
5808,60,271525,5510,655,0211,4,10,156,1,1,50303015,2
5809,70,302510,7010,747,0213,4,7,192,1,1,70302010,1
5810,70,302515,7010,746,0213,4,7,156,1,1,70302010,1
5811,70,302510,7510,747,0213,4,7,156,1,1,70302010,1
5812,70,302510,7010,747,0213,4,7,192,1,1,70302010,1
5813,60,302510,5010,645,0213,4,7,156,1,1,60302010,1
5814,60,403010,8540,655,0414,5,10,180,1,1,50384510,1
5815,60,271510,6010,655,0211,4,7,156,1,1,50303050,1
5816,60,271520,6010,655,0211,4,7,156,1,1,50303050,1
5817,60,271520,6010,655,0211,4,7,156,1,1,50303050,1
5818,60,402510,8540,655,0413,5,10,180,1,1,50384510,1
5820,70,302515,7010,746,0213,4,7,156,1,1,70302010,1
5821,70,302510,7010,746,0213,4,7,156,1,1,70302010,1
5822,70,302515,7010,746,0213,4,7,156,1,1,70302010,1
5823,70,302515,7010,746,0213,4,7,156,1,1,70302010,1
5824,70,302510,7010,746,0213,4,7,156,1,1,70302015,1
5830,50,253510,4010,554,0222,4,10,156,1,1,40589530,1
5831,60,253510,5010,645,0222,4,10,156,1,1,60306010,1
5832,70,253515,7010,747,0222,4,10,192,1,1,70306010,1
5833,60,253510,5010,645,0222,4,10,156,1,1,60306030,1
5834,60,253510,5010,645,0222,4,10,156,1,1,60306035,1
5835,60,253510,5010,645,0222,4,10,156,1,1,60306010,1
5836,60,253510,5010,645,0222,4,10,156,1,1,60306010,1
5837,60,253510,5010,645,0222,4,10,156,1,1,60306020,1
5838,60,253510,5010,645,0222,4,10,156,1,1,60306015,1
5839,80,253515,8010,844,0222,15,10,216,1,1,80306010,1
5840,70,253515,7010,747,0222,4,10,192,1,1,70306025,1
5841,70,253515,7010,747,0222,4,10,192,1,1,70306020,1
5842,70,253515,7010,747,0222,4,10,192,1,1,70306015,1
5843,70,253515,7010,747,0222,4,10,192,1,1,70306030,1
5844,70,253515,7010,747,0222,4,10,192,1,1,70306035,1
5845,60,308010,6010,655,0215,4,7,132,1,1,50303510,1
5846,60,308010,6010,655,0215,4,7,132,1,1,50303510,1
5847,60,308010,6010,655,0215,4,7,132,1,1,50303510,1
5848,60,308010,6010,655,0215,4,7,132,1,1,50303510,1
5849,60,308015,6010,655,0215,4,7,156,1,1,50303515,1
5850,60,308010,6010,655,0215,4,7,156,1,1,50303520,1
5851,60,309015,6010,645,0215,4,7,156,1,1,50301010,1
5852,60,308010,6010,655,0215,4,7,156,1,1,50303510,1
5853,80,304015,8010,844,0215,4,7,216,1,1,80306540,1
5854,60,402510,8540,655,0413,5,10,168,1,1,50384510,1
5855,60,308015,6010,655,0215,4,7,156,1,1,50304510,1
5856,60,308510,6010,655,0215,4,7,156,1,1,50304010,2
5857,60,308510,6010,651,0215,4,7,156,1,1,50304010,1
5858,70,308510,7010,747,0215,4,7,204,1,1,70304010,2
5860,60,751025,5510,655,1031,4,3,156,2,3,50952520,1
5861,60,501015,5510,655,0612,4,10,180,1,1,50582015,1
5862,60,501015,5510,655,0612,4,10,180,1,1,50582015,2
5863,60,703015,5510,655,1015,4,10,180,1,1,50383010,1
5864,60,703015,5510,655,1015,4,10,180,1,1,50383010,2
5865,60,751030,5510,655,1031,4,3,180,2,3,50952525,1
5870,60,751020,5510,655,1031,4,3,156,2,3,50952515,1
5873,60,751015,5510,655,1031,4,3,156,1,3,50952530,1
5874,30,751015,3090,353,1031,3,3,120,2,3,30902010,1
5875,70,751020,7510,757,1031,4,3,186,2,3,70952515,1
5876,30,751025,3090,353,1031,3,3,124,1,1,30902010,1
5878,30,751030,3090,353,1031,3,3,124,1,3,30902010,1
5879,30,751020,3090,353,1031,3,3,124,1,3,30902010,1
5880,70,751025,7510,757,1031,4,3,186,2,3,70952520,1
5881,30,403010,2590,344,0414,4,10,144,1,1,35201010,1
5882,30,603010,2590,344,0821,4,10,144,1,1,35201010,1
5883,30,602015,2590,344,0812,4,10,144,1,1,35201010,1
5884,30,801510,2590,344,1041,4,10,144,1,1,35201010,1
5885,70,751030,7510,757,1031,4,3,204,2,3,70952525,1
5887,60,271520,5510,645,0211,4,10,156,2,2,50244010,1
5888,60,403010,5510,655,0414,4,10,156,2,2,50381010,1
5890,70,751020,7510,757,1031,4,3,156,2,3,70952515,1
5891,60,573020,5520,655,0715,4,10,156,1,1,50583015,1
5892,70,501090,7020,747,0618,4,10,192,1,1,70593010,2
5893,60,271515,6010,655,0211,4,7,156,2,1,50303040,1
5894,70,553520,7020,747,0714,4,10,192,1,1,70593010,2
5895,50,304015,9510,554,0215,4,7,180,1,1,40306555,1
5896,60,501090,5510,655,0618,4,10,156,1,1,50593010,1
5897,70,308510,7010,747,0215,4,7,156,1,1,70304010,1
5898,70,308015,7010,747,0215,4,7,156,1,1,70307010,2
5899,60,304015,5010,645,0215,4,7,156,1,1,60306540,1
5900,70,304010,7010,746,0215,4,7,156,1,1,70306540,1
5907,70,304010,7010,746,0215,4,7,156,1,1,70306540,1
5908,70,304015,7010,746,0215,4,7,156,1,1,70306540,1
5910,70,304010,7010,746,0215,4,7,156,1,1,70306540,1
5911,60,304045,5010,645,0215,4,7,156,1,1,60306515,1
5912,60,304045,5010,645,0215,4,7,156,1,1,60306510,1
5913,70,304015,7010,747,0215,4,7,192,1,1,70306540,1
5916,70,304015,7010,747,0215,4,7,192,1,1,70306540,1
5919,80,304015,8010,844,0215,4,7,216,1,1,80306540,1
5920,70,304015,7010,746,0215,4,7,156,1,1,70306540,1
5923,60,304045,6010,645,0215,4,7,156,1,1,60306520,1
5927,60,304020,5010,645,0215,4,7,156,1,1,60306540,1
5928,60,304015,5010,645,0215,4,7,156,1,1,60306540,1
5929,70,304020,7010,746,0215,4,7,156,1,1,70306540,1
5930,60,501090,5520,655,0618,4,10,156,1,1,50593010,1
5931,60,258415,5010,645,0238,4,10,156,1,1,60258920,1
5932,60,258410,5010,645,0238,4,10,156,1,1,60258915,1
5933,60,258410,5010,645,0238,4,10,156,1,1,60258915,1
5934,60,258410,5010,645,0238,4,10,156,1,1,60258915,1
5935,60,258410,5010,645,0238,4,10,156,1,1,60258915,1
5936,60,258415,5010,645,0238,4,10,156,1,1,60258920,1
5937,60,258415,5010,645,0238,4,10,156,1,1,60258920,1
5938,60,258415,5010,645,0238,4,10,156,1,1,60258920,1
5939,60,258415,5010,645,0238,4,10,156,1,1,60258920,1
5940,60,258425,5010,645,0238,4,10,156,1,1,60258910,1
5941,60,258425,5010,645,0238,4,10,156,1,1,60258910,1
5942,60,258425,5010,645,0238,4,10,156,1,1,60258910,1
5943,60,258425,5010,645,0238,4,10,156,1,1,60258910,1
5944,60,258425,5010,645,0238,4,10,156,1,1,60258910,1
5945,60,258425,5010,645,0238,4,10,156,1,1,60258910,1
5946,60,258425,5010,645,0238,4,10,156,1,1,60258910,1
5947,60,409015,5010,645,0418,4,10,156,1,1,60258910,1
5948,60,355015,5010,645,0321,4,10,156,1,1,60253510,2
5949,60,258425,5010,645,0238,4,10,156,1,1,60258910,1
5950,60,257610,5010,645,0231,4,10,156,1,1,60258510,1
5951,60,257425,5010,645,0231,4,10,156,1,1,60258510,1
5952,60,257430,5010,645,0231,4,10,156,1,1,60258510,1
5953,60,257435,5010,645,0231,4,10,156,1,1,60258510,1
5954,60,257415,5010,645,0231,4,10,156,1,1,60258510,1
5955,60,257410,5010,645,0231,4,10,156,1,1,60258510,1
5956,60,257486,5010,645,0231,4,10,156,1,1,60258510,1
5957,60,257470,5010,645,0231,4,10,156,1,1,60258510,1
5958,60,257450,5010,645,0231,4,10,156,1,1,60258510,1
5959,60,257455,5010,645,0231,4,10,156,1,1,60258510,1
5960,60,257460,5010,645,0231,4,10,156,1,1,60258510,1
5961,60,257440,5010,645,0231,4,10,156,1,1,60258510,1
5962,70,257210,7010,747,0231,4,10,192,1,1,70397010,2
5963,70,257225,7010,747,0231,4,10,192,1,1,70397010,1
5964,70,257215,7010,747,0231,4,10,192,1,1,70397010,2
5965,70,257220,7010,747,0231,4,10,192,1,1,70397010,2
5966,70,257245,7010,747,0231,4,10,198,1,1,70397010,2
5967,70,257240,7010,747,0231,4,10,198,1,1,70397010,1
5968,70,257250,7010,747,0231,4,10,192,1,1,70397010,2
5969,70,703015,7010,747,1015,4,10,192,1,1,70397010,2
5970,60,258420,5010,645,0238,4,10,156,1,1,60258920,1
5971,60,258420,5010,645,0238,4,10,156,1,1,60258920,1
5972,60,258420,5010,645,0238,4,10,156,1,1,60258920,1
5973,60,258420,5010,645,0238,4,10,156,1,1,60258920,1
5974,60,258420,5010,645,0238,4,10,156,1,1,60258920,1
5975,60,258420,5010,645,0238,4,10,156,1,1,60258920,1
5976,60,258415,5010,645,0238,4,10,156,1,1,60258920,1
5977,60,258415,5010,645,0238,4,10,156,1,1,60258920,1
5978,60,258415,5010,645,0238,4,10,156,1,1,60258920,1
5979,60,258415,5010,645,0238,4,10,156,1,1,60258920,1
5980,60,703510,5010,645,1018,4,10,156,1,1,60397010,1
5981,60,257250,5010,645,0231,4,10,156,1,1,60397010,2
5982,60,257210,5010,645,0231,4,10,156,1,1,60397010,1
5983,60,257225,5010,645,0231,4,10,156,1,1,60397010,1
5984,60,257215,5010,645,0231,4,10,156,1,1,60397010,1
5985,60,257220,5010,645,0231,4,10,156,1,1,60397010,1
5986,60,257245,5010,645,0231,4,10,156,1,1,60397010,1
5987,60,257240,5010,645,0231,4,10,156,1,1,60397010,1
5988,60,258410,5010,645,0238,4,10,156,1,1,60258510,1
5989,60,703015,5010,645,1015,4,10,156,1,1,60397010,1
5990,60,258425,5010,645,0238,4,10,156,1,1,60258910,1
5991,60,258410,5010,645,0238,4,10,156,1,1,60258915,1
5992,60,403010,5010,645,0414,4,10,156,1,1,60258910,1
5993,60,355015,5010,645,0321,4,10,156,1,1,60253010,1
5994,60,257480,5010,645,0231,4,10,156,1,1,60258510,1
5995,60,304015,6010,645,0215,4,7,156,1,1,60306540,1
5996,70,304015,7010,746,0215,4,7,156,1,1,70306540,1
5997,60,551010,5520,655,0700,4,10,156,1,1,50591010,1
5998,60,553025,5520,655,0713,4,10,156,1,1,50582510,1
5999,60,554015,5520,655,0718,4,10,156,1,1,50589530,1
6000,70,202010,9510,741,0111,4,10,192,1,1,70203020,1
6001,60,351010,9510,641,0300,4,10,156,1,1,60391010,1
6002,60,451010,9510,641,0500,4,10,156,1,1,60351010,1
6003,60,202010,9510,641,0111,4,10,156,1,1,60203020,1
6004,60,304015,9510,641,0215,4,10,156,1,1,60252625,1
6005,60,351010,9510,641,0300,4,10,156,1,1,60391010,1
6006,60,451010,9510,641,0500,4,10,156,1,1,60351010,1
6007,60,202010,9510,641,0111,4,10,156,1,1,60203020,1
6008,60,304010,9510,641,0215,4,10,156,1,1,60252625,1
6009,70,655510,7010,747,0918,4,10,192,1,1,70394525,1
6010,70,654525,7010,747,0915,4,10,156,1,1,70254210,1
6011,70,351010,7010,746,0300,4,10,156,1,1,70391010,1
6017,60,501095,5010,645,0618,4,10,156,1,1,60356030,1
6018,60,258415,5010,645,0238,4,10,156,1,1,60258920,1
6019,70,202010,7510,757,0111,4,10,198,1,1,70203020,1
6020,50,304045,4510,554,0215,11,5,132,1,1,40306555,1
6021,50,304045,4510,554,0215,11,5,132,1,1,40306555,1
6022,30,304045,3090,353,0215,11,5,132,0,0,30902510,1
6023,30,304045,3090,353,0215,11,5,132,0,0,30902510,1
6024,30,304045,3090,353,0215,11,5,132,0,0,30902510,1
6025,30,304045,3090,353,0215,11,5,132,0,0,30902510,1
6026,50,304045,4510,554,0215,11,5,132,1,1,40306555,1
6027,60,304045,8540,665,0215,11,5,132,0,0,50306555,1
6028,70,202010,7510,757,0111,4,10,204,1,1,70203020,1
6029,70,654525,7010,747,0915,4,10,192,1,1,70254210,1
6030,60,654525,5010,645,0915,4,10,156,1,1,60254210,1
6031,70,654525,7010,747,0915,4,10,192,1,1,70254210,1
6032,70,255210,7010,747,0231,4,10,192,1,1,70256510,1
6033,70,501025,7010,747,0618,4,10,192,1,1,70356010,1
6034,70,454010,7010,747,0531,4,10,192,1,1,70354710,1
6035,70,454010,7010,747,0531,4,10,192,1,1,70354710,2
6036,70,457510,7010,747,0541,4,10,192,1,1,70355010,2
6037,70,457510,7010,747,0541,4,10,192,1,1,70355010,2
6038,70,355015,7010,747,0321,4,10,192,1,1,70253010,1
6039,70,257810,7010,747,0232,4,10,192,1,1,70255210,1
6040,60,352510,5010,645,0312,4,10,156,1,1,60392515,2
6041,70,254510,7010,747,0223,4,10,192,1,1,70252010,1
6042,70,252010,7010,747,0222,4,10,192,1,1,70252210,1
6043,70,355010,7010,747,0321,4,10,192,1,1,70253210,1
6044,70,409020,7010,747,0418,4,10,192,1,1,70396010,2
6045,60,258415,5010,645,0238,4,10,156,1,1,60258920,1
6046,60,258415,5010,645,0238,4,10,156,1,1,60258920,1
6047,60,258415,5010,645,0238,4,10,156,1,1,60258920,1
6048,60,258415,5010,645,0238,4,10,156,1,1,60258920,1
6049,70,353010,7010,747,0313,4,10,192,1,1,70394010,1
6050,60,501095,5010,645,0618,4,10,156,1,1,60356035,2
6051,60,501095,5010,645,0618,4,10,156,1,1,60356025,1
6052,70,652525,7010,747,0913,4,10,192,1,1,70904510,1
6053,70,401010,7010,747,0410,4,10,192,1,1,70396010,1
6054,70,401010,7010,747,0410,4,10,192,1,1,70396010,1
6055,70,501095,7010,747,0618,4,10,192,1,1,70356035,2
6061,70,551510,7020,746,0710,4,10,156,1,1,70591010,1
6062,70,582050,7020,746,0732,4,10,156,1,1,70592510,1
6063,70,582050,7020,746,0732,4,10,156,1,1,70592510,1
6064,70,573020,7020,746,0715,4,10,156,1,1,70595010,1
6065,70,501090,7020,746,0618,4,10,156,1,1,70593010,1
6070,70,255015,7010,746,0228,4,10,156,1,1,70251010,1
6071,60,501095,5010,645,0618,4,10,156,1,1,60356035,1
6072,70,255015,7010,747,0228,4,10,192,1,1,70251010,2
6075,70,354525,7010,747,0318,4,10,192,1,1,70391010,1
6080,70,554015,7010,746,0718,4,10,156,1,1,70591010,1
6083,60,501025,5010,645,0618,4,10,156,1,1,60356010,1
6084,60,501025,5010,645,0618,4,10,156,1,1,60356010,1
6085,70,451010,7010,746,0500,4,10,156,1,1,70351010,1
6100,70,352010,7010,747,0312,4,10,192,1,1,70393515,1
6101,60,451010,5010,645,0500,4,10,156,1,1,60351010,1
6102,60,251010,5010,645,0220,4,10,156,1,1,60251010,1
6103,60,351010,5010,645,0300,4,10,156,1,1,60391010,1
6104,70,451010,7010,741,0500,4,10,156,1,1,70351010,1
6105,70,251010,7010,741,0220,4,10,156,1,1,70251010,1
6106,70,351010,7010,741,0300,4,10,156,1,1,70391010,1
6107,60,255015,5010,645,0228,4,10,156,1,1,60591010,1
6110,70,352530,7010,747,0312,4,10,192,1,1,70391510,1
6112,70,354520,7010,747,0318,4,10,192,1,1,70393515,2
6113,70,402510,7010,747,0413,4,10,192,1,1,70391510,1
6115,70,354510,7010,747,0318,4,10,192,1,1,70805020,1
6116,70,354510,7010,747,0318,4,10,192,1,1,70805020,1
6118,70,352520,7010,747,0312,4,10,192,1,1,70392510,1
6119,70,352520,7010,747,0312,4,10,192,1,1,70392510,2
6120,70,501095,7010,747,0618,4,10,192,1,1,70356010,1
6122,70,351510,7010,747,0311,3,10,192,1,1,70395010,1
6125,70,703015,7010,747,1015,4,10,192,1,1,70254010,1
6127,70,452015,7010,747,0512,4,10,192,1,1,70352020,1
6128,70,451515,7010,747,0511,4,10,192,1,1,70351715,1
6129,70,452010,7010,747,0512,4,10,192,1,1,70351510,1
6130,70,451510,7010,747,0511,4,10,192,1,1,70351710,1
6137,70,352510,7010,747,0312,4,10,192,1,1,70392515,1
6140,70,353010,7010,747,0313,4,10,192,1,1,70394010,1
6141,70,402510,7010,747,0413,4,10,192,1,1,70391510,1
6142,70,354015,7010,747,0314,4,10,192,1,1,70393515,1
6143,70,355015,7010,747,0321,4,10,192,1,1,70253010,1
6144,70,352520,7010,747,0312,4,10,192,1,1,70392510,1
6145,70,355015,7010,747,0321,4,10,192,1,1,70253010,1
6147,70,355010,7010,747,0321,4,10,192,1,1,70253210,1
6148,70,354515,7010,747,0318,4,10,192,1,1,70253015,1
6150,70,402510,7010,747,0413,4,10,192,1,1,70391510,1
6158,70,352520,7010,747,0312,4,10,192,1,1,70392510,2
6160,70,355015,7010,747,0321,4,10,192,1,1,70253010,2
6181,70,202010,9510,741,0111,4,10,156,1,1,70203020,1
6182,70,251010,9510,741,0220,4,10,156,1,1,70251010,1
6183,70,301010,9510,741,0210,4,10,156,1,1,70251010,1
6184,70,351010,9510,741,0300,4,10,156,1,1,70391010,1
6185,70,451010,9510,741,0500,4,10,156,1,1,70351010,1
6200,70,602515,7010,747,0818,4,10,192,1,1,70804010,2
6201,60,581510,5010,645,0731,4,10,156,1,1,60301510,1
6202,70,581510,7010,747,0731,4,10,192,1,1,70301510,1
6203,60,581510,5010,645,0731,4,10,156,1,1,60301510,1
6204,70,581510,7010,747,0731,4,10,192,1,1,70301510,1
6205,60,302010,5010,645,0212,4,10,156,1,1,60305010,1
6206,70,302010,7010,747,0212,4,10,192,1,1,70305010,1
6230,70,601530,7010,747,0811,4,10,192,1,1,70802010,1
6231,70,602510,7010,747,0818,4,10,192,1,1,70802015,2
6233,70,555015,7010,747,0721,4,10,192,1,1,70752515,2
6235,70,453015,7010,747,0518,4,10,192,1,1,70752510,1
6237,70,602035,7010,747,0812,4,10,192,1,1,70804510,1
6239,70,581525,7010,747,0731,4,10,192,1,1,70804510,2
6241,70,603015,7010,747,0821,4,10,192,1,1,70803510,2
6242,60,573020,5020,645,0715,4,10,156,1,1,60595010,1
6243,70,553520,7020,747,0714,4,10,192,1,1,70593010,2
6244,70,555090,7020,747,0728,4,10,192,1,1,70597010,2
6245,70,554015,7020,747,0718,4,10,192,1,1,70599515,2
6246,70,554510,7020,747,0719,4,10,192,1,1,70592010,2
6247,70,555090,7020,747,0728,4,10,192,1,1,70597010,2
6248,70,554510,7020,747,0719,4,10,192,1,1,70592010,2
6260,70,501095,7010,747,0618,4,10,192,1,1,70356040,1
6261,70,501015,7010,747,0612,4,10,192,1,1,70356015,1
6262,70,501095,7010,747,0618,4,10,192,1,1,70253710,1
6263,70,501095,7010,747,0618,4,10,192,1,1,70356040,2
6264,70,501095,7010,747,0618,4,10,192,1,1,70356020,1
6265,70,501090,7010,747,0618,4,10,192,1,1,70356015,2
6266,70,501095,7010,747,0618,4,10,192,1,1,70356040,2
6267,70,652010,7010,747,0912,4,10,192,1,1,70359520,1
6268,70,501095,7010,747,0618,4,10,192,1,1,70356020,1
6269,70,554015,7020,747,0718,4,10,192,1,1,70593010,2
6270,70,554015,7010,747,0718,4,10,192,1,1,70593010,2
6285,70,501090,7020,747,0618,4,10,192,1,1,70593010,1
6296,70,654525,9510,741,0915,4,10,156,1,1,70254210,1
6297,70,251010,9510,741,0220,4,10,156,1,1,70251010,1
6298,60,654525,9510,641,0915,4,10,156,1,1,60254210,1
6299,60,251010,9510,641,0220,4,10,156,1,1,60251010,1
6300,70,254010,7010,746,0222,4,10,156,1,1,70251210,1
6301,70,451010,7010,747,0500,4,10,192,1,1,70359520,2
6302,70,257810,7010,746,0232,4,10,156,1,1,70255210,1
6303,70,309015,7010,746,0215,4,10,156,1,1,70252620,1
6304,70,255210,7010,746,0231,4,10,156,1,1,70256510,2
6305,70,256430,7010,746,0231,4,10,156,1,1,70259510,1
6306,70,353510,7010,746,0314,4,10,156,1,1,70392010,1
6307,70,353515,7010,746,0314,4,10,156,1,1,70251710,1
6308,70,254510,7010,746,0223,4,10,156,1,1,70252010,1
6309,70,354030,7010,746,0314,4,10,156,1,1,70252615,1
6310,70,256410,7010,746,0231,4,10,156,1,1,70257510,1
6311,70,353515,7010,746,0314,4,10,156,1,1,70251710,1
6312,70,255420,7010,746,0231,4,10,156,1,1,70255710,1
6313,70,251515,7010,747,0221,4,10,192,1,1,70254510,1
6314,70,252010,7010,746,0222,4,10,156,1,1,70252210,1
6315,70,501095,7010,746,0618,4,10,156,1,1,70356020,1
6316,70,252015,7010,746,0222,4,10,156,1,1,70252510,1
6317,70,256420,7010,746,0231,4,10,156,1,1,70257515,1
6318,70,256210,7010,746,0231,4,10,156,1,1,70257010,1
6319,70,256010,7010,746,0231,4,10,156,1,1,70255525,1
6320,70,255425,7010,746,0231,4,10,156,1,1,70255715,1
6321,70,256020,7010,747,0231,4,10,192,1,1,70255510,2
6322,70,254015,7010,746,0222,4,10,156,1,1,70251215,1
6323,70,256610,7010,746,0231,4,10,156,1,1,70257025,1
6324,70,303010,7010,746,0213,4,10,156,1,1,70252610,1
6325,70,258210,7010,746,0232,4,10,156,1,1,70255010,1
6326,70,252025,7010,746,0222,4,10,156,1,1,70252710,1
6327,70,258010,7010,746,0232,4,10,156,1,1,70252710,1
6328,70,254020,7010,746,0222,4,10,156,1,1,70251220,1
6329,70,304015,7010,746,0215,4,10,156,1,1,70306540,1
6330,70,255220,7010,746,0231,4,10,156,1,1,70256515,1
6331,70,255640,7010,746,0231,4,10,156,1,1,70256015,1
6332,70,254030,7010,746,0222,4,10,156,1,1,70251510,1
6334,70,255415,7010,746,0231,4,10,156,1,1,70255720,1
6335,70,202010,7010,746,0111,4,10,156,1,1,70203020,1
6336,70,251515,7010,746,0221,4,10,156,1,1,70254510,1
6337,70,251515,7010,746,0221,4,10,156,1,1,70254510,1
6338,70,255430,7010,746,0231,4,10,156,1,1,70255725,1
6340,70,256020,7010,746,0231,4,10,156,1,1,70255510,1
6342,70,255645,7010,746,0231,4,10,156,1,1,70256010,1
6343,70,255410,7010,746,0231,4,10,156,1,1,70255730,1
6344,70,309010,7010,746,0215,4,10,156,1,1,70252620,1
6346,70,255215,7010,746,0231,4,10,156,1,1,70256520,1
6347,70,256415,7010,746,0231,4,10,156,1,1,70257525,1
6348,70,256245,7010,746,0231,4,10,156,1,1,70256310,1
6349,70,202020,7010,746,0111,4,10,156,1,1,70203010,1
6350,70,251010,8590,741,0220,4,10,156,1,1,70251010,1
6351,70,252010,9510,741,0222,4,10,156,1,1,70252210,1
6352,70,251010,7510,747,0220,4,10,156,1,1,70253510,1
6353,70,355020,7010,746,0321,4,10,156,1,1,70253215,1
6354,60,302010,5010,645,0212,4,10,156,1,1,60305010,1
6359,70,302010,7010,747,0212,4,10,192,1,1,70305010,1
6375,70,251010,9510,741,0220,4,10,180,1,1,70251010,1
6380,70,251010,9510,741,0220,4,10,180,1,1,70251010,1
6381,70,351010,9510,741,0300,4,10,180,1,1,70391010,1
6382,70,451010,9510,741,0500,4,10,180,1,1,70351010,1
6383,70,202010,9510,741,0111,4,10,180,1,1,70203020,1
6384,70,301010,9510,741,0210,4,10,180,1,1,70252625,1
6393,70,202010,9510,741,0111,4,10,180,1,1,70203020,1
6394,70,301010,9510,741,0210,4,10,180,1,1,70252625,1
6395,70,551510,9510,741,0710,4,10,180,1,1,70591010,1
6396,70,451010,9510,741,0500,4,10,180,1,1,70351010,1
6398,70,351010,9510,741,0300,4,10,180,1,1,70391010,1
6399,70,251010,9510,741,0220,4,10,180,1,1,70251010,1
6400,70,202020,7010,747,0111,4,10,192,1,1,70203010,1
6401,70,353510,7010,747,0314,4,10,192,1,1,70259525,2
6402,70,355015,7010,747,0321,4,10,192,1,1,70253010,1
6405,70,309015,7010,747,0215,4,10,192,1,1,70252620,1
6406,70,255210,7010,747,0231,4,10,192,1,1,70256510,1
6407,70,256430,7010,747,0231,4,10,198,1,1,70259510,1
6408,70,353510,7010,747,0314,4,10,192,1,1,70392010,1
6409,70,353515,7010,747,0314,4,10,192,1,1,70251710,1
6410,70,354030,7010,747,0314,4,10,192,1,1,70252615,1
6411,70,254510,7010,747,0223,4,10,192,1,1,70252010,1
6412,70,256410,7010,747,0231,4,10,198,1,1,70257510,1
6413,70,254025,7010,747,0222,4,10,192,1,1,70251230,2
6414,70,353515,7010,747,0314,4,10,192,1,1,70251710,1
6415,70,254010,7010,747,0222,4,10,192,1,1,70251210,1
6416,70,255420,7010,747,0231,4,10,192,1,1,70255710,1
6417,70,252010,7010,747,0222,4,10,192,1,1,70252210,1
6418,70,501095,7010,747,0618,4,10,192,1,1,70356020,1
6419,70,252015,7010,747,0222,4,10,192,1,1,70252510,1
6420,70,256420,7010,747,0231,4,10,192,1,1,70257515,1
6421,70,256210,7010,747,0231,4,10,204,1,1,70257010,1
6422,70,255425,7010,747,0231,4,10,198,1,1,70255715,1
6423,70,256010,7010,747,0231,4,10,198,1,1,70255525,1
6424,70,354035,7010,747,0314,4,10,192,1,1,70394525,1
6425,70,254015,7010,747,0222,4,10,204,1,1,70251215,1
6426,70,256610,7010,747,0231,4,10,204,1,1,70257025,1
6428,70,303010,7010,747,0213,4,10,192,1,1,70252610,1
6429,70,252025,7010,747,0222,4,10,192,1,1,70252710,1
6430,70,258010,7010,747,0232,4,10,192,1,1,70252710,1
6431,70,254020,7010,747,0222,4,10,192,1,1,70251220,1
6432,70,251010,7010,747,0215,4,10,192,1,1,70259525,1
6433,70,255220,7010,747,0231,4,10,198,1,1,70256515,1
6434,70,257810,7010,747,0232,4,10,192,1,1,70255210,1
6435,70,257815,7010,747,0232,4,10,192,1,1,70255210,1
6436,70,254030,7010,747,0222,4,10,192,1,1,70251510,1
6437,70,255415,7010,747,0231,4,10,198,1,1,70255720,1
6438,70,202010,7010,747,0111,4,10,192,1,1,70203020,1
6439,70,251515,7010,747,0221,4,10,192,1,1,70254510,1
6440,70,251515,7010,747,0221,4,10,192,1,1,70254510,1
6441,70,256020,7010,747,0231,4,10,198,1,1,70255510,1
6442,70,255645,7010,747,0231,4,10,198,1,1,70256010,1
6443,70,255410,7010,747,0231,4,10,192,1,1,70255730,1
6444,70,258210,7010,747,0232,4,10,192,1,1,70255010,1
6445,70,309010,7010,747,0215,4,10,192,1,1,70252620,1
6446,70,255215,7010,747,0231,4,10,192,1,1,70256520,1
6447,70,256415,7010,747,0231,4,10,198,1,1,70257525,1
6448,70,256245,7010,747,0231,4,10,204,1,1,70256310,1
6449,70,255010,7010,747,0228,4,10,192,1,1,70259515,1
6450,70,255010,7010,747,0228,4,10,192,1,1,70252610,1
6451,70,258415,7010,747,0238,4,10,192,1,1,70258920,1
6452,70,354525,7010,747,0318,4,10,192,1,1,70253710,1
6453,70,355020,7010,747,0321,4,10,192,1,1,70253215,1
6454,70,258415,7010,746,0238,4,10,156,1,1,70258920,1
6455,70,703015,7010,747,1015,4,10,192,1,1,70391510,2
6456,70,255010,7010,746,0228,4,10,156,1,1,70252610,1
6457,70,352520,7010,747,0312,4,10,192,1,1,70257530,2
6458,70,409030,7010,747,0418,4,10,192,1,1,70259520,2
6459,70,355520,7010,747,0322,4,10,192,1,1,70253510,2
6460,70,255015,7010,747,0228,4,10,192,1,1,70251010,1
6461,70,254005,7010,747,0222,4,10,192,1,1,70251215,1
6463,60,351010,5010,645,0300,4,10,156,1,1,60391010,1
6464,70,703015,7510,747,1015,4,10,192,1,1,70391510,2
6465,70,255410,7010,747,0231,4,10,192,1,1,70255730,1
6466,70,255410,7010,747,0231,4,10,192,1,1,70255730,1
6467,70,255410,7010,747,0231,4,10,192,1,1,70255730,1
6468,70,352520,7010,747,0312,4,10,192,1,1,70257530,1
6469,70,552510,7020,747,0712,4,10,192,1,1,70595510,2
6470,70,405010,7010,747,0421,4,10,192,1,1,70396010,1
6471,70,401010,7010,747,0410,4,10,192,1,1,70396010,1
6490,70,202010,9510,741,0111,4,10,156,1,1,70203020,1
6491,70,251010,9510,741,0220,4,10,156,1,1,70251010,1
6492,70,301010,9510,741,0210,4,10,156,1,1,70251010,1
6493,70,351010,9510,741,0300,4,10,156,1,1,70391010,1
6494,70,451010,9510,741,0500,4,10,156,1,1,70351010,1
6495,60,451010,5010,645,0500,4,10,156,1,1,60351010,1
6496,60,551010,5010,645,0700,4,10,156,1,1,60591010,1
6497,60,651010,5010,645,0900,4,10,156,1,1,60901010,1
6500,60,202020,5010,645,0111,4,10,156,1,1,60203010,1
6502,60,254030,5010,645,0222,4,10,156,1,1,60251225,1
6504,60,258210,5010,645,0232,4,10,156,1,1,60255010,1
6505,60,254030,5010,645,0222,4,10,156,1,1,60257110,1
6506,60,354030,5010,645,0314,4,10,156,1,1,60252615,1
6507,60,354525,5010,645,0318,4,10,156,1,1,60253015,1
6508,60,354525,5010,645,0318,4,10,156,1,1,60253015,1
6510,60,309015,5010,645,0215,4,10,156,1,1,60252620,1
6512,60,255210,5010,645,0231,4,10,156,1,1,60256510,1
6513,70,254510,7010,747,0223,4,10,192,1,1,70252010,1
6514,70,254510,7010,747,0223,4,10,192,1,1,70252010,2
6516,60,353510,5010,645,0314,4,10,156,1,1,60392010,1
6518,60,353515,5010,645,0314,4,10,156,1,1,60251710,1
6520,60,354030,5010,645,0314,4,10,156,1,1,60252615,1
6522,60,254510,5010,645,0223,4,10,156,1,1,60252010,1
6524,60,256410,5010,645,0231,4,10,156,1,1,60257510,1
6526,60,353515,5010,645,0314,4,10,156,1,1,60251710,1
6528,60,254010,5010,645,0222,4,10,156,1,1,60251210,1
6530,60,255420,5010,645,0231,4,10,156,1,1,60255710,1
6532,60,355510,5010,645,0322,4,10,156,1,1,60253510,1
6534,60,252010,5010,645,0222,4,10,156,1,1,60252210,1
6536,60,355015,5010,645,0321,4,10,156,1,1,60253010,1
6538,60,354525,5010,645,0318,4,10,156,1,1,60253010,1
6540,60,252015,5010,645,0222,4,10,156,1,1,60252510,1
6542,60,256420,5010,645,0231,4,10,156,1,1,60257515,1
6544,60,256210,5010,645,0231,4,10,156,1,1,60257010,1
6546,60,355015,5010,645,0321,4,10,156,1,1,60253510,1
6548,60,256215,5010,645,0231,4,10,156,1,1,60256215,1
6550,60,255425,5010,645,0231,4,10,156,1,1,60255715,1
6552,60,256010,5010,645,0231,4,10,156,1,1,60255525,1
6554,60,256430,5010,645,0231,4,10,156,1,1,60259510,1
6555,60,256235,5010,645,0231,4,10,156,1,1,60256220,1
6556,60,254015,5010,645,0222,4,10,156,1,1,60251215,1
6558,60,255430,5010,645,0231,4,10,156,1,1,60255725,1
6559,60,256220,5010,645,0231,4,10,156,1,1,60256315,1
6560,60,256610,5010,645,0231,4,10,156,1,1,60257025,1
6561,60,256225,5010,645,0231,4,10,156,1,1,60256320,1
6562,60,354030,5010,645,0314,4,10,156,1,1,60252615,1
6564,60,256230,5010,645,0231,4,10,156,1,1,60256325,1
6566,60,256240,5010,645,0231,4,10,156,1,1,60256330,1
6568,60,254510,5010,645,0223,4,10,156,1,1,60252010,1
6570,60,251010,5010,645,0220,4,10,156,1,1,60251010,1
6572,70,201010,7010,747,0111,4,10,192,1,1,70394525,1
6574,60,256435,5010,645,0231,4,10,156,1,1,60257520,1
6576,60,258410,5010,645,0238,4,10,156,1,1,60258510,1
6578,60,303010,5010,645,0213,4,10,156,1,1,60252610,1
6580,60,252025,5010,645,0222,4,10,156,1,1,60252710,1
6582,60,258010,5010,645,0232,4,10,156,1,1,60252710,1
6584,60,254020,5010,645,0222,4,10,156,1,1,60251220,1
6586,60,251010,5010,645,0215,4,10,156,1,1,60259525,1
6588,60,255220,5010,645,0231,4,10,156,1,1,60256515,1
6590,60,257810,5010,645,0232,4,10,156,1,1,60255210,1
6592,60,257815,5010,645,0232,4,10,156,1,1,60255210,1
6594,60,254030,5010,645,0222,4,10,156,1,1,60257110,1
6596,60,255610,5010,645,0231,4,10,156,1,1,60256010,1
6598,60,254030,5010,645,0222,4,10,156,1,1,60251510,1
6599,70,553520,7020,747,0714,4,10,192,1,1,70596510,2
6600,60,256020,5010,645,0231,4,10,156,1,1,60255515,1
6602,60,256020,5010,645,0231,4,10,156,1,1,60255520,1
6604,60,255415,5010,645,0231,4,10,156,1,1,60255720,1
6606,60,202010,5010,645,0111,4,10,156,1,1,60203020,1
6608,60,201010,5010,645,0111,4,10,156,1,1,60394525,1
6610,60,256020,5010,645,0231,4,10,156,1,1,60255525,1
6612,60,251515,5010,645,0221,4,10,156,1,1,60254510,1
6614,60,256020,5010,645,0231,4,10,156,1,1,60255530,1
6616,60,256020,5010,645,0231,4,10,156,1,1,60255510,1
6617,60,255210,5010,645,0231,4,10,156,1,1,60256510,1
6618,60,255210,5010,645,0231,4,10,156,1,1,60256510,2
6620,60,255645,5010,645,0231,4,10,156,1,1,60256010,1
6622,60,256020,5010,645,0231,4,10,156,1,1,60255510,1
6624,60,553025,5520,655,0713,4,10,156,1,1,50582010,1
6626,60,552015,5520,655,0711,4,10,156,1,1,50584510,1
6628,60,573020,5520,655,0715,4,10,156,1,1,50583015,1
6630,60,573020,5520,655,0715,4,10,156,1,1,50582020,1
6632,60,255410,5010,645,0231,4,10,156,1,1,60255730,1
6633,70,252010,7010,747,0222,4,10,192,1,1,70252210,1
6634,70,252010,7010,747,0222,4,10,192,1,1,70252210,2
6640,60,309010,5010,645,0215,4,10,156,1,1,60252620,1
6642,60,255215,5010,645,0231,4,10,156,1,1,60256520,1
6644,60,256415,5010,645,0231,4,10,156,1,1,60257525,1
6646,60,256245,5010,645,0231,4,10,156,1,1,60256310,1
6648,60,501090,5520,655,0618,4,10,156,1,1,50582010,1
6650,60,256245,5010,645,0231,4,10,156,1,1,60256210,1
6652,60,255410,5010,645,0231,4,10,156,1,1,60255730,1
6654,60,581510,5520,655,0731,4,10,156,1,1,50581515,1
6656,60,554015,5520,655,0718,4,10,156,1,1,50589530,1
6658,60,554010,5520,655,0718,4,10,156,1,1,50584010,1
6660,60,553520,5020,645,0714,4,10,156,1,1,60593010,1
6662,60,552015,5020,645,0711,4,10,156,1,1,60591520,1
6663,60,452515,5020,645,0512,4,10,156,1,1,60591510,1
6664,70,581510,7010,747,0731,4,10,192,1,1,70301510,1
6665,60,355010,5010,645,0321,4,10,156,1,1,60253210,1
6666,60,355020,5010,645,0321,4,10,156,1,1,60253215,1
6668,60,409015,5010,645,0418,4,10,156,1,1,60396510,1
6670,60,251515,5010,645,0221,4,10,156,1,1,60254510,1
6672,60,355015,5010,645,0321,4,10,156,1,1,60253510,1
6678,60,581510,5010,645,0731,4,10,156,1,1,60301510,1
6679,60,309520,5010,645,0218,4,10,156,1,1,60259525,1
6680,60,309520,5010,645,0218,4,10,156,1,1,60259525,1
6681,60,554015,5010,645,0718,4,10,156,1,1,60254010,2
6682,60,554015,5010,645,0718,4,10,156,1,1,60254010,1
6690,60,581510,5010,645,0731,4,10,156,1,1,60301510,1
6700,70,703015,7010,747,1015,4,10,192,1,1,70254010,1
6702,70,201015,7010,747,0111,4,10,192,1,1,70203020,1
6703,70,255645,7010,747,0231,4,10,192,1,1,70256010,1
6714,70,255210,7010,747,0231,4,10,192,1,1,70256510,1
6716,70,353510,7010,747,0314,4,10,192,1,1,70392010,1
6718,70,353510,7010,747,0314,4,10,192,1,1,70259520,2
6721,70,354030,7010,747,0314,4,10,192,1,1,70252615,1
6726,70,354030,7010,747,0314,4,10,192,1,1,70252615,1
6728,70,452515,7020,747,0512,4,10,192,1,1,70591510,2
6732,70,255010,7010,747,0228,4,10,192,1,1,70252610,1
6736,70,552510,7020,747,0712,4,10,192,1,1,70595510,2
6740,70,354525,7010,747,0318,4,10,192,1,1,70259525,2
6742,70,354525,7010,747,0318,4,10,192,1,1,70253010,1
6744,70,354525,7010,747,0318,4,10,192,1,1,70253010,2
6746,70,256215,7010,747,0231,4,10,204,1,1,70256215,1
6748,70,554015,7020,747,0718,4,10,192,1,1,70593010,2
6758,70,254510,7010,747,0223,4,10,192,1,1,70252010,1
6760,70,255015,7010,747,0228,4,10,192,1,1,70251010,1
6763,70,256610,7010,747,0231,4,10,204,1,1,70257025,1
6765,70,256610,7010,747,0231,4,10,204,1,1,70257025,1
6766,70,256610,7010,747,0231,4,10,204,1,1,70257025,1
6769,70,256610,7010,747,0231,4,10,204,1,1,70257025,1
6771,70,256610,7010,747,0231,4,10,204,1,1,70257025,1
6775,70,256610,7010,747,0231,4,10,204,1,1,70257025,1
6777,70,251515,7010,747,0221,4,10,192,1,1,70254510,1
6783,70,258010,7010,747,0232,4,10,192,1,1,70252710,1
6797,70,255645,7010,747,0231,4,10,198,1,1,70256010,1
6800,70,256245,7010,747,0231,4,10,192,1,1,70256210,1
6801,70,254030,7010,747,0222,4,10,192,1,1,70251225,1
6802,70,254030,7010,747,0222,4,10,192,1,1,70257110,1
6803,70,254030,7010,747,0222,4,10,192,1,1,70257110,1
6804,70,309520,7010,747,0218,4,10,192,1,1,70259525,1
6806,70,655520,7010,747,0918,4,10,192,1,1,70259525,1
6810,60,656520,5510,655,0922,4,10,156,1,1,50202515,1
6813,70,251515,7010,747,0221,4,10,192,1,1,70254510,1
6814,70,251515,7010,747,0221,4,10,192,1,1,70254510,1
6815,70,251515,7010,747,0221,4,10,192,1,1,70254510,1
6816,70,256020,7010,747,0231,4,10,198,1,1,70255510,1
6817,70,256020,7010,747,0231,4,10,198,1,1,70255515,1
6818,70,256020,7010,747,0231,4,10,198,1,1,70255525,1
6819,70,256020,7010,747,0231,4,10,198,1,1,70255520,1
6820,70,256020,7010,747,0231,4,10,198,1,1,70255530,1
6822,70,251515,7010,747,0221,4,10,192,1,1,70254510,1
6823,70,255645,7010,747,0231,4,10,198,1,1,70256010,1
6825,70,255645,7010,747,0231,4,10,198,1,1,70256010,1
6829,70,255625,7010,747,0231,4,10,198,1,1,70256035,1
6839,70,256435,7010,747,0231,4,10,201,1,1,70257520,1
6847,70,256220,7010,747,0231,4,10,204,1,1,70256315,1
6849,70,256225,7010,747,0231,4,10,204,1,1,70256320,1
6850,70,256245,7010,747,0231,4,10,204,1,1,70256310,1
6853,70,256230,7010,747,0231,4,10,204,1,1,70256325,1
6855,70,256235,7010,747,0231,4,10,204,1,1,70256220,1
6857,70,256240,7010,747,0231,4,10,192,1,1,70256330,1
6861,70,255015,7010,747,0228,4,10,192,1,1,70259520,1
6862,70,302030,7010,747,0212,4,10,192,1,1,70391510,1
6865,70,355010,7010,747,0321,4,10,192,1,1,70253210,1
6870,70,355010,7010,747,0321,4,10,192,1,1,70253210,1
6873,70,251515,7010,747,0221,4,10,192,1,1,70254510,2
6880,70,201015,7010,747,0111,4,10,192,1,1,70203020,1
6881,70,201015,7010,747,0111,4,10,192,1,1,70203020,2
6882,70,201015,7010,747,0111,4,10,192,1,1,70203020,1
6890,70,581510,7010,747,0731,4,10,192,1,1,70301510,1
6900,70,409030,7010,747,0418,4,10,192,1,1,70395510,1
6901,70,354025,7010,747,0314,4,10,192,1,1,70394520,1
6906,70,501095,7010,747,0618,4,10,192,1,1,70396010,2
6930,70,402510,7010,747,0413,4,10,192,1,1,70391510,1
6941,70,258415,7010,747,0238,4,10,192,1,1,70258920,1
6942,70,402510,7010,747,0413,4,10,192,1,1,70391510,1
6987,70,501095,7010,747,0618,4,10,192,1,1,70903510,1
6990,70,251010,7010,747,0220,4,10,192,1,1,70251010,1
6991,70,351010,7010,747,0300,4,10,192,1,1,70391010,1
6992,70,652520,7010,747,0913,4,10,192,1,1,70901010,1
6993,70,451010,7010,747,0500,4,10,192,1,1,70351010,1
7004,70,451010,7010,747,0500,4,10,192,1,1,70359520,1
7012,70,354015,7010,746,0314,4,10,156,1,1,70393515,1
7020,70,458515,7010,746,0542,4,10,156,1,1,70355020,1
7030,80,458515,8010,844,0542,15,10,216,1,1,80355020,1
7040,70,352010,7010,746,0312,4,10,156,1,1,70393510,1
7045,70,351510,7010,747,0312,4,10,192,1,1,70395010,1
7050,80,352010,8010,844,0312,15,10,216,1,1,80393510,1
7060,70,351510,7010,746,0311,4,10,156,1,1,70395010,1
7061,60,354520,5010,645,0318,4,10,156,1,1,60393515,1
7062,60,351510,5010,645,0311,4,10,156,1,1,60395010,1
7063,70,351010,7010,747,0300,4,10,192,1,1,70394525,1
7065,70,351510,7010,747,0311,4,10,192,1,1,70395010,1
7070,80,351510,8010,844,0311,15,10,216,1,1,80395010,1
7079,70,354525,7010,747,0318,4,10,192,1,1,70392510,1
7080,70,405010,7010,746,0421,4,10,156,1,1,70393010,1
7081,60,405010,5010,645,0421,4,10,156,1,1,60393010,1
7085,70,405010,7010,747,0421,4,10,192,1,1,70393010,1
7086,70,405010,7010,747,0421,4,10,192,1,1,70393010,1
7090,80,405010,8010,844,0421,15,10,216,1,1,80393010,1
7100,60,352530,5010,645,0312,4,10,156,1,1,60393515,1
7101,70,352010,7010,747,0312,4,10,192,1,1,70393510,1
7102,70,351010,7010,746,0300,4,10,156,1,1,70391010,1
7103,60,352010,5010,645,0312,4,10,156,1,1,60393510,1
7104,60,351010,5010,645,0300,4,10,156,1,1,60391010,1
7107,70,352525,7010,747,0312,4,10,192,1,1,70392510,2
7108,60,351010,5010,645,0300,4,10,156,1,1,60391010,1
7109,60,352010,5010,645,0312,4,10,156,1,1,60393510,1
7111,70,352530,7010,747,0312,4,10,192,1,1,70393515,2
7112,70,352010,7010,747,0312,4,10,192,1,1,70393510,1
7114,70,351010,7010,747,0300,4,10,192,1,1,70391010,1
7115,70,352530,7010,746,0312,4,10,156,1,1,70391510,1
7116,70,351010,7010,747,0300,4,10,192,1,1,70391010,1
7120,80,352010,8010,844,0312,15,10,216,1,1,80393510,1
7130,70,354010,7010,746,0314,4,10,156,1,1,70394510,1
7131,60,354010,5010,645,0314,4,10,156,1,1,60394510,1
7132,60,354010,5010,645,0314,4,10,156,1,1,60394510,1
7133,70,354010,7010,747,0314,4,10,192,1,1,70394515,2
7134,60,354015,5010,645,0314,4,10,156,1,1,60393515,1
7135,70,354010,7010,747,0314,4,10,192,1,1,70394510,1
7136,70,354010,7010,747,0314,4,10,192,1,1,70391510,1
7137,60,402510,5010,645,0413,4,10,156,1,1,60391510,1
7138,70,652525,7010,747,0913,4,10,192,1,1,70909520,1
7139,70,652525,7010,747,0913,4,10,192,1,1,70904510,1
7140,80,354010,8010,844,0314,15,10,216,1,1,80394510,1
7142,70,652510,7010,747,0913,4,10,192,1,1,70904010,1
7143,70,409030,7010,747,0418,4,10,192,1,1,70391510,2
7144,70,654515,7010,747,0915,4,10,192,1,1,70901510,1
7145,70,354025,7010,747,0314,4,10,192,1,1,70394520,1
7146,70,354025,7010,747,0314,4,10,192,1,1,70394520,2
7147,70,354035,7010,747,0314,4,10,192,1,1,70394525,1
7148,70,654515,7010,747,0915,4,10,192,1,1,70902010,1
7149,60,351510,5010,645,0311,4,10,156,1,1,60395010,1
7150,70,353010,7010,746,0313,4,10,156,1,1,70394010,1
7152,60,353010,5010,645,0313,4,10,156,1,1,60394010,1
7153,60,353010,5010,645,0313,4,10,156,1,1,60394010,1
7154,70,353010,7010,747,0313,4,10,192,1,1,70394010,1
7155,70,353010,7010,747,0313,4,10,192,1,1,70394010,1
7160,80,353010,8010,844,0313,15,10,216,1,1,80394010,1
7169,70,354525,7010,747,0318,4,10,192,1,1,70394525,2
7170,70,652010,7010,746,0912,4,10,156,1,1,70905010,1
7171,70,652010,7010,747,0912,4,10,192,1,1,70905010,1
7172,60,652010,5010,645,0912,4,10,156,1,1,60905010,1
7173,70,354020,7010,747,0314,4,10,192,1,1,70394520,1
7174,70,452015,7010,747,0512,4,10,192,1,1,70352010,2
7175,70,453025,7010,747,0518,4,10,192,1,1,70909525,2
7176,70,452015,7010,747,0512,4,10,192,1,1,70352010,1
7180,80,652010,8010,844,0912,15,10,216,1,1,80905010,1
7181,70,652520,7010,747,0913,4,10,192,1,1,70903010,2
7183,70,654515,7010,747,0915,4,10,192,1,1,70902010,1
7184,60,501095,5010,645,0618,4,10,156,1,1,60903510,1
7185,70,655510,7010,747,0918,4,10,192,1,1,70903010,1
7186,60,655510,5010,645,0918,4,10,156,1,1,60903010,1
7187,70,652525,7010,747,0913,4,10,192,1,1,70909525,1
7188,70,554010,7010,747,0718,4,10,192,1,1,70359520,1
7189,70,652525,7010,747,0913,4,10,192,1,1,70904510,1
7190,80,254510,8010,844,0223,15,10,216,1,1,80252010,1
7195,70,554010,7010,747,0718,4,10,192,1,1,70909525,1
7200,80,355015,8010,844,0321,15,10,216,1,1,80253010,1
7201,60,604015,5010,645,0841,4,10,156,1,1,60803010,1
7202,70,604015,7010,747,0841,4,10,192,1,1,70803010,1
7205,70,351010,7010,747,0300,4,10,192,1,1,70391010,1
7207,70,352510,7010,747,0312,4,10,192,1,1,70392515,1
7215,60,651520,5010,645,0911,4,10,156,1,1,60905510,1
7220,70,651520,7010,747,0911,4,10,192,1,1,70905510,1
7230,70,251510,7010,746,0221,4,10,156,1,1,70259710,1
7231,60,251510,5010,645,0221,4,10,156,1,1,60259710,1
7232,70,251510,7010,747,0221,4,10,204,1,1,70259710,1
7235,80,251510,8010,844,0221,15,10,216,1,1,80259710,1
7314,70,655510,7010,747,0918,4,10,192,1,1,70903010,2
7320,70,353510,7010,746,0314,4,10,156,1,1,70392010,1
7321,70,352525,7010,747,0312,4,10,192,1,1,70392510,2
7322,60,354010,5010,645,0314,4,10,156,1,1,60394525,2
7324,60,654535,5010,645,0919,4,10,156,1,1,60909510,1
7325,60,353510,5010,645,0314,4,10,156,1,1,60392010,1
7335,80,353510,8010,844,0314,15,10,216,1,1,80392010,1
7336,70,353510,7010,747,0314,4,10,192,1,1,70392010,1
7360,70,354010,7010,746,0314,4,10,156,1,1,70394515,1
7362,70,354010,7010,746,0314,4,10,204,1,1,70394515,1
7365,80,354010,8010,844,0314,15,10,216,1,1,80394515,1
7392,70,501025,7010,747,0618,4,10,192,1,1,70356010,2
7393,60,453015,5010,645,0518,4,10,156,1,1,60351010,2
7394,70,353510,7010,747,0314,4,10,192,1,1,70392010,1
7404,60,258210,5010,645,0232,4,10,156,1,1,60255010,1
7405,60,352010,5010,645,0312,4,10,156,1,1,60393510,1
7406,60,303010,5010,645,0213,4,10,156,1,1,60252610,1
7407,60,501025,5010,645,0618,4,10,156,1,1,60356010,1
7408,60,202020,5010,645,0111,4,10,156,1,1,60203010,1
7409,60,255210,5010,645,0231,4,10,156,1,1,60256510,1
7410,60,353510,5010,645,0314,4,10,156,1,1,60392010,1
7411,60,254510,5010,645,0223,4,10,156,1,1,60252010,1
7412,60,255420,5010,645,0231,4,10,156,1,1,60255710,1
7413,60,252010,5010,645,0222,4,10,156,1,1,60252210,1
7414,60,254015,5010,645,0222,4,10,156,1,1,60251215,1
7415,60,453010,5010,645,0518,4,10,156,1,1,60902510,1
7416,60,256220,5010,645,0231,4,10,156,1,1,60256315,1
7417,60,256225,5010,645,0231,4,10,156,1,1,60256320,1
7418,60,258010,5010,645,0232,4,10,156,1,1,60252710,1
7419,60,251010,5010,645,0215,4,10,156,1,1,60259525,1
7420,60,453010,5010,645,0518,4,10,156,1,1,60902510,1
7421,60,257810,5010,645,0232,4,10,156,1,1,60255210,1
7422,60,255215,5010,645,0231,4,10,156,1,1,60256520,1
7424,70,454015,7010,747,0531,1,10,192,1,1,70352210,1
7425,70,453010,7010,747,0518,4,10,192,1,1,70902510,1
7427,70,454015,7010,747,0531,4,10,192,1,1,70352210,1
7428,60,256245,5010,645,0231,4,10,156,1,1,60256210,1
7429,60,251515,5010,645,0221,4,10,156,1,1,60254510,1
7430,70,453010,7010,747,0518,4,10,192,1,1,70902510,1
7431,60,351510,5010,645,0311,4,10,156,1,1,60395010,1
7432,60,405010,5010,645,0421,4,10,156,1,1,60393010,1
7433,60,351010,5010,645,0300,4,10,156,1,1,60391010,1
7434,60,354010,5010,645,0314,4,10,156,1,1,60394510,1
7435,60,353010,5010,645,0313,4,10,156,1,1,60394010,1
7436,60,652010,5010,645,0912,4,10,156,1,1,60905010,1
7437,60,655510,5010,645,0918,4,10,156,1,1,60903010,1
7439,60,651520,5010,645,0911,4,10,156,1,1,60905510,1
7440,60,251510,5010,645,0221,4,10,156,1,1,60259710,1
7441,60,453010,5010,645,0518,4,10,156,1,1,60902510,1
7442,60,454015,5010,645,0531,4,10,156,1,1,60352210,1
7443,60,459010,5010,645,0548,4,10,156,1,1,60355015,1
7444,60,454010,5010,645,0531,4,10,156,1,1,60354710,1
7445,60,457010,5010,645,0533,4,10,156,1,1,60353015,1
7446,60,457510,5010,645,0541,4,10,156,1,1,60355010,1
7447,60,451510,5010,645,0511,4,10,156,1,1,60351710,1
7448,60,455510,5010,645,0532,4,10,156,1,1,60354010,1
7449,60,452015,5010,645,0512,4,10,156,1,1,60352015,1
7450,60,455010,5010,645,0532,4,10,156,1,1,60353710,1
7451,60,655515,5010,645,0918,4,10,156,1,1,60354510,1
7452,60,453020,5010,645,0518,4,10,156,1,1,60352510,1
7453,70,354525,7010,747,0318,4,10,192,1,1,70359520,2
7454,70,353510,7010,747,0314,4,10,192,1,1,70392010,2
7455,70,351510,7010,747,0311,4,10,192,1,1,70395010,1
7456,70,351510,7010,747,0311,4,10,192,1,1,70395010,2
7457,70,405010,7010,747,0421,4,10,192,1,1,70393010,1
7459,70,352010,7010,747,0312,4,10,192,1,1,70393510,1
7460,70,352010,7010,747,0312,4,10,192,1,1,70393510,2
7461,70,255210,7010,747,0231,4,10,192,1,1,70256510,1
7462,70,501025,7010,747,0618,4,10,192,1,1,70356010,2
7463,70,454010,7010,747,0531,4,10,192,1,1,70354710,2
7464,70,655510,7010,747,0918,4,10,192,1,1,70903010,1
7465,70,457510,7010,747,0541,4,10,192,1,1,70355010,2
7466,70,457010,7010,747,0533,4,10,192,1,1,70353015,2
7467,70,459010,7010,747,0548,4,10,192,1,1,70355010,2
7469,70,451510,7010,747,0511,4,10,192,1,1,70351710,2
7470,70,455010,7010,747,0532,4,10,192,1,1,70353710,2
7471,70,202020,7010,747,0111,4,10,192,1,1,70203010,1
7472,70,255420,7010,747,0231,4,10,192,1,1,70255710,1
7473,70,303010,7010,747,0213,4,10,192,1,1,70252610,1
7474,70,251010,7010,747,0215,4,10,192,1,1,70259525,1
7475,70,257810,7010,747,0232,4,10,192,1,1,70255210,1
7476,70,202010,7010,747,0111,4,10,192,1,1,70203020,1
7477,70,255215,7010,747,0231,4,10,192,1,1,70256520,1
7479,70,355020,7010,747,0321,4,10,192,1,1,70253215,1
7480,70,254510,7010,747,0223,4,10,192,1,1,70252010,1
7481,70,252010,7010,747,0222,4,10,192,1,1,70252210,1
7482,70,258010,7010,747,0232,4,10,192,1,1,70252710,1
7483,70,451010,7010,747,0500,4,10,192,1,1,70359520,1
7485,70,451010,7010,747,0500,4,10,192,1,1,70359520,1
7486,70,351010,7010,747,0300,4,10,192,1,1,70391010,1
7487,70,354010,7010,747,0314,4,10,192,1,1,70394510,1
7489,70,255430,7010,747,0231,4,10,192,1,1,70255725,1
7490,70,353010,7010,747,0313,4,10,192,1,1,70394010,1
7491,70,652010,7010,747,0912,4,10,192,1,1,70905010,1
7492,70,652525,7010,747,0913,4,10,192,1,1,70909525,1
7493,70,651520,7010,747,0911,4,10,192,1,1,70905510,1
7494,70,251510,7010,747,0221,4,10,204,1,1,70259710,1
7495,70,453010,7010,747,0518,4,10,192,1,1,70902510,1
7496,70,458010,7010,747,0542,4,10,192,1,1,70355510,2
7497,70,454015,7010,747,0531,4,10,192,1,1,70352210,2
7498,70,455510,7010,747,0532,4,10,192,1,1,70354010,2
7499,70,453030,7010,747,0518,4,10,192,1,1,70359510,2
7500,70,554510,7010,747,0719,4,10,192,1,1,70352510,2
7501,60,452515,5520,655,0512,4,10,156,1,1,50584510,1
7502,60,409025,5520,655,0418,4,10,156,1,1,50589510,1
7503,60,553025,5520,655,0713,4,10,156,1,1,50582010,1
7504,60,553025,5520,655,0713,4,10,156,1,1,50582010,1
7505,60,553510,5520,655,0714,4,10,156,1,1,50582010,1
7506,60,553510,5520,655,0714,4,10,156,1,1,50582010,1
7507,60,573020,5520,655,0715,4,10,156,1,1,50583015,1
7508,60,573020,5520,655,0715,4,10,156,1,1,50583015,1
7509,60,501090,5520,655,0618,4,10,156,1,1,50582010,1
7510,60,581510,5520,655,0731,4,10,156,1,1,50581515,1
7511,60,554015,5520,655,0718,4,10,156,1,1,50589510,2
7512,60,554010,5520,655,0718,4,10,156,1,1,50584010,1
7513,60,258210,5010,645,0232,4,10,156,1,1,60255010,1
7514,60,352010,5010,645,0312,4,10,156,1,1,60393510,1
7515,60,553520,5020,645,0714,4,10,156,1,1,60593010,1
7516,60,401010,5010,645,0410,4,10,156,1,1,60396510,1
7517,60,401010,5010,645,0410,4,10,156,1,1,60396510,1
7519,60,401010,5010,645,0410,4,10,156,1,1,60396510,2
7520,60,401010,5010,645,0410,4,10,156,1,1,60396510,2
7521,60,303010,5010,645,0213,4,10,156,1,1,60252610,1
7522,60,501025,5010,645,0618,4,10,156,1,1,60356010,1
7523,60,409010,5010,645,0418,4,10,156,1,1,60396510,1
7524,60,258415,5010,645,0238,4,10,156,1,1,60258920,1
7525,60,258415,5010,645,0238,4,10,156,1,1,60258920,1
7526,60,354030,5010,645,0314,4,10,156,1,1,60252615,1
7528,60,255210,5010,645,0231,4,10,156,1,1,60256510,1
7529,60,353510,5010,645,0314,4,10,156,1,1,60392010,1
7530,60,254510,5010,645,0223,4,10,156,1,1,60252010,1
7531,60,255420,5010,645,0231,4,10,156,1,1,60255710,1
7532,60,252010,5010,645,0222,4,10,156,1,1,60252210,1
7533,60,254015,5010,645,0222,4,10,156,1,1,60251215,1
7534,60,256220,5010,645,0231,4,10,156,1,1,60256315,1
7535,60,256225,5010,645,0231,4,10,156,1,1,60256320,1
7536,60,251010,5010,645,0215,4,10,156,1,1,60259525,1
7538,60,201010,5010,645,0111,4,10,156,1,1,60394525,1
7539,60,201010,5010,645,0111,4,10,156,1,1,60394525,1
7540,60,255215,5010,645,0231,4,10,156,1,1,60256520,1
7541,60,256245,5010,645,0231,4,10,156,1,1,60256210,1
7542,60,251515,5010,645,0221,4,10,156,1,1,60254510,1
7543,60,351510,5010,645,0311,4,10,156,1,1,60395010,1
7544,60,405010,5010,645,0421,4,10,156,1,1,60393010,1
7545,60,351010,5010,645,0300,4,10,156,1,1,60391010,1
7546,60,353010,5010,645,0313,4,10,156,1,1,60394010,1
7548,60,652010,5010,645,0912,4,10,156,1,1,60905010,1
7549,60,655510,5010,645,0918,4,10,156,1,1,60903010,1
7550,60,651520,5010,645,0911,4,10,156,1,1,60905510,1
7551,60,251510,5010,645,0221,4,10,156,1,1,60259710,1
7552,60,454015,5010,645,0531,4,10,156,1,1,60352210,1
7553,60,459010,5010,645,0548,4,10,156,1,1,60355015,1
7554,60,454010,5010,645,0531,4,10,156,1,1,60354710,1
7555,60,457010,5010,645,0533,4,10,156,1,1,60353015,1
7556,60,457510,5010,645,0541,4,10,156,1,1,60355010,1
7558,60,451510,5010,645,0511,4,10,156,1,1,60351710,1
7559,60,552015,5020,645,0711,4,10,156,1,1,60591520,1
7560,60,455510,5010,645,0532,4,10,156,1,1,60354010,1
7561,60,452015,5010,645,0512,4,10,156,1,1,60352015,1
7562,60,655515,5010,645,0918,4,10,156,1,1,60354510,1
7563,60,452515,5020,645,0512,4,10,156,1,1,60591510,1
7564,60,453020,5010,645,0518,4,10,156,1,1,60352510,1
7565,70,209015,7010,747,0118,4,10,192,1,1,70203020,1
7566,70,209015,7010,747,0118,4,10,192,1,1,70203020,1
7568,70,201010,7010,747,0111,4,10,192,1,1,70203015,1
7569,70,201010,7010,747,0111,4,10,192,1,1,70203015,1
7570,70,401010,7010,747,0410,4,10,192,1,1,70396010,2
7571,70,401010,7010,747,0410,4,10,192,1,1,70396010,2
7572,70,353510,7010,747,0314,4,10,192,1,1,70392010,1
7573,70,353510,7010,747,0314,4,10,192,1,1,70392010,2
7574,70,351510,7010,747,0311,4,10,192,1,1,70395010,2
7575,70,405010,7010,747,0421,4,10,192,1,1,70393010,1
7576,70,352010,7010,747,0312,4,10,192,1,1,70393510,1
7577,70,352010,7010,747,0312,4,10,192,1,1,70393510,2
7579,70,255210,7010,747,0231,4,10,192,1,1,70256510,1
7580,70,501025,7010,747,0618,4,10,192,1,1,70356010,2
7581,70,454010,7010,747,0531,4,10,192,1,1,70354710,2
7582,70,655510,7010,747,0918,4,10,192,1,1,70903010,1
7583,70,457510,7010,747,0541,4,10,192,1,1,70355010,2
7584,70,457010,7010,747,0533,4,10,192,1,1,70353015,2
7585,70,459010,7010,747,0548,4,10,192,1,1,70355015,2
7586,70,451510,7010,747,0511,4,10,192,1,1,70351710,2
7587,70,501095,7010,747,0618,4,10,192,1,1,70356020,1
7589,70,405010,7010,747,0421,4,10,192,1,1,70396010,1
7590,70,401510,7010,747,0411,4,10,192,1,1,70391510,1
7591,70,554015,7020,747,0718,4,10,192,1,1,70593010,2
7592,70,255420,7010,747,0231,4,10,192,1,1,70255710,1
7593,70,303010,7010,747,0213,4,10,192,1,1,70252610,1
7594,70,251010,7010,747,0215,4,10,192,1,1,70259525,1
7595,70,255215,7010,747,0231,4,10,192,1,1,70256520,1
7596,70,355020,7010,747,0321,4,10,192,1,1,70253215,1
7597,70,254510,7010,747,0223,4,10,192,1,1,70252010,1
7599,70,201010,7010,747,0111,4,10,192,1,1,70394525,1
7600,70,256625,7010,746,0222,4,10,156,1,1,70257110,1
7601,70,352515,7010,747,0312,4,10,192,1,1,70257530,2
7602,70,352515,7010,746,0312,4,10,156,1,1,70257530,1
7603,70,201010,7010,747,0111,4,10,192,1,1,70394525,1
7604,70,252010,7010,747,0222,4,10,192,1,1,70252210,1
7605,70,354030,7010,747,0314,4,10,192,1,1,70252615,1
7606,70,251515,7010,747,0221,4,10,192,1,1,70254510,1
7609,70,355010,7010,747,0321,4,10,192,1,1,70253210,1
7610,70,256020,7010,746,0231,4,10,156,1,1,70255510,1
7611,70,351010,7010,747,0300,4,10,192,1,1,70391010,1
7612,70,353010,7010,747,0313,4,10,192,1,1,70394010,1
7613,70,652010,7010,747,0912,4,10,192,1,1,70905010,1
7614,70,652525,7010,747,0913,4,10,192,1,1,70909525,1
7615,70,352515,9510,741,0312,4,10,156,1,1,70257530,1
7616,70,652525,7010,747,0913,4,10,192,1,1,70904510,1
7617,70,651520,7010,747,0911,4,10,192,1,1,70905510,1
7618,70,251510,7010,747,0221,4,10,204,1,1,70259710,1
7619,70,202010,7010,747,0111,4,10,192,1,1,70203020,1
7620,70,352515,7010,747,0312,4,10,192,1,1,70257530,2
7621,60,352515,5010,645,0312,4,10,156,1,1,60257530,1
7622,70,202010,7010,747,0111,4,10,192,1,1,70203020,1
7623,70,209015,7010,747,0118,4,10,192,1,1,70203020,1
7624,70,209015,7010,747,0118,4,10,192,1,1,70203020,1
7625,70,209015,7010,747,0118,4,10,192,1,1,70203020,1
7626,70,209015,7010,747,0118,4,10,192,1,1,70203020,1
7627,70,209015,7010,747,0118,4,10,192,1,1,70203020,1
7629,70,209015,7010,747,0118,4,10,192,1,1,70203020,1
7630,70,209025,7010,747,0118,4,10,192,1,1,70203020,1
7631,70,209025,7010,747,0118,4,10,192,1,1,70203020,1
7632,70,458010,7010,747,0542,4,10,192,1,1,70355510,2
7633,70,454015,7010,747,0531,4,10,192,1,1,70352210,2
7634,70,455510,7010,747,0532,4,10,192,1,1,70354010,2
7635,70,501095,7010,747,0618,4,10,192,1,1,70593015,1
7636,70,501095,7010,747,0618,4,10,192,1,1,70593015,1
7637,70,453030,7010,747,0518,4,10,192,1,1,70359510,2
7638,70,655515,7010,747,0918,4,10,192,1,1,70354510,1
7639,70,554510,7010,747,0719,4,10,192,1,1,70352510,2
7640,60,553510,5520,655,0714,4,10,156,1,1,50582010,1
7641,60,552015,5520,655,0711,4,10,156,1,1,50584510,1
7642,60,552015,5520,655,0711,4,10,156,1,1,50584510,1
7643,60,573020,5520,655,0715,4,10,156,1,1,50583015,1
7644,60,573020,5520,655,0715,4,10,156,1,1,50583015,1
7645,60,582050,5520,655,0732,4,10,156,1,1,50581515,1
7646,60,582050,5520,655,0732,4,10,156,1,1,50581515,1
7647,60,501015,5020,645,0612,4,10,156,1,1,60593015,1
7648,60,501015,5020,645,0612,4,10,156,1,1,60593015,1
7649,60,551510,5020,645,0710,4,10,156,1,1,60591010,1
7650,60,551510,5020,645,0710,4,10,156,1,1,60591010,1
7651,60,401010,5010,645,0410,4,10,156,1,1,60396510,1
7652,60,553515,5020,645,0714,4,10,156,1,1,60593510,1
7654,60,355015,5010,645,0321,4,10,156,1,1,60253010,1
7655,60,355015,5010,645,0321,4,10,156,1,1,60253010,1
7656,60,501025,5010,645,0618,4,10,156,1,1,60356010,1
7657,60,551510,5010,645,0710,4,10,156,1,1,60591010,1
7658,60,551510,5010,645,0710,4,10,156,1,1,60591010,1
7659,60,409010,5010,645,0418,4,10,156,1,1,60396510,1
7660,60,258415,5010,645,0238,4,10,156,1,1,60258920,1
7661,60,258415,5010,645,0238,4,10,156,1,1,60258920,1
7662,60,501095,5010,645,0618,4,10,156,1,1,60356035,1
7663,60,501095,5010,645,0618,4,10,156,1,1,60356035,1
7664,60,255210,5010,645,0231,4,10,156,1,1,60256510,1
7665,60,252010,5010,645,0222,4,10,156,1,1,60252210,1
7666,60,251010,5010,645,0215,4,10,156,1,1,60259525,1
7667,50,303510,4510,554,0214,4,10,156,1,1,40305510,1
7669,60,251010,5010,645,0215,4,10,156,1,1,60259525,1
7670,60,257810,5010,645,0232,4,10,156,1,1,60255210,1
7671,60,255215,5010,645,0231,4,10,156,1,1,60256520,1
7672,60,351510,5010,645,0311,4,10,156,1,1,60395010,1
7674,60,405010,5010,645,0421,4,10,156,1,1,60393010,1
7675,60,351010,5010,645,0300,4,10,156,1,1,60391010,1
7676,60,354010,5010,645,0314,4,10,156,1,1,60394510,1
7677,60,353010,5010,645,0313,4,10,156,1,1,60394010,1
7678,60,652010,5010,645,0912,4,10,156,1,1,60905010,1
7679,60,553025,5020,645,0713,4,10,156,1,1,60594015,1
7680,60,553025,5020,645,0713,4,10,156,1,1,60594015,1
7681,60,554015,5010,645,0718,4,10,156,1,1,60599530,1
7682,60,554015,5010,645,0718,4,10,156,1,1,60599530,1
7684,60,459010,5010,645,0548,4,10,156,1,1,60355015,1
7685,60,454010,5010,645,0531,4,10,156,1,1,60354710,1
7686,60,457010,5010,645,0533,4,10,156,1,1,60353015,1
7687,60,457510,5010,645,0541,4,10,156,1,1,60355010,1
7688,60,451510,5010,645,0511,4,10,156,1,1,60351710,1
7689,60,455010,5010,645,0532,4,10,156,1,1,60353710,1
7690,60,655515,5010,645,0918,4,10,156,1,1,60354510,1
7691,60,452515,5020,645,0512,4,10,156,1,1,60591510,1
7692,60,581515,5010,645,0731,4,10,156,1,1,60594510,1
7694,60,581515,5010,645,0731,4,10,156,1,1,60594510,1
7695,70,452515,7020,747,0512,4,10,192,1,1,70591510,2
7696,70,352520,7010,747,0312,4,10,192,1,1,70392510,2
7697,70,352520,7010,747,0312,4,10,192,1,1,70392510,2
7698,70,501095,7010,747,0618,4,10,192,1,1,70253710,1
7699,70,501095,7010,747,0618,4,10,192,1,1,70253710,1
7700,70,581515,7010,747,0731,4,10,192,1,1,70594510,2
7701,70,581515,7010,747,0731,4,10,192,1,1,70594510,2
7702,70,401010,7010,747,0410,4,10,192,1,1,70396010,1
7703,70,351510,7010,747,0311,4,10,192,1,1,70395010,1
7704,70,405010,7010,747,0421,4,10,192,1,1,70393010,1
7705,70,255210,7010,747,0231,4,10,192,1,1,70256510,1
7706,70,501025,7010,747,0618,4,10,192,1,1,70356010,1
7707,70,454010,7010,747,0531,4,10,192,1,1,70354710,1
7708,70,655510,7010,747,0918,4,10,192,1,1,70903010,1
7709,70,457510,7010,747,0541,4,10,192,1,1,70355010,1
7710,70,459010,7010,747,0548,4,10,192,1,1,70355015,1
7711,70,355015,7010,747,0321,4,10,192,1,1,70253010,1
7712,70,355015,7010,747,0321,4,10,192,1,1,70253010,1
7713,70,501095,7010,747,0618,4,10,192,1,1,70356020,1
7714,70,455010,7010,747,0532,4,10,192,1,1,70353710,2
7715,70,553515,7020,747,0714,4,10,192,1,1,70593510,2
7716,70,405010,7010,747,0421,4,10,192,1,1,70396010,1
7717,70,401510,7010,747,0411,4,10,192,1,1,70391510,1
7718,70,501095,7010,747,0618,4,10,192,1,1,70356035,2
7719,70,501095,7010,747,0618,4,10,192,1,1,70356035,2
7720,70,251010,7010,747,0215,4,10,192,1,1,70259525,1
7721,70,257810,7010,747,0232,4,10,192,1,1,70255210,1
7722,70,255215,7010,747,0231,4,10,192,1,1,70256520,1
7724,70,703015,7010,747,1015,4,10,192,1,1,70391510,2
7725,70,703015,7010,747,1015,4,10,192,1,1,70391510,2
7726,70,252010,7010,747,0222,4,10,192,1,1,70252210,1
7727,70,201015,7010,747,0111,4,10,192,1,1,70203020,1
7728,70,201015,7010,747,0111,4,10,192,1,1,70203020,1
7729,70,351010,7010,747,0300,4,10,192,1,1,70391010,1
7730,70,354010,7010,747,0314,4,10,192,1,1,70394510,1
7731,70,354025,7010,747,0314,4,10,192,1,1,70394520,1
7732,70,354025,7010,747,0314,4,10,192,1,1,70394520,1
7734,70,353010,7010,747,0313,4,10,192,1,1,70394010,1
7735,70,652010,7010,747,0912,4,10,192,1,1,70905010,1
7736,70,655515,7010,747,0918,4,10,192,1,1,70354510,1
7737,70,581515,7010,747,0731,4,10,192,1,1,70594510,2
7738,70,581515,7010,747,0731,4,10,192,1,1,70594510,2
7739,70,554015,7010,747,0718,4,10,192,1,1,70599530,2
7740,70,554015,7010,747,0718,4,10,192,1,1,70599530,2
7741,60,401010,5010,645,0410,4,10,156,1,1,60396510,2
7742,70,554010,7020,747,0718,4,10,192,1,1,70596020,2
7744,70,352010,7010,747,0312,4,10,192,1,1,70393510,1
7745,70,202010,7010,747,0111,4,10,192,1,1,70203020,1
7746,70,209015,7010,747,0118,4,10,192,1,1,70203020,1
7747,70,209015,7010,747,0118,4,10,192,1,1,70203020,1
7748,70,209025,7010,747,0118,4,10,192,1,1,70203020,1
7749,70,209025,7010,747,0118,4,10,192,1,1,70203020,1
7750,70,209025,7010,747,0118,4,10,192,1,1,70203020,1
7751,70,209020,7010,747,0118,4,10,192,1,1,70203020,1
7752,70,201010,7010,747,0111,4,10,192,1,1,70203015,1
7753,70,201015,7010,747,0111,4,10,192,1,1,70203020,2
7754,70,209020,7010,747,0118,4,10,192,1,1,70253710,1
7755,60,352010,5010,645,0312,4,10,156,1,1,60393510,1
7756,70,452015,7010,747,0512,4,10,192,1,1,70352015,2
7780,60,255420,5010,645,0231,4,10,156,1,1,60255710,1
7781,60,255015,5010,645,0228,4,10,156,1,1,60259525,1
7782,60,255015,5010,645,0228,4,10,156,1,1,60259525,1
7783,60,255410,5010,645,0231,4,10,156,1,1,60255730,1
7784,60,255215,5010,645,0231,4,10,156,1,1,60256520,1
7785,70,453030,7010,747,0518,4,10,192,1,1,70359510,2
7786,70,451510,7010,747,0511,4,10,192,1,1,70351710,2
7787,70,501025,7010,747,0618,4,10,192,1,1,70356010,2
7788,70,459010,7010,747,0548,4,10,192,1,1,70356010,2
7789,70,457010,7010,747,0533,4,10,192,1,1,70353015,2
7790,70,455515,7010,747,0532,4,10,192,1,1,70354010,2
7791,70,501015,7010,747,0612,4,10,192,1,1,70356040,2
7792,70,454010,7010,747,0531,4,10,192,1,1,70354710,2
7793,70,457510,7010,747,0541,4,10,192,1,1,70355010,2
7794,70,459010,7010,747,0548,4,10,192,1,1,70355015,2
7795,70,454015,7010,747,0531,4,10,192,1,1,70352210,2
7796,70,452015,7010,747,0512,4,10,192,1,1,70352015,2
7797,70,452010,7010,747,0512,4,10,192,1,1,70351510,2
7798,70,554510,7010,747,0719,4,10,192,1,1,70352510,2
7799,70,458010,7010,747,0542,4,10,192,1,1,70355510,2
7800,70,459010,7010,747,0548,4,10,192,1,1,70356010,2
7801,70,602515,7010,747,0818,4,10,192,1,1,70804510,2
7803,60,582050,5020,645,0732,4,10,156,1,1,60592510,1
7805,70,451010,7010,747,0500,4,10,192,1,1,70359515,2
7840,70,256425,7010,746,0231,4,10,156,1,1,70259510,1
7841,60,304015,5010,645,0215,4,7,156,1,1,60306540,1
7843,60,304015,5010,645,0215,4,7,156,1,1,60306540,1
7845,60,304015,5010,645,0215,4,7,156,1,1,60306540,1
7846,60,304015,5010,645,0215,4,7,156,1,1,60306540,1
7847,60,304015,5010,645,0215,4,7,156,1,1,60306540,1
7848,60,304015,5010,645,0215,4,7,156,1,1,60306540,1
7849,60,304025,5010,645,0215,4,7,156,1,1,60306540,1
7850,60,304015,5010,645,0215,4,7,156,1,1,60306540,1
7851,60,304015,5010,645,0215,4,7,156,1,1,60306540,1
7852,60,304030,5010,645,0215,4,7,156,1,1,60306530,1
7853,60,304035,5010,645,0215,4,7,156,1,1,60306525,1
7854,60,304040,5010,645,0215,4,7,156,1,1,60306550,1
7855,60,304045,5010,645,0215,4,7,156,1,1,60306520,1
7856,60,304045,5010,645,0215,4,7,156,1,1,60306515,1
7857,60,304045,5010,645,0215,4,7,156,1,1,60306555,1
7858,60,304015,5010,645,0215,4,7,156,1,1,60306540,1
7859,60,304015,5010,645,0215,4,7,156,1,1,60306540,1
7860,60,304015,5010,645,0215,4,7,156,1,1,60306540,1
7861,70,304015,7010,747,0215,4,7,192,1,1,70306540,2
7862,70,304015,7010,747,0215,4,7,192,1,1,70306540,1
7863,70,304015,7010,747,0215,4,7,192,1,1,70306540,1
7864,80,304030,8010,844,0215,4,7,216,1,1,80306530,1
7865,70,304015,7010,747,0215,4,7,192,1,1,70306540,1
7866,70,304015,7010,747,0215,5,7,192,1,1,70306540,1
7867,80,304015,8010,844,0215,4,7,216,1,1,80306540,1
7885,70,255010,7010,746,0228,4,10,156,1,1,70259515,1
7900,60,554015,5020,645,0718,4,10,156,1,1,60596510,1
7901,60,555086,5020,645,0728,4,10,156,1,1,60597010,1
7902,60,453030,5020,645,0518,4,10,156,1,1,60591515,1
7904,60,554015,5020,645,0718,4,10,156,1,1,60596510,1
7905,60,555090,5020,645,0728,4,10,156,1,1,60597010,2
7906,60,501095,5020,645,0618,4,10,156,1,1,60593015,1
7907,60,553520,5020,645,0714,4,10,156,1,1,60593010,2
7908,60,553520,5020,645,0714,4,10,156,1,1,60593010,1
7909,60,501090,5020,645,0618,4,10,156,1,1,60593010,1
7910,60,553515,5020,645,0714,4,10,156,1,1,60593510,1
7911,60,554015,5020,645,0718,4,10,156,1,1,60599530,2
7912,60,453030,5020,645,0518,4,10,156,1,1,60591520,1
7914,60,555086,5020,645,0728,4,10,156,1,1,60599515,2
7915,60,555090,5020,645,0728,4,10,156,1,1,60597010,2
7916,60,554510,5020,645,0719,4,10,156,1,1,60592010,1
7917,60,554015,5020,645,0718,4,10,156,1,1,60596510,1
7918,60,581510,5020,645,0731,4,10,156,1,1,60592510,1
7919,60,553025,5020,645,0713,4,10,156,1,1,60594015,1
7920,60,453010,5010,645,0518,4,10,156,1,1,60352210,1
7921,60,552510,5020,645,0712,4,10,156,1,1,60595510,1
7922,60,552015,5020,645,0711,4,10,156,1,1,60591520,1
7923,60,501090,5020,645,0618,4,10,156,1,1,60593010,1
7924,60,452515,5020,645,0512,4,10,156,1,1,60591510,2
7925,60,552015,5020,645,0711,4,10,156,1,1,60596010,1
7926,60,582050,5020,645,0732,4,10,156,1,1,60592510,1
7927,60,553025,5020,645,0713,4,10,156,1,1,60594015,1
7928,60,554010,5020,645,0718,4,10,156,1,1,60596015,1
7929,60,554015,5020,645,0718,4,10,156,1,1,60593010,1
7930,60,551510,5020,645,0710,4,10,156,1,1,60591010,1
7931,60,573020,5020,645,0715,4,10,156,1,1,60595010,1
7932,60,554010,5020,645,0718,4,10,156,1,1,60596020,1
7933,60,452515,5020,645,0512,4,10,156,1,1,60591510,1
7934,60,552015,5020,645,0711,4,10,156,1,1,60591520,1
7935,60,582050,5020,645,0732,4,10,156,1,1,60592510,1
7936,60,555086,5020,645,0728,4,10,156,1,1,60597010,1
7937,60,553520,5020,645,0714,4,10,156,1,1,60593010,1
7938,60,554510,5020,645,0719,4,10,156,1,1,60592010,1
7939,60,501090,5020,645,0618,4,10,156,1,1,60593015,1
7940,60,582050,5010,645,0732,4,10,156,1,1,60592515,1
7941,70,304015,7010,747,0215,4,7,192,1,1,70306540,1
7942,60,553520,5020,645,0714,4,10,156,1,1,60593010,2
7943,60,581510,5020,645,0731,4,10,156,1,1,60592510,1
7944,60,553020,5020,645,0713,4,10,156,1,1,60592510,1
7945,70,304015,7010,747,0215,4,7,192,1,1,70306540,1
7946,70,304015,7010,747,0215,4,7,192,1,1,70306540,1
7947,70,304015,7010,747,0215,4,7,192,1,1,70306540,1
7948,60,582050,5020,645,0732,4,10,156,1,1,60592510,1
7949,70,304025,7010,747,0215,4,7,192,1,1,70306540,1
7950,70,304015,7010,747,0215,4,7,192,1,1,70306540,1
7951,60,582050,5020,645,0732,4,10,156,1,1,60592515,1
7952,70,304030,7010,747,0215,4,7,192,1,1,70306530,1
7953,60,552510,5020,645,0712,4,10,156,1,1,60595510,1
7954,70,304015,7010,747,0215,4,7,192,1,1,70306540,1
7955,70,304045,7010,747,0215,4,7,192,1,1,70306520,1
7956,70,304015,7010,747,0215,4,7,192,1,1,70306540,1
7957,70,304045,7010,747,0215,4,7,192,1,1,70306555,1
7958,60,501095,5010,645,0618,4,10,156,1,1,60593010,1
7959,70,304015,7010,747,0215,4,7,192,1,1,70306540,1
7960,80,304015,8010,844,0215,4,7,216,1,1,80306540,1
7961,70,304030,7010,747,0215,4,7,192,1,1,70306530,1
7962,60,582050,5020,645,0732,4,10,156,1,1,60592510,1
7963,70,582050,7020,747,0732,4,10,192,1,1,70592510,1
7964,60,452515,5020,645,0512,4,10,156,1,1,60591510,1
7965,80,304015,8010,844,0215,4,7,216,1,1,80306540,1
7966,60,552510,5020,645,0712,4,10,156,1,1,60595510,1
7967,60,501090,5020,645,0618,4,10,156,1,1,60593010,2
7968,60,555090,5020,645,0728,4,10,156,1,1,60597010,1
7969,60,551510,5010,645,0710,4,10,156,1,1,60591010,1
7970,80,304025,8010,844,0215,4,7,216,1,1,80306540,1
7971,60,551510,5020,645,0710,4,10,156,1,1,60591010,1
7972,60,551510,5020,645,0710,4,10,156,1,1,60591010,1
7973,60,553520,5020,645,0714,4,10,156,1,1,60593010,2
7974,60,553520,5020,645,0714,4,10,156,1,1,60593010,1
7975,60,553025,5020,645,0713,4,10,156,1,1,60594015,2
7976,60,452515,5020,645,0512,4,10,156,1,1,60591510,1
7977,60,452515,5020,645,0512,4,10,156,1,1,60591510,1
7981,60,573020,5520,655,0715,4,10,156,1,1,50582020,1
7982,60,582050,5520,655,0732,4,10,156,1,1,50581515,1
7983,60,501095,5520,655,0618,4,10,156,1,1,50582010,1
7984,60,573020,5520,655,0715,4,10,156,1,1,50583015,1
7985,60,573020,5520,655,0715,4,10,156,1,1,50583015,2
7986,60,554015,5520,655,0718,4,10,156,1,1,50589530,1
7987,60,573020,5520,655,0715,4,10,156,1,1,50583015,2
7988,60,554015,5520,655,0718,4,10,156,1,1,50589530,2
7995,70,453010,7010,747,0518,4,10,192,1,1,70352210,2
8000,80,451010,8010,844,0500,15,10,216,1,1,80351010,1
8010,70,451010,7010,746,0500,4,10,156,1,1,70355010,1
8018,70,554015,7020,747,0718,4,10,192,1,1,70596510,2
8019,70,554015,7010,747,0718,4,10,192,1,1,70359520,2
8020,70,554015,7020,747,0718,4,10,192,1,1,70596510,2
8021,60,456010,5010,645,0532,4,10,156,0,1,60353025,1
8026,60,582050,5020,645,0732,4,10,156,1,1,60592510,1
8027,70,451010,7010,747,0500,4,10,192,1,1,70356040,2
8028,70,409020,7010,747,0418,4,10,192,1,1,70396010,1
8029,70,654530,8550,757,0915,5,10,192,1,1,70909525,1
8030,70,751015,8550,757,1031,5,3,192,1,1,70951510,1
8039,60,552510,5010,645,0712,4,10,156,1,1,60805010,1
8040,60,454015,5010,645,0531,4,10,156,1,1,60352210,1
8041,60,458010,5010,645,0542,4,10,156,1,1,60355510,1
8042,60,554010,5020,645,0718,4,10,156,1,1,60596010,1
8043,70,552510,7020,747,0712,4,10,192,1,1,70805015,1
8044,60,456510,5010,645,0533,4,10,156,1,1,60353010,1
8045,60,453025,5010,645,0518,4,10,156,1,1,60353025,1
8046,70,452515,7020,747,0512,4,10,192,1,1,70591510,2
8047,70,501095,8550,757,0618,5,10,192,1,1,70356040,1
8048,70,309515,8550,757,0218,5,10,192,1,1,70301510,1
8049,60,454515,5010,645,0532,4,10,156,1,1,60353020,1
8050,60,452010,5010,645,0512,4,10,156,1,1,60351510,1
8051,70,581510,7010,747,0731,4,10,192,1,1,70301510,1
8052,60,554015,5010,645,0718,4,10,156,1,1,60599530,1
8053,70,302010,8550,757,0212,5,10,192,1,1,70305010,1
8054,70,581520,8550,757,0731,5,10,192,1,1,70301010,1
8055,70,555030,8550,757,0721,5,10,192,1,1,70597010,2
8056,70,655510,8550,757,0900,5,10,192,1,1,70905010,1
8057,70,581010,8550,757,0730,5,10,192,1,1,70592510,1
8058,70,402510,8550,757,0413,5,10,192,1,1,70599530,1
8059,60,458515,5010,645,0542,4,10,156,1,1,60355020,1
8060,70,455010,7010,747,0532,4,10,192,1,1,70805015,2
8061,70,402510,8550,757,0413,5,10,192,1,1,70599530,2
8062,70,554015,7020,747,0718,4,10,192,1,1,70596510,2
8063,70,554015,7020,747,0718,4,10,192,1,1,70596510,2
8064,70,451010,7010,747,0500,4,10,192,1,1,70356040,2
8065,70,451010,7010,747,0500,4,10,192,1,1,70356015,2
8066,60,501025,5010,645,0618,4,10,156,1,1,60356010,2
8067,60,501025,5010,645,0618,4,10,156,1,1,60356010,2
8068,60,501025,5010,645,0618,4,10,156,1,1,60356010,2
8069,70,501095,7010,747,0618,4,10,192,1,1,70356040,2
8070,70,501015,7010,747,0612,4,10,192,1,1,70356015,2
8072,70,501025,7010,747,0618,4,10,192,1,1,70356010,2
8073,70,501025,7010,747,0618,4,10,192,1,1,70356010,2
8074,70,457510,7010,747,0541,4,10,192,1,1,70355010,2
8075,60,555086,5020,645,0728,4,10,156,1,1,60597010,1
8076,70,554015,7020,747,0718,4,10,192,1,1,70596510,2
8077,70,457510,7010,747,0541,4,10,192,1,1,70355010,1
8079,70,552510,7010,747,0712,4,10,192,1,1,70805010,1
8080,70,451010,7010,747,0500,4,10,192,1,1,70351010,1
8081,70,501025,7010,747,0618,4,10,192,1,1,70356010,1
8082,70,457510,7010,747,0541,4,10,192,1,1,70355010,1
8083,70,457010,7010,747,0533,4,10,192,1,1,70353015,2
8084,70,456510,7010,747,0533,4,10,192,1,1,70353010,2
8085,70,451010,7010,746,0500,4,10,156,1,1,70355010,1
8089,70,454515,7010,747,0532,4,10,192,1,1,70353020,2
8090,70,452010,7010,747,0512,4,10,192,1,1,70351510,1
8091,70,458010,7010,747,0542,4,10,192,1,1,70355510,2
8092,70,454010,7010,747,0531,4,10,192,1,1,70354710,1
8093,70,252020,7010,747,0222,4,10,192,1,1,70252515,2
8094,70,454510,7010,747,0532,4,10,192,1,1,70353510,1
8095,70,453025,7010,747,0518,4,10,192,1,1,70353025,1
8096,70,457010,7010,747,0533,4,10,192,1,1,70353025,1
8097,70,459010,7010,747,0548,4,10,192,1,1,70355010,1
8098,70,554015,7010,747,0718,4,10,192,1,1,70596510,1
8099,70,458515,7010,747,0542,4,10,192,1,1,70355020,2
8100,60,501090,5020,645,0618,4,10,156,1,1,60593010,1
8105,60,501095,5010,645,0618,4,10,156,1,1,60356020,1
8114,60,451010,5010,645,0710,4,10,156,1,1,60356040,2
8115,70,457010,7010,747,0533,4,10,192,1,1,70353025,2
8116,60,457510,5010,645,0541,4,10,156,1,1,60355010,1
8117,70,459010,7010,746,0548,4,10,156,1,1,70355015,1
8118,70,459010,7010,747,0548,4,10,192,1,1,70355015,2
8120,70,455510,7010,746,0532,4,10,156,1,1,70354010,1
8127,70,455515,7010,746,0532,4,10,192,1,1,70354010,2
8128,60,452015,5010,645,0512,4,10,156,1,1,60352015,1
8129,60,554015,5010,645,0718,4,10,156,1,1,60596510,1
8130,60,501095,5010,645,0618,4,10,156,1,1,60356020,2
8132,60,451010,5010,645,0500,4,10,156,1,1,60351010,1
8133,60,459010,5010,645,0548,4,10,156,1,1,60355015,1
8134,60,501015,5010,645,0612,4,10,156,1,1,60356015,1
8135,60,501025,5010,645,0618,4,10,156,1,1,60356010,1
8136,60,454010,5010,645,0531,4,10,156,1,1,60354710,1
8137,60,457010,5010,645,0533,4,10,156,1,1,60353015,1
8138,60,457510,5010,645,0541,4,10,156,1,1,60355010,1
8139,60,451510,5010,645,0511,4,10,156,1,1,60351710,1
8140,60,552015,5020,645,0711,4,10,156,1,1,60591520,1
8147,60,455510,5010,645,0532,4,10,156,1,1,60354010,1
8148,60,455510,5010,645,0532,4,10,156,1,1,60354010,1
8149,60,452010,5010,645,0512,4,10,156,1,1,60351510,1
8150,60,452015,5010,645,0512,4,10,156,1,1,60352015,1
8151,70,454015,7010,747,0531,4,10,192,1,1,70352210,2
8152,60,452515,5010,645,0512,4,10,156,1,1,60351710,1
8153,60,451515,5010,645,0511,4,10,156,1,1,60351715,1
8154,60,451510,5010,645,0511,4,10,156,1,1,60351710,1
8155,60,452015,5010,645,0512,4,10,156,1,1,60352010,1
8156,60,452010,5010,645,0512,4,10,156,1,1,60351510,1
8157,60,452010,5010,645,0512,4,10,156,1,1,60351510,1
8160,70,455010,7010,746,0532,4,10,156,1,1,70353710,1
8163,60,554015,5020,645,0718,4,10,156,1,1,60596510,1
8164,60,458510,5010,645,0542,4,10,156,1,1,60355020,1
8167,60,451010,5010,645,0500,4,10,156,1,1,60356040,1
8168,60,457510,5010,645,0541,4,10,156,1,1,60355010,1
8169,60,451510,5010,645,0511,4,10,156,1,1,60351710,1
8170,60,459010,5010,645,0548,4,10,156,1,1,60356010,1
8172,60,459010,5010,645,0548,4,10,156,1,1,60356010,1
8173,70,459010,7010,747,0548,4,10,192,1,1,70356010,1
8174,70,554010,7020,747,0718,4,10,192,1,1,70596010,2
8175,70,555086,7020,747,0728,4,10,192,1,1,70356040,1
8180,60,353520,5010,645,0314,4,10,156,1,1,60353715,1
8184,70,455010,7010,746,0532,4,10,156,1,1,70353710,1
8185,70,455010,7010,747,0532,4,10,192,1,1,70353710,1
8186,60,455010,5010,645,0532,4,10,156,1,1,60353710,1
8187,60,455010,5010,645,0532,4,10,156,1,1,60353710,1
8188,60,454510,5010,645,0532,4,10,156,1,1,60353510,1
8198,70,459010,7010,747,0548,4,10,192,1,1,70356010,2
8199,70,459010,7010,747,0548,4,10,192,1,1,70356010,1
8200,70,451510,7010,746,0511,4,10,156,1,1,70351710,1
8201,70,453020,7010,747,0518,4,10,192,1,1,70352510,1
8202,70,452010,7010,747,0512,4,10,192,1,1,70351510,1
8203,70,452010,7010,747,0512,4,10,192,1,1,70359520,1
8205,70,452015,7010,747,0512,4,10,192,1,1,70352015,1
8211,70,501095,7010,747,0618,4,10,192,1,1,70253510,1
8216,70,354520,7010,747,0318,4,10,192,1,1,70805090,2
8217,70,459010,7010,747,0548,4,10,192,1,1,70355015,1
8220,70,455510,7010,747,0532,4,10,192,1,1,70354010,2
8226,70,451510,7010,747,0511,4,10,192,1,1,70351710,1
8227,70,452010,7010,747,0512,4,10,192,1,1,70351510,2
8228,70,452010,7010,747,0512,4,10,192,1,1,70351510,1
8229,70,501095,7010,747,0618,4,10,192,1,1,70593015,1
8230,70,454515,7010,747,0532,4,10,192,1,1,70353020,1
8231,70,452515,7010,747,0512,4,10,192,1,1,70351710,2
8232,70,458510,7010,747,0542,4,10,192,1,1,70355020,1
8233,70,453030,7010,747,0518,4,10,192,1,1,70359510,2
8234,70,453510,7010,747,0528,4,10,192,1,1,70804510,2
8235,70,452010,7010,747,0512,4,10,192,1,1,70351720,1
8240,70,451510,7010,747,0511,4,10,192,1,1,70351710,1
8244,70,554015,7020,747,0718,4,10,192,1,1,70599515,2
8245,70,453015,7010,747,0518,4,10,192,1,1,70759510,1
8246,60,573020,5020,645,0715,4,10,156,1,1,60595010,1
8247,60,453030,5010,645,0518,4,10,156,1,1,60351010,1
8248,70,452010,7010,747,0512,4,10,192,1,1,70352015,1
8249,70,453030,7010,747,0518,4,10,192,1,1,70351510,2
8250,70,655515,7010,746,0918,4,10,156,1,1,70354510,1
8251,70,582060,7010,747,0738,4,10,192,1,1,70592510,1
8253,60,655515,5010,645,0918,4,10,156,1,1,60354510,1
8254,70,582050,7020,747,0732,4,10,192,1,1,70592510,1
8255,60,204015,6010,651,0114,4,10,204,1,1,50202515,1
8256,70,655515,7010,747,0918,4,10,192,1,1,70354510,1
8257,70,555090,7010,747,0728,4,10,192,1,1,70597010,1
8258,70,655515,7010,747,0918,4,10,192,1,1,70354510,1
8259,70,655515,7010,747,0918,4,10,192,1,1,70354510,1
8260,70,553520,7020,746,0714,4,10,156,1,1,70593010,1
8261,60,553520,5020,645,0714,4,10,156,1,1,60593010,1
8262,70,553520,7020,747,0714,4,10,192,1,1,70593010,1
8263,70,554015,7020,747,0718,4,10,192,1,1,70599515,2
8264,70,582050,7020,747,0732,4,10,192,1,1,70592510,2
8265,60,452515,5020,645,0512,4,10,156,1,1,60591510,1
8266,60,452515,5520,655,0512,4,10,156,1,1,50584510,1
8267,60,573020,5520,655,0715,4,10,156,1,1,50583015,1
8268,60,551510,5520,655,0710,4,10,156,1,1,50593510,2
8270,70,452515,7010,747,0512,4,10,192,1,1,70591510,1
8271,60,581515,5010,645,0731,4,10,156,1,1,60594510,1
8272,70,581515,7010,747,0731,4,10,192,1,1,70594510,2
8275,70,453015,7010,747,0518,4,10,192,1,1,70752510,1
8280,70,455010,7010,747,0532,4,10,192,1,1,70353710,1
8281,70,258010,7010,747,0232,4,10,192,1,1,70252710,2
8282,60,582050,5020,645,0732,4,10,156,1,1,60592510,1
8283,70,455010,7010,747,0532,4,10,192,1,1,70353710,2
8284,70,553510,7020,747,0714,4,10,192,1,1,70593510,2
8285,60,401010,5010,645,0410,4,10,156,1,1,60396510,1
8290,60,554510,5020,645,0719,4,10,156,1,1,60592010,1
8291,60,453020,5010,645,0518,4,10,156,1,1,60352510,1
8292,60,453020,5010,645,0518,4,10,156,1,1,60352510,1
8295,70,554510,7010,747,0719,4,10,192,1,1,70352510,2
8296,70,453020,7010,747,0518,4,10,192,1,1,70352510,2
8300,70,581520,7020,747,0731,4,10,192,1,1,70592515,2
8301,80,459010,8010,844,0548,15,10,216,1,1,80355015,1
8302,70,582050,7020,747,0732,4,10,192,1,1,70599525,2
8303,70,601530,7010,747,0811,4,10,192,1,1,70759510,2
8304,70,553025,7020,747,0713,4,10,192,1,1,70594010,1
8305,70,553025,7020,747,0713,4,10,192,1,1,70594010,2
8306,70,553025,7020,747,0713,4,10,192,1,1,70594015,2
8307,70,501090,7020,747,0618,4,10,192,1,1,70593010,2
8308,70,553520,7020,747,0714,4,10,192,1,1,70593010,2
8309,70,554015,7020,747,0718,4,10,192,1,1,70596510,1
8310,70,554015,7010,747,0718,4,10,192,1,1,70599510,2
8311,70,554015,7020,747,0718,4,10,192,1,1,70599530,2
8312,70,554010,7020,747,0718,4,10,192,1,1,70596020,1
8313,70,452010,7020,747,0512,4,10,192,1,1,70591520,1
8314,70,402510,7010,747,0413,4,10,192,1,1,70599515,2
8315,70,555086,7020,747,0728,4,10,192,1,1,70597010,2
8316,70,555090,7020,747,0728,4,10,192,1,1,70596510,2
8317,70,501095,7010,747,0618,4,10,192,1,1,70593010,2
8318,70,554015,7020,747,0718,4,10,192,1,1,70596510,2
8319,70,453030,7010,747,0518,4,10,192,1,1,70395510,2
8320,70,554015,7010,747,0718,4,10,192,1,1,70599530,2
8321,70,551510,7010,747,0710,4,10,192,1,1,70591010,2
8322,70,581520,7020,747,0731,4,10,192,1,1,70592515,2
8323,70,551510,7010,747,0710,4,10,192,1,1,70591010,2
8324,70,555086,7020,747,0728,4,10,192,1,1,70597010,2
8325,70,551510,7010,747,0710,4,10,192,1,1,70591010,2
8326,70,581510,7020,747,0731,4,10,192,1,1,70592510,2
8327,70,554010,7020,747,0718,4,10,192,1,1,70596010,1
8328,70,554010,7020,747,0718,4,10,192,1,1,70596020,2
8329,70,554010,7020,747,0718,4,10,192,1,1,70596015,1
8330,70,554015,7020,747,0718,4,10,192,1,1,70593010,1
8331,70,555090,7020,747,0728,4,10,192,1,1,70597010,1
8332,70,554010,7020,747,0718,4,10,192,1,1,70596020,1
8333,70,452515,7020,747,0512,4,10,192,1,1,70591510,1
8334,70,552015,7020,747,0711,4,10,192,1,1,70591520,1
8335,70,582050,7020,747,0732,4,10,192,1,1,70592510,1
8336,70,555086,7020,747,0728,4,10,192,1,1,70597010,1
8337,70,553520,7020,747,0714,4,10,192,1,1,70593010,1
8338,70,554510,7020,747,0719,4,10,192,1,1,70592010,1
8339,70,501090,7020,747,0618,4,10,192,1,1,70593015,1
8340,70,551510,7010,747,0710,4,10,192,1,1,70591010,1
8341,70,453030,7020,747,0518,4,10,192,1,1,70591520,1
8342,70,551510,7020,747,0710,4,10,192,1,1,70599530,1
8343,70,553025,7020,747,0713,4,10,192,1,1,70594015,1
8344,70,553520,7020,747,0714,4,10,192,1,1,70593010,2
8345,70,582050,7020,747,0732,4,10,192,1,1,70592510,2
8346,70,452515,7020,747,0512,4,10,192,1,1,70591510,2
8347,70,555082,7020,747,0724,4,10,192,1,1,70599520,2
8348,70,553520,7020,747,0714,4,10,192,1,1,70596510,2
8349,70,501015,7010,747,0612,4,10,192,1,1,70356040,1
8350,70,501095,7010,747,0618,4,10,192,1,1,70391510,1
8351,70,452515,7020,747,0512,4,10,192,1,1,70591510,1
8352,70,554015,7010,747,0718,4,10,192,1,1,70599530,2
8353,70,553025,7020,747,0713,4,10,192,1,1,70594015,1
8354,70,553020,7020,747,0713,4,10,192,1,1,70592510,2
8355,70,582050,7020,747,0732,4,10,192,1,1,70592510,2
8356,70,582050,7020,747,0732,4,10,192,1,1,70592515,1
8357,70,552510,7020,747,0712,4,10,192,1,1,70595510,2
8358,70,452010,7020,747,0512,4,10,192,1,1,70591520,2
8359,70,582060,7010,747,0738,4,10,192,1,1,70592510,1
8360,70,582050,7020,747,0732,4,10,192,1,1,70592510,1
8361,70,582050,7010,747,0732,4,10,192,1,1,70592510,2
8362,70,582060,7010,747,0738,4,10,192,1,1,70592510,1
8363,70,552510,7020,747,0712,4,10,192,1,1,70595510,1
8364,70,555090,7010,747,0728,4,10,192,1,1,70599530,2
8365,70,581510,7020,747,0731,4,10,192,1,1,70592510,2
8366,70,582050,7020,747,0732,4,10,192,1,1,70592510,2
8367,70,555090,7020,747,0728,4,10,192,1,1,70596510,2
8368,70,554510,7020,747,0719,4,10,192,1,1,70592010,2
8369,70,554510,7020,747,0719,4,10,192,1,1,70592010,2
8370,70,554510,7020,747,0719,4,10,192,1,1,70592010,2
8371,70,452515,7020,747,0512,4,10,192,1,1,70591510,2
8372,70,553025,7020,747,0713,4,10,192,1,1,70594015,2
8373,70,553520,7020,747,0714,4,10,192,1,1,70596510,2
8374,70,582050,7010,747,0732,4,10,192,1,1,70592510,2
8375,70,555086,7020,747,0728,4,10,192,1,1,70599515,2
8376,70,551010,7020,747,0700,4,10,192,1,1,70599530,1
8377,70,581510,8550,757,0731,5,10,192,1,1,70301510,1
8378,70,555086,7010,747,0728,4,10,192,1,1,70597010,2
8379,60,703015,8540,655,1015,5,7,180,1,1,50383010,1
8380,70,304015,8550,757,0215,5,7,192,1,1,70306555,1
8381,70,304015,8550,757,0215,5,7,192,1,1,70306555,1
8382,70,304015,8550,757,0215,5,7,192,1,1,70306540,1
8383,70,202020,8550,757,0111,5,7,192,1,1,70306540,1
8384,70,304015,8550,757,0215,5,7,192,1,1,70306540,1
8385,70,304015,8550,757,0215,5,7,192,1,1,70306540,1
8386,70,304035,8550,757,0215,5,7,192,1,1,70306540,1
8387,70,553025,7020,747,0713,4,10,192,1,1,70594015,2
8388,70,553025,7020,747,0713,4,10,192,1,1,70594015,2
8391,70,655520,7010,747,0918,4,10,192,1,1,70903010,1
8392,70,401010,7010,747,0410,4,10,192,1,1,70396010,2
8393,70,501025,7010,747,0618,4,10,192,1,1,70356010,2
8400,60,601530,5010,645,0811,4,10,156,1,1,60802010,1
8401,50,204015,8530,554,0114,5,10,156,1,1,40202515,1
8402,60,602515,5010,645,0818,4,10,156,1,1,60804010,1
8403,60,453015,5010,645,0518,4,10,156,1,1,60752515,1
8404,60,602510,5010,645,0818,4,10,156,1,1,60802015,1
8405,60,654530,5010,645,0915,4,10,156,1,1,60759510,1
8406,60,453015,5010,645,0518,4,10,156,1,1,60752510,1
8407,60,602035,5010,645,0812,4,10,156,1,1,60804510,1
8408,50,656520,8530,554,0922,5,10,156,1,1,40202515,1
8409,60,581525,5010,645,0731,4,10,156,1,1,60804510,1
8410,60,604015,5010,645,0841,4,10,156,1,1,60803010,1
8411,60,603015,5010,645,0821,4,10,156,1,1,60803510,1
8412,60,601530,5010,645,0811,4,10,156,1,1,60802510,1
8413,50,981030,8530,554,9999,5,10,156,1,1,40971010,1
8414,70,501025,7010,747,0618,4,10,192,1,1,70356010,2
8415,70,604015,7010,747,0841,4,10,192,1,1,70803010,1
8416,70,601530,7010,747,0811,4,10,192,1,1,70802510,2
8417,60,601530,5010,645,0811,4,10,156,1,1,60802510,1
8418,70,601530,7010,747,0811,4,10,192,1,1,70802510,2
8419,70,405010,7010,747,0421,4,10,192,1,1,70393010,1
8420,60,453510,5010,645,0528,4,10,156,1,1,60805090,1
8421,60,601530,5010,645,0811,4,10,156,1,1,60805090,1
8422,70,601530,7010,747,0811,4,10,192,1,1,70802010,2
8423,70,352010,7010,747,0312,4,10,192,1,1,70393510,1
8424,70,451010,7010,747,0500,4,10,192,1,1,70359520,1
8425,70,202020,7010,747,0111,4,10,192,1,1,70203010,1
8426,70,501025,7010,747,0618,4,10,192,1,1,70356010,2
8427,70,401010,7010,747,0410,4,10,192,1,1,70396010,2
8428,70,654515,7010,747,0915,4,10,192,1,1,70901510,1
8429,70,401010,7010,747,0410,4,10,192,1,1,70396010,1
8430,70,654515,7010,747,0915,4,10,192,1,1,70902010,1
8431,70,258415,7010,747,0238,4,10,192,1,1,70258920,1
8432,70,652510,7010,747,0913,4,10,192,1,1,70904010,1
8433,70,405010,7010,747,0421,4,10,192,1,1,70393010,1
8434,70,652525,7010,747,0913,4,10,192,1,1,70904510,1
8435,70,551510,7020,747,0710,4,10,192,1,1,70599515,2
8436,70,202010,7010,747,0111,4,10,192,1,1,70203020,1
8437,70,401510,7010,747,0411,4,10,192,1,1,70391510,1
8438,70,652525,7010,747,0913,4,10,192,1,1,70909525,1
8439,70,453030,7010,747,0518,4,10,192,1,1,70359510,2
8440,60,203510,8540,655,0113,5,10,180,1,2,50202010,1
8441,50,656525,8590,554,0922,5,10,156,1,2,40202515,1
8442,50,204015,8590,554,0114,5,10,156,1,2,40202515,1
8443,50,201010,8590,554,0111,5,10,156,1,2,40202515,1
8444,50,657015,8590,554,0923,5,10,156,1,2,40202515,1
8445,60,209010,8540,655,0118,5,10,204,1,1,50202010,1
8446,60,657010,8540,651,0923,5,10,192,1,1,50384010,1
8447,60,656525,8540,651,0922,5,10,198,1,1,50201510,1
8448,60,657015,8540,655,0923,5,10,180,1,1,50202515,1
8449,70,451510,7010,747,0511,4,10,192,1,1,70351710,2
8450,70,554010,7020,747,0718,4,10,192,1,1,70596020,1
8451,70,453030,7020,747,0518,4,10,192,1,1,70591515,2
8452,70,454010,7010,747,0531,4,10,192,1,1,70354710,2
8453,70,582050,7020,747,0732,4,10,192,1,1,70592510,2
8454,70,501090,7020,747,0618,4,10,192,1,1,70593015,2
8455,70,501025,7010,747,0618,4,10,192,1,1,70356010,2
8456,70,459010,7010,747,0548,4,10,192,1,1,70356010,2
8457,70,554015,7020,747,0718,4,10,192,1,1,70593010,2
8458,70,455515,7010,747,0532,4,10,192,1,1,70354010,2
8459,70,501015,7010,747,0612,4,10,192,1,1,70356040,2
8460,70,405010,7010,747,0421,4,10,192,1,1,70393010,1
8461,70,457510,7010,747,0541,4,10,192,1,1,70355010,2
8462,70,573020,7020,747,0715,4,10,192,1,1,70595010,2
8463,70,601530,7010,747,0811,4,10,192,1,1,70802010,2
8464,70,452015,7010,747,0512,4,10,192,1,1,70352015,1
8465,70,554510,7010,747,0719,4,10,192,1,1,70352510,2
8466,70,457010,7010,747,0533,4,10,192,1,1,70353015,2
8467,70,401510,7010,747,0411,4,10,192,1,1,70391510,1
8468,70,252020,7010,747,0222,4,10,192,1,1,70252515,2
8469,70,458010,7010,747,0542,4,10,192,1,1,70355510,2
8470,70,652525,7010,747,0913,4,10,192,1,1,70909525,1
8471,70,652525,7010,747,0913,4,10,192,1,1,70904510,1
8472,70,554015,7020,747,0718,4,10,192,1,1,70599515,2
8473,70,454015,7010,747,0531,4,10,192,1,1,70352210,2
8474,70,452010,7010,747,0512,4,10,192,1,1,70351510,2
8475,70,459010,7010,747,0548,4,10,192,1,1,70355015,2
8476,70,552015,7020,747,0711,4,10,192,1,1,70591520,2
8477,70,581510,7020,747,0731,4,10,192,1,1,70592510,2
8478,70,554015,7010,747,0718,4,10,192,1,1,70599530,2
8479,70,453030,7020,747,0518,4,10,192,1,1,70591520,2
8480,70,552510,7020,747,0712,4,10,192,1,1,70595510,2
8481,70,209015,7010,747,0118,4,10,192,1,1,70203020,1
8482,70,209015,7010,747,0118,4,10,192,1,1,70203020,1
8483,70,209020,7010,747,0118,4,10,192,1,1,70203020,1
8484,70,201010,7010,747,0111,4,10,192,1,1,70203015,1
8485,70,257210,7010,747,0231,4,10,192,1,1,70397010,2
8486,70,554015,7020,747,0718,4,10,192,1,1,70599530,2
8487,70,209015,7010,747,0118,4,10,192,1,1,70203020,1
8488,70,209015,7010,747,0118,4,10,192,1,1,70203020,1
8489,70,555086,7010,747,0728,4,10,192,1,1,70597010,2
8490,70,554010,7020,747,0718,4,10,192,1,1,70596020,2
8491,70,452515,7020,747,0512,4,10,192,1,1,70591510,2
8492,70,554015,7020,747,0718,4,10,192,1,1,70596510,2
8493,70,452010,7020,747,0512,4,10,192,1,1,70591520,2
8494,70,582050,7020,747,0732,4,10,192,1,1,70592510,2
8495,70,553520,7020,747,0714,4,10,192,1,1,70593010,2
8496,70,555086,7020,747,0728,4,10,192,1,1,70597010,2
8497,70,554015,7020,747,0718,4,10,192,1,1,70596510,2
8498,70,554015,7020,747,0718,4,10,192,1,1,70593010,2
8499,70,554010,7020,747,0718,4,10,192,1,1,70596010,2
8500,70,554015,7020,747,0718,4,10,192,1,1,70596510,2
8501,60,201010,8540,655,0111,5,10,180,1,2,50203015,1
8502,60,204010,8590,655,0114,5,10,180,2,0,50202510,1
8503,60,202010,8540,655,0111,5,10,180,1,2,50203020,1
8504,60,656525,8540,655,0922,5,10,180,1,1,50202515,1
8505,60,355010,8540,655,0321,5,10,180,1,1,50242510,1
8506,60,703015,8540,655,1015,5,10,180,1,1,50383010,1
8507,60,201015,8540,655,0111,5,10,180,1,2,50202515,1
8508,60,204010,8540,655,0114,5,10,180,1,1,50202515,1
8509,60,554015,8540,655,0718,4,10,180,1,1,50589530,1
8510,60,402510,8540,655,0413,5,10,180,1,1,50381010,1
8511,60,354010,8540,655,0314,5,10,192,1,1,50381510,1
8512,60,657010,8540,655,0923,5,10,180,1,1,50894590,1
8513,60,554015,8540,655,0718,5,10,180,1,1,50859510,1
8514,70,554510,7020,747,0719,4,10,192,1,1,70592010,2
8515,70,553520,7020,747,0714,4,10,192,1,1,70596510,2
8516,70,555090,7020,747,0728,4,10,192,1,1,70597010,2
8517,60,994020,8540,655,9999,5,10,180,1,1,50971010,1
8518,60,404020,8540,655,0416,5,10,180,1,1,50382510,1
8519,60,402510,8540,655,0413,5,10,180,1,0,50381510,1
8520,60,355010,8540,655,0321,5,10,180,1,1,50242510,1
8521,60,355010,8540,655,0321,5,10,192,1,1,50242510,1
8522,60,209015,8540,655,0118,5,10,180,1,1,50203020,1
8523,50,257010,8590,554,0231,5,10,156,1,1,40202515,1
8524,60,402510,8540,655,0413,5,10,180,1,1,50381510,1
8525,60,354020,8540,655,0314,5,10,180,1,1,50384010,1
8526,60,703015,8540,655,1015,5,10,180,1,1,50383010,1
8527,70,552510,7020,747,0712,4,10,192,1,1,70595510,2
8528,70,453030,7020,747,0518,4,10,192,1,1,70591520,2
8529,70,553520,7020,747,0714,4,10,192,1,1,70593010,2
8530,70,551510,7020,747,0710,4,10,192,1,1,70599530,2
8531,70,501090,7020,747,0618,4,10,192,1,1,70593010,2
8532,70,555090,7020,747,0728,4,10,192,1,1,70596510,2
8533,70,554015,7020,747,0718,4,10,192,1,1,70596510,2
8534,70,554010,7020,747,0718,4,10,192,1,1,70596020,2
8535,70,553025,7020,747,0713,4,10,192,1,1,70594015,2
8536,70,553025,7020,747,0713,4,10,192,1,1,70594015,2
8537,70,553025,7020,747,0713,4,10,192,1,1,70594010,2
8538,70,501095,7010,747,0618,4,10,192,1,1,70396010,2
8539,70,352530,7010,747,0312,4,10,192,1,1,70391510,1
8540,70,652525,7010,747,0913,4,10,192,1,1,70904510,1
8541,70,401510,7010,747,0411,4,10,192,1,1,70391510,1
8542,70,401510,7010,747,0411,4,10,192,1,1,70391510,1
8543,70,501025,7010,747,0618,4,10,192,1,1,70356010,2
8544,70,552015,7020,747,0711,4,10,192,1,1,70591520,2
8545,70,554015,7020,747,0718,4,10,192,1,1,70599530,2
8546,70,453030,7020,747,0518,4,10,192,1,1,70591520,2
8547,70,554010,7020,747,0718,4,10,192,1,1,70596010,2
8548,70,452515,7020,747,0512,4,10,192,1,1,70591510,2
8549,70,554015,7020,747,0718,4,10,192,1,1,70596510,2
8550,70,582050,7020,747,0732,4,10,192,1,1,70592510,2
8551,60,453510,8540,665,0528,5,10,180,1,1,50805090,1
8552,60,654530,8540,655,0915,5,10,180,1,1,50752010,1
8553,60,551510,8540,655,0710,5,10,180,1,1,50581010,1
8554,60,271040,8590,651,0211,5,10,180,1,1,50589525,1
8555,60,271040,8590,651,0211,5,10,180,1,1,50589525,1
8556,60,602015,8540,655,0812,5,10,180,1,1,50804510,1
8557,60,554015,8540,655,0718,5,10,180,1,1,50589530,1
8558,60,551510,8540,655,0710,5,10,180,1,1,50581010,1
8559,60,453030,8540,655,0518,5,10,180,1,1,50751510,1
8560,60,553030,8540,655,0713,5,10,180,1,1,50582510,1
8561,60,553515,8540,655,0714,5,10,180,1,1,50582020,1
8562,60,582045,8540,655,0732,5,10,180,1,1,50581515,1
8563,60,554010,5520,655,0718,4,10,156,1,1,50584010,1
8564,60,801510,8540,655,1041,5,10,180,1,1,50859510,1
8565,70,581510,7020,747,0731,4,10,192,1,1,70592510,2
8566,70,553025,7020,747,0713,4,10,192,1,1,70594015,2
8567,70,553025,7020,747,0713,4,10,192,1,1,70594015,2
8568,70,552510,7020,747,0712,4,10,192,1,1,70595510,2
8569,70,555086,7020,747,0728,4,10,192,1,1,70597010,2
8570,70,554015,7020,747,0718,4,10,192,1,1,70593010,2
8571,70,554010,7020,747,0718,4,10,192,1,1,70596020,2
8572,70,554510,7020,747,0719,4,10,192,1,1,70592010,2
8573,70,453030,7020,747,0518,4,10,192,1,1,70591520,2
8574,70,554015,7020,747,0718,4,10,192,1,1,70596510,2
8575,70,551510,7020,747,0710,4,10,192,1,1,70599530,2
8576,70,501090,7020,747,0618,4,10,192,1,1,70593010,2
8577,70,452010,7020,747,0512,4,10,192,1,1,70591520,2
8578,70,553520,7020,747,0714,4,10,192,1,1,70593010,2
8579,70,555090,7020,747,0728,4,10,192,1,1,70597010,2
8580,70,553520,7020,747,0714,4,10,192,1,1,70596510,2
8581,70,554015,7020,747,0718,4,10,192,1,1,70596510,2
8582,70,554015,7020,747,0718,4,10,192,1,1,70599530,2
8583,70,554015,7020,747,0718,4,10,192,1,1,70596510,2
8584,70,501095,8550,757,0618,5,10,192,1,1,70391010,1
8585,70,457510,8550,757,0541,5,10,192,1,1,70355010,1
8586,60,402510,8540,655,0413,5,10,192,1,0,50381510,1
8587,70,501020,8550,757,0613,5,10,192,1,1,70599510,1
8588,70,255015,8550,757,0228,5,10,192,1,1,70253710,1
8589,70,501095,8550,747,0618,5,10,192,1,1,70391010,2
8590,70,555090,7020,747,0728,4,10,192,1,1,70596510,2
8591,70,554010,7020,747,0718,4,10,192,1,1,70596020,2
8592,70,553520,7020,747,0714,4,10,192,1,1,70593010,2
8593,70,552510,7020,747,0712,4,10,192,1,1,70595510,2
8594,70,553025,7020,747,0713,4,10,192,1,1,70594010,2
8595,70,555086,7010,747,0728,4,10,192,1,1,70597010,2
8596,70,553515,7020,747,0714,4,10,192,1,1,70593510,2
8597,70,501090,7020,747,0618,4,10,192,1,1,70593010,2
8598,70,501090,7020,747,0618,4,10,192,1,1,70593010,2
8599,60,981030,8540,655,9999,5,10,180,1,1,50971010,1
8600,60,402510,8540,655,0413,5,10,180,1,1,50381510,1
8601,60,401515,8540,655,0411,5,10,180,1,1,50381510,1
8602,60,401515,8540,655,0411,5,10,180,1,1,50382010,1
8603,60,657010,8540,655,0923,5,10,180,1,1,50384010,1
8604,50,402510,8530,554,0413,5,10,156,1,1,40381510,1
8605,70,554015,7020,747,0718,4,10,192,1,1,70599530,2
8606,70,553510,7020,747,0714,4,10,192,1,1,70593510,2
8607,70,554010,7020,747,0718,4,10,192,1,1,70596020,1
8608,70,582050,7020,747,0732,4,10,192,1,1,70592510,2
8609,70,501095,7010,747,0618,4,10,192,1,1,70356040,2
8610,70,501090,7020,747,0618,4,10,192,1,1,70593015,2
8611,70,554015,7020,747,0718,4,10,192,1,1,70593010,2
8612,70,453030,7020,747,0518,4,10,192,1,1,70591515,2
8613,70,573020,7020,747,0715,4,10,192,1,1,70595010,2
8614,70,573020,7020,747,0715,4,10,192,1,1,70595010,2
8615,70,501015,7010,747,0612,4,10,192,1,1,70356015,2
8616,70,354025,7010,747,0314,4,10,192,1,1,70394520,1
8620,60,501090,8540,655,0618,5,10,180,1,1,50582015,1
8621,60,551510,8540,651,0710,5,10,192,1,1,50589530,1
8622,60,402510,8540,655,0413,5,10,180,1,1,50381510,1
8623,60,554015,5520,655,0718,5,10,156,1,1,50585020,1
8624,60,501090,8540,655,0618,5,10,180,1,1,50582015,1
8625,60,501015,8540,655,0612,5,10,180,1,1,50582015,1
8626,60,501015,8540,655,0612,5,10,192,1,1,50582015,1
8627,60,453510,8540,655,0528,5,10,180,1,1,50805090,1
8628,60,501015,8540,655,0612,5,10,180,1,1,50582015,1
8629,60,501015,8540,655,0612,5,10,180,1,1,50582015,1
8630,60,703010,8540,655,1014,5,10,180,1,1,50383010,1
8631,60,209020,8540,655,0118,4,10,180,1,1,50203020,1
8632,60,652520,8540,655,0913,5,10,180,1,0,50891010,1
8633,60,652525,6010,655,0913,4,5,192,1,1,50893510,1
8634,60,652525,8590,651,0913,4,10,196,1,2,50893510,1
8635,60,652525,6010,655,0913,4,10,192,1,1,50893510,1
8636,60,651510,8540,655,0911,5,10,180,1,0,50894010,1
8637,60,652525,8540,655,0913,5,10,180,1,1,50892510,1
8638,60,657015,8540,655,0923,5,10,180,1,1,50384010,1
8639,60,656010,8540,655,0921,5,10,180,1,1,50892510,1
8640,60,652525,6010,655,0913,4,5,192,1,1,50893510,1
8641,60,652525,6010,655,0913,4,5,192,1,1,50893510,1
8642,60,652525,6010,655,0913,4,5,192,1,1,50893510,1
8643,60,652525,6010,655,0913,4,5,192,1,1,50893510,1
8644,60,652525,6010,655,0913,4,5,192,1,1,50893510,1
8645,60,652525,6010,655,0913,4,5,192,1,1,50893510,1
8646,60,652525,6010,655,0913,4,5,192,1,1,50893510,1
8655,60,656525,8540,655,0922,5,10,180,1,1,50202515,1
8656,60,657015,8540,655,0923,5,10,180,1,1,50384010,1
8657,60,652525,8540,655,0913,5,10,180,1,2,50891010,1
8658,60,657015,8540,655,0923,5,10,192,1,0,50381510,1
8670,60,304015,8540,655,0215,5,5,180,1,1,50306540,1
8671,60,304045,8540,655,0215,5,7,180,1,1,50306510,1
8672,60,304015,8540,655,0215,5,7,180,1,1,50306540,1
8673,60,501095,8540,655,0618,5,10,180,1,1,50382510,1
8674,60,304015,8540,655,0215,5,7,180,1,1,50306540,1
8701,70,354035,7010,747,0314,4,10,192,1,1,70394525,1
8702,70,452010,7010,747,0512,4,10,192,1,1,70351510,2
8703,70,355015,7010,747,0321,4,10,192,1,1,70253010,2
8704,70,501025,7010,747,0618,4,10,192,1,1,70356010,2
8705,70,257810,7010,747,0232,4,10,192,1,1,70255210,1
8706,70,254510,7010,747,0223,4,10,192,1,1,70252010,1
8707,70,354510,7010,747,0318,4,10,192,1,1,70392510,1
8708,70,252010,7010,747,0222,4,10,192,1,1,70252210,1
8709,70,501095,7010,747,0618,4,10,192,1,1,70356020,1
8710,70,355010,7010,747,0321,4,10,192,1,1,70253210,1
8711,70,354515,7010,747,0318,4,10,192,1,1,70253015,1
8712,70,453020,7010,747,0518,4,10,192,1,1,70352510,2
8713,70,457010,7010,747,0533,4,10,192,1,1,70353025,2
8714,70,452015,7010,747,0512,4,10,192,1,1,70352020,2
8715,70,354015,7010,747,0314,4,10,192,1,1,70391510,1
8716,70,255015,7010,747,0228,4,10,192,1,1,70259525,1
8717,70,655520,7010,747,0918,4,10,192,1,1,70909525,1
8718,70,402510,7010,747,0413,4,10,192,1,1,70391510,2
8719,70,352520,7010,747,0312,4,10,192,1,1,70392510,2
8720,70,352010,7010,747,0312,4,10,192,1,1,70393515,2
8721,70,355015,7010,747,0321,4,10,192,1,1,70253010,1
8722,70,354510,7010,747,0318,4,10,192,1,1,70392510,2
8723,70,352530,7010,747,0312,4,10,192,1,1,70391510,1
8724,70,354025,7010,747,0314,4,10,192,1,1,70394520,2
8725,70,354035,7010,747,0314,4,10,192,1,1,70394525,1
8726,70,552510,7010,747,0712,4,10,192,1,1,70595510,1
8727,70,402510,7010,747,0413,4,10,192,1,1,70391510,1
8728,70,453510,7010,747,0528,4,10,192,1,1,70359520,2
8729,70,354525,7010,747,0318,3,10,192,1,1,70393010,1
8730,70,355015,7010,747,0321,4,10,192,1,1,70253010,2
8731,70,457510,7010,747,0541,4,10,192,1,1,70355010,2
8732,70,452015,7010,747,0512,4,10,192,1,1,70352015,2
8750,70,202010,8550,757,0111,5,10,192,1,1,70203020,1
8799,70,994020,8550,757,9999,5,10,192,1,1,70971010,1
8800,70,201015,8550,757,0111,5,10,192,1,1,70203020,1
8801,70,201010,8550,757,0111,5,10,192,1,1,70203015,1
8802,70,655520,8550,757,0918,5,10,192,1,1,70909525,1
8803,70,209020,8550,757,0118,5,10,192,1,1,70203020,1
8804,70,201015,8550,757,0111,5,10,192,1,1,70203020,1
8805,70,201010,8550,757,0111,5,10,192,1,1,70203015,1
8806,70,201015,8550,757,0111,5,10,192,1,1,70394525,1
8807,70,202010,8550,757,0111,5,10,192,1,1,70203020,1
8808,70,201010,8550,757,0111,5,10,192,1,1,70203015,1
8809,70,258425,8550,757,0238,5,10,192,1,1,70258910,1
8810,70,201010,8550,757,0111,5,10,192,1,1,70203015,1
8811,70,202010,8550,757,0111,5,10,192,1,1,70201010,1
8812,70,258010,8550,757,0232,5,10,192,1,1,70252710,1
8813,70,657015,8550,757,0923,5,10,192,1,1,70203020,1
8814,70,201015,8550,757,0111,5,10,192,1,1,70203020,1
8815,70,355015,8550,757,0321,5,10,192,1,1,70395510,1
8816,70,355020,8550,757,0321,5,10,192,1,1,70253215,1
8817,70,201010,8550,757,0111,5,10,192,1,1,70203015,1
8818,70,201015,8550,757,0111,5,10,192,1,1,70203020,1
8819,70,655520,8550,757,0918,5,10,192,1,1,70909515,1
8820,70,354525,8550,757,0318,5,10,192,1,1,70253710,1
8821,70,255010,8550,757,0228,5,10,192,1,1,70252610,1
8822,70,201015,8550,757,0111,5,10,192,1,1,70203020,1
8823,70,355015,8550,757,0321,5,10,192,1,1,70253010,1
8824,70,355015,8550,757,0321,5,10,192,1,1,70253210,1
8825,70,501095,8550,757,0618,5,10,192,1,1,70593010,1
8826,70,501095,8550,757,0618,5,10,192,1,1,70593015,1
8827,70,453510,8550,757,0528,5,10,192,1,1,70805090,1
8828,70,455515,8550,757,0532,5,10,192,1,1,70359520,1
8829,70,458010,8550,757,0542,5,10,192,1,1,70355510,1
8830,70,501095,8550,757,0618,5,10,192,1,1,70253510,1
8831,70,501025,8550,757,0618,5,10,192,1,1,70356010,1
8832,70,201015,8550,757,0111,5,10,192,1,1,70203015,1
8833,70,457010,8550,757,0533,5,10,192,1,1,70356040,1
8834,70,457010,8550,757,0533,5,10,192,1,1,70353015,1
8835,70,501095,8550,757,0618,5,10,192,1,1,70593015,1
8836,70,655515,8550,757,0918,5,10,192,1,1,70903010,1
8837,70,451010,8550,757,0500,5,10,192,1,1,70359520,1
8838,70,453030,8550,757,0518,5,10,192,1,1,70352210,1
8839,70,201015,8550,757,0111,5,10,192,1,1,70203015,1
8840,70,354025,8550,757,0314,5,10,192,1,1,70394525,1
8841,70,555030,8550,757,0721,5,10,192,1,1,70759510,1
8842,70,201010,8550,757,0111,5,10,192,1,1,70203015,1
8843,70,352530,8550,757,0312,5,10,192,1,1,70391510,1
8844,70,401515,8550,757,0411,5,10,192,1,1,70391510,1
8845,70,401515,8550,757,0411,5,10,192,1,1,70391510,1
8846,70,402510,8550,757,0413,5,10,192,1,0,70391510,1
8847,70,402510,8550,757,0413,5,10,192,1,1,70395510,1
8848,70,402510,8550,757,0413,5,10,192,1,1,70395510,1
8849,70,402510,8550,757,0413,5,10,192,1,0,70391510,1
8850,70,402510,8550,757,0413,5,10,192,1,1,70391510,1
8851,70,352510,8550,757,0312,5,10,192,1,1,70252215,1
8852,70,355015,8550,757,0321,5,10,192,1,1,70391510,1
8853,70,409030,8550,757,0418,5,10,192,1,1,70391510,1
8854,70,409030,8550,757,0418,5,10,192,1,1,70391510,1
8855,70,402510,8550,757,0413,5,10,192,1,1,70391510,1
8856,70,351510,8550,757,0311,5,10,192,1,1,70395010,1
8857,70,254510,8550,757,0223,5,10,192,1,1,70391510,1
8858,70,201015,8550,757,0111,5,10,192,1,1,70203020,1
8859,70,402510,8550,757,0413,5,10,192,1,1,70395510,1
8860,70,352530,8550,757,0312,5,10,192,1,1,70393515,1
8861,70,402510,8550,757,0413,5,10,192,1,1,70391510,1
8862,70,402510,8550,757,0413,5,10,192,1,1,70395510,1
8863,70,402510,8550,757,0413,5,10,192,1,1,70394525,1
8864,70,655510,8550,757,0918,5,10,192,1,1,70903010,1
8865,70,354520,8550,757,0318,5,10,192,1,1,70805020,1
8866,70,402510,8550,757,0413,5,10,192,1,1,70599515,1
8867,70,453510,8550,757,0528,5,10,192,1,1,70805090,1
8868,70,402510,8550,757,0413,5,10,192,1,1,70391510,1
8869,70,751525,8550,757,1032,5,10,192,1,1,70599510,1
8870,70,582060,8550,757,0738,5,10,192,1,1,70592515,1
8871,70,582055,8550,757,0732,5,10,192,1,1,70592510,1
8872,70,582045,8550,757,0732,5,10,192,1,1,70592510,1
8873,70,501095,8550,757,0618,5,10,192,1,1,70593010,1
8874,70,254035,8550,757,0222,5,10,192,1,1,70251510,1
8875,70,258415,8550,757,0238,5,10,192,1,1,70258920,1
8876,70,601530,8550,757,0811,5,10,192,1,1,70802510,1
8877,70,602515,8550,757,0818,5,10,192,1,1,70802510,1
8878,70,581525,8550,757,0731,5,10,192,1,1,70804510,1
8879,70,655510,8550,757,0918,5,10,192,1,1,70903010,1
8880,70,655510,8550,757,0918,5,10,192,1,1,70903010,1
8881,70,655520,8550,757,0918,5,10,192,1,1,70909525,1
8882,70,652525,8550,757,0913,5,10,192,1,1,70904510,1
8883,70,453010,8550,757,0518,5,10,192,1,1,70902510,1
8884,70,453010,8550,757,0518,5,10,192,1,1,70902510,1
8885,70,354525,8550,757,0318,5,10,192,1,1,70393515,1
8886,70,402510,8550,757,0413,5,10,192,1,1,70259525,1
8887,70,501095,8550,757,0618,5,10,192,1,1,70593010,1
8888,70,353510,8550,757,0314,5,10,192,1,1,70392010,1
8889,70,751525,8550,757,1032,5,10,192,1,1,70599510,1
8890,70,652520,8550,757,0913,5,10,192,1,1,70909525,1
8891,70,453010,8550,757,0518,5,10,192,1,1,70902510,1
8892,70,501095,8550,757,0618,5,10,192,1,1,70593010,1
8893,70,304045,8550,757,0215,5,7,192,1,1,70306555,1
8894,70,602515,8550,757,0818,5,10,192,1,1,70802510,1
8895,70,355530,8550,757,0322,5,10,192,1,1,70253510,1
8896,70,457510,8550,757,0541,5,10,192,1,1,70355010,1
8897,70,354025,8550,757,0314,5,10,192,1,1,70394520,1
8898,70,201015,8550,757,0111,5,10,192,1,1,70391510,1
8899,70,452515,8550,757,0512,5,10,192,1,1,70591510,1
8900,70,501095,8550,757,0618,5,10,192,1,1,70593015,1
8901,70,409025,8550,757,0418,5,10,192,1,1,70395510,1
8902,70,201015,8550,757,0111,5,10,192,1,1,70203020,1
8903,70,501095,8550,757,0618,5,10,192,1,1,70593010,1
8904,70,501095,8550,757,0618,5,10,192,1,1,70253710,1
8905,70,501095,8550,757,0618,5,10,192,1,1,70356015,1
8906,70,501015,8550,757,0612,5,10,192,1,1,70593015,1
8907,70,501015,8550,757,0612,5,10,192,1,1,70356015,1
8908,70,501095,8550,757,0618,5,10,192,1,1,70593015,1
8909,70,501095,8550,757,0618,8,10,192,1,1,70903510,1
8910,70,553025,8550,757,0713,5,10,192,1,1,70594010,1
8911,70,402510,8550,757,0413,5,10,192,1,1,70391510,1
8912,70,355010,8550,757,0321,5,10,192,1,1,70253210,1
8913,70,402510,8550,757,0413,5,10,192,1,1,70395510,1
8914,70,655515,8550,757,0918,5,10,192,1,1,70354510,1
8915,70,354525,8550,757,0318,5,10,192,1,1,70253010,1
8916,70,402510,8550,757,0413,5,10,192,1,1,70391510,1
8917,70,402510,8550,757,0413,5,10,192,1,1,70395510,1
8918,70,352525,8550,757,0312,5,10,192,1,1,70392510,1
8919,70,204010,8550,757,0114,5,10,192,1,1,70202510,1
8920,70,501095,8550,757,0618,5,10,192,1,1,70903510,1
8921,70,304015,8550,757,0215,5,10,192,1,0,70306540,1
8922,70,201010,8550,757,0111,5,10,192,1,0,70203015,1
8923,70,355010,8550,757,0321,5,10,192,1,0,70253210,1
8924,70,354520,8550,757,0318,5,10,192,1,1,70359520,1
8925,70,201010,8550,757,0111,5,10,192,1,1,70203015,1
8926,70,201015,8550,757,0111,5,10,192,1,1,70203020,1
8927,70,353010,8550,757,0313,5,10,192,1,1,70391510,1
8928,70,402510,8550,757,0413,5,10,192,1,1,70395510,1
8929,70,201015,8550,757,0111,5,10,192,1,1,70203020,1
8930,70,501095,8550,757,0618,5,10,192,1,1,70593015,1
8931,70,402510,8550,757,0413,5,10,192,1,1,70391510,1
8932,70,402510,8550,757,0413,5,10,192,1,1,70909515,1
8933,70,652520,8550,757,0913,5,10,192,1,1,70904510,1
8934,70,353510,8550,757,0314,5,10,192,1,1,70253510,1
8935,70,201010,8550,757,0111,5,10,192,1,1,70203015,1
8936,70,457510,8550,757,0541,5,10,192,1,1,70355010,1
8937,70,402510,8550,757,0413,5,10,192,1,1,70391510,1
8938,70,655510,8550,757,0918,5,10,192,1,1,70903010,1
8939,70,304025,8550,757,0215,5,7,192,1,1,70306540,1
8940,70,402010,8550,757,0412,5,10,192,1,1,70391510,1
8941,70,581510,8550,757,0731,5,10,192,1,1,70592510,1
8942,70,354010,8550,757,0314,5,10,192,1,1,70392510,1
8943,70,653515,8550,757,0914,5,10,192,1,1,70909525,1
8944,70,652520,8550,757,0913,5,10,192,1,1,70904510,1
8945,70,501095,8550,757,0618,5,10,192,1,1,70593010,1
8946,70,402510,8550,757,0413,5,10,192,1,1,70909515,1
8947,70,604015,8550,757,0841,5,10,216,1,1,70803010,1
8948,70,582060,8550,757,0738,5,10,192,1,1,70592510,1
8949,70,201010,8550,757,0111,5,10,192,1,1,70203015,1
8950,70,655520,8550,757,0918,5,10,192,1,1,70909525,1
8951,70,751515,8550,757,1032,5,10,192,1,1,70393515,1
8952,70,602515,8550,757,0818,5,10,192,1,1,70802510,1
8953,70,501095,8550,757,0618,5,10,192,1,1,70391510,1
8954,70,501095,8550,757,0618,5,10,192,1,1,70356030,1
8955,70,201015,8550,757,0111,5,10,192,1,1,70203020,1
8956,70,402510,8550,757,0413,5,10,12,1,1,70391510,1
8957,70,655520,8550,757,0918,5,10,192,1,1,70909525,1
8958,70,354025,8550,757,0314,5,10,192,1,1,70394520,1
8959,70,201010,8550,757,0111,5,10,192,1,1,70203015,1
8960,70,402510,8550,757,0413,5,10,192,1,1,70391510,2
8961,70,201015,7010,747,0111,4,10,192,1,1,70203020,1
8962,70,353010,8550,757,0313,5,10,192,1,1,70394010,1
8963,70,655510,8550,757,0900,5,10,192,1,1,70903510,2
8964,70,451010,8550,757,0500,5,10,192,1,1,70356010,1
8965,70,652010,8550,757,0912,5,10,192,1,1,70909525,2
8966,70,554015,8550,757,0718,5,10,192,1,1,70599530,2
8967,70,451010,8550,757,0500,5,10,192,1,1,70359520,2
8968,70,501095,8550,757,0618,5,10,192,1,1,70359520,1
8969,70,201010,8550,757,0111,5,10,192,1,1,70203015,1
8970,70,202010,8550,757,0111,5,10,192,1,1,70203020,1
8971,70,402510,8550,757,0413,5,10,192,1,1,70391510,1
8972,70,204015,8550,757,0114,5,10,192,1,1,70203020,1
8973,70,209015,8550,757,0118,5,10,192,1,1,70253015,1
8974,70,402510,8550,757,0413,5,10,192,1,1,70391510,1
8975,70,657015,8550,757,0923,5,10,192,1,1,70394520,1
8976,70,657015,8550,757,0923,5,10,192,1,1,70909525,1
8977,70,355520,8550,757,0322,5,10,192,1,1,70253510,1
8978,70,402510,8550,757,0413,5,10,192,1,0,70391510,1
8979,70,501095,8550,757,0618,5,10,192,1,1,70599515,1
8980,70,351010,8550,757,0300,5,10,192,1,1,70395510,1
8981,70,351010,8550,757,0300,5,10,192,1,1,70395510,2
8993,60,653530,5510,655,0914,4,10,156,2,1,50894510,1
8994,70,652520,8550,757,0913,5,10,192,1,1,70901010,1
8995,70,351010,8550,757,0300,5,10,192,1,1,70391010,1
8996,70,451010,8550,757,0500,5,10,192,1,1,70351010,1
8997,70,551510,8550,757,0710,5,10,192,1,1,70591010,1
8998,70,251010,8550,757,0220,5,10,192,1,1,70251010,1
8999,70,251510,8550,757,0221,5,10,192,1,1,70259710,1
9014,30,123010,8510,341,0021,7,1,0,0,0,20102010,1
9015,60,656515,8590,651,0922,0,10,0,0,0,50201510,1
9020,60,209010,8590,651,0118,5,10,192,1,1,50201010,1
9030,60,203510,8590,651,0113,0,10,0,0,0,50202010,1
9034,70,252010,9510,741,0222,0,10,0,0,0,70252210,1
9035,70,254035,9510,741,0222,0,10,0,0,0,70251510,1
9036,70,256620,9510,741,0231,0,10,0,0,0,70257020,1
9037,70,256615,9510,741,0231,0,10,0,0,0,70256015,1
9038,70,257810,9510,741,0232,0,10,0,0,0,70255210,1
9039,70,255210,9510,741,0231,0,10,0,0,0,70256510,1
9040,70,255215,9510,741,0231,0,10,0,0,0,70256520,1
9041,70,255420,9510,741,0231,0,10,0,0,0,70255710,1
9042,70,255425,9510,741,0231,0,10,0,0,0,70255715,1
9043,70,255410,9510,741,0231,0,10,0,0,0,70255730,1
9044,70,255615,9510,741,0231,0,10,0,0,0,70256025,1
9045,70,251515,9510,741,0221,0,10,0,0,0,70254510,1
9046,70,303010,9510,741,0213,0,10,0,0,0,70252610,1
9047,70,304010,9510,741,0215,0,10,0,0,0,70252625,1
9049,70,309015,9510,741,0215,0,10,0,0,0,70252620,1
9050,70,354030,9510,741,0314,0,10,0,0,0,70252615,1
9051,70,351010,9510,741,0300,0,10,0,0,0,70391010,1
9052,70,457510,9510,741,0541,0,10,0,0,0,70355010,1
9053,70,501025,9510,741,0618,0,10,0,0,0,70356010,1
9054,70,457010,9510,741,0533,0,10,0,0,0,70353015,1
9055,70,454010,9510,741,0531,0,10,0,0,0,70354710,1
9056,70,451510,9510,741,0511,0,10,0,0,0,70351710,1
9057,70,455010,9510,741,0532,0,10,0,0,0,70353710,1
9061,70,655515,9510,741,0918,0,10,0,0,0,70354510,1
9062,70,353010,9510,741,0313,0,10,0,0,0,70394010,1
9106,30,204015,3090,353,0114,0,1,0,0,0,30103510,1
9121,70,981030,7010,746,9999,8,10,156,0,0,70971010,1
9122,70,981030,7010,746,9999,8,10,156,0,0,70971010,1
9123,70,981030,7010,746,9999,8,10,156,0,0,70971010,1
9124,70,981030,7010,746,9999,8,10,156,0,0,70971010,1
9125,70,251010,7510,741,0220,8,10,0,0,0,70251010,1
9132,50,203510,4510,554,0113,8,10,0,0,0,40202515,1
9144,50,257610,4510,554,0231,8,10,0,0,0,40258010,1
9167,60,271510,6010,655,0211,8,10,0,0,0,50303010,1
9171,80,304030,8010,844,0215,8,10,216,0,0,80306530,1
9172,60,304010,6010,655,0215,8,7,0,0,0,50306555,1
9173,30,403510,3090,353,0415,0,1,0,0,0,30902510,1
9174,70,251510,7510,751,0221,0,10,0,0,0,70259710,1
9175,70,251510,7510,758,0221,4,5,216,1,1,70259710,1
9176,60,301010,6010,655,0210,8,10,0,0,0,50301010,1
9203,50,402510,8590,551,0413,0,10,0,0,0,40381510,1
9215,30,402020,3090,353,0412,0,1,0,0,0,30154510,1
9224,60,401010,8540,655,0410,8,10,156,0,0,50384510,1
9225,70,401510,7510,746,0411,8,10,156,0,0,70391510,1
9258,80,352010,8010,844,0312,15,10,0,0,0,80393510,1
9264,70,981030,7010,746,9999,8,10,156,0,0,70971010,1
9266,80,451010,8010,844,0500,15,10,0,0,0,80351010,1
9267,80,405010,8010,844,0421,15,10,0,0,0,80393010,1
9269,80,351510,8010,844,0311,15,10,0,0,0,80395010,1
9315,30,574030,8520,351,0716,19,1,0,1,3,39985015,1
9316,30,552015,8520,351,0711,19,1,0,1,3,39985520,1
9317,30,581010,8520,351,0730,19,1,0,1,3,39983510,1
9320,30,555060,8520,351,0722,19,1,0,1,3,39985510,1
9321,30,582020,8520,351,0732,19,1,0,1,3,39983540,1
9322,30,555040,8520,351,0722,19,1,0,1,3,39983555,1
9327,30,555065,8520,351,0723,19,1,0,1,3,39985570,1
9328,30,555065,8520,351,0723,19,1,0,1,3,39985570,1
9329,30,271010,8520,351,0211,19,1,0,1,3,39984530,1
9332,30,555020,8520,351,0721,19,1,0,1,3,39982020,1
9333,30,555035,8520,351,0721,19,1,0,1,3,39982050,1
9334,30,603510,8520,351,0831,19,1,0,1,3,39989010,1
9338,30,555035,8520,351,0721,19,1,0,1,3,39982050,1
9339,70,555035,7510,747,0721,0,10,0,0,0,70759510,1
9342,30,803510,3090,353,1041,0,1,0,0,0,30654010,1
9369,30,271515,3090,353,0211,0,1,0,0,0,30451510,1
9382,30,802510,3090,353,1041,0,1,0,0,0,30654010,1
9384,30,803510,3090,353,1041,0,1,0,0,0,30654010,1
9385,70,652010,7510,751,0912,0,5,0,0,0,70906010,1
9386,30,801010,3090,353,1041,0,1,0,0,0,30156010,1
9390,80,652010,8010,844,0912,15,10,0,0,0,80905010,1
9391,70,652010,7510,751,0912,0,5,0,0,0,70906010,1
9392,70,652010,7510,751,0912,0,5,0,0,0,70906010,1
9393,70,652010,7510,751,0912,0,5,0,0,0,70906010,1
9394,70,652010,7510,751,0912,0,5,0,0,0,70906010,1
9395,70,652010,7510,751,0912,0,5,0,0,0,70906010,1
9396,70,652010,7510,751,0912,0,5,0,0,0,70906010,1
9397,70,652010,7510,751,0912,0,5,0,0,0,70906010,1
9398,70,652010,7510,751,0912,0,5,0,0,0,70906010,1
9399,70,652010,7510,751,0912,0,5,0,0,0,70906010,1
9400,70,652010,7510,751,0912,0,5,0,0,0,70906010,1
9403,70,652010,7510,751,0912,0,5,0,0,0,70906010,1
9404,70,652010,7510,751,0912,0,5,0,0,0,70906010,1
9405,70,652010,7510,751,0912,0,5,0,0,0,70906010,1
9406,70,652010,7510,751,0912,0,5,0,0,0,70906010,1
9407,70,652010,7510,751,0912,0,5,0,0,0,70906010,1
9409,70,652010,7510,751,0912,0,5,0,0,0,70906010,1
9410,70,652010,7510,751,0912,0,5,0,0,0,70906010,1
9412,70,654010,7510,751,0914,0,5,0,0,0,70906010,1
9413,70,654010,7510,751,0914,0,5,0,0,0,70906010,1
9414,70,652010,7510,751,0912,0,5,0,0,0,70906010,1
9416,70,652010,7510,751,0912,0,5,0,0,0,70906010,1
9418,70,654010,7510,751,0914,0,5,0,0,0,70906010,1
9420,70,654010,7510,751,0914,0,5,0,0,0,70906010,1
9422,70,652010,7510,751,0912,0,5,0,0,0,70906010,1
9423,70,652010,7510,751,0912,0,5,0,0,0,70906010,1
9424,70,652010,7510,751,0912,0,5,0,0,0,70906010,1
9429,30,751030,3090,353,1031,0,3,0,0,0,30902010,1
9430,80,453010,8010,844,0518,15,10,0,0,0,80902510,1
9431,30,751030,3090,353,1031,0,3,0,0,0,30902010,1
9434,30,751020,3090,353,1031,0,3,0,0,0,30902010,1
9435,30,751025,3090,353,1031,0,3,0,0,0,30902010,1
9440,30,751020,3090,353,1031,0,3,0,0,0,30902010,1
9445,30,751025,3090,353,1031,0,3,0,0,0,30902010,1
9450,80,651520,8010,844,0911,15,10,0,0,0,80905510,1
9465,70,453010,7510,746,0518,8,10,0,0,0,70902510,1
9467,30,656015,3090,353,0921,0,1,0,0,0,30102015,1
9468,30,656525,3090,353,0922,8,1,120,0,0,30103510,1
9469,70,652010,7510,751,0912,0,5,0,0,0,70906010,1
9470,60,652525,6010,655,0913,0,10,0,0,0,50893510,1
9471,70,653515,7510,751,0914,0,5,0,0,0,70906010,1
9472,70,652010,7510,751,0912,0,5,0,0,0,70906010,1
9473,70,652010,7510,751,0912,0,5,0,0,0,70906010,1
9474,60,652525,6010,655,0913,0,10,0,0,0,50893510,1
9475,70,652010,7510,751,0912,0,5,0,0,0,70906010,1
9476,70,652010,7510,747,0912,0,5,0,0,0,70905010,1
9477,60,652525,5510,655,0913,8,10,192,0,0,50893510,1
9481,70,652010,7510,751,0912,0,5,0,0,0,70905010,1
9483,30,702515,8520,351,1013,19,1,0,1,3,39982035,1
9484,30,555035,3090,353,0721,8,1,0,0,0,30205010,1
9485,30,555035,3090,353,0721,8,1,0,0,0,30205010,1
9486,30,555035,3090,353,0721,8,1,0,0,0,30205010,1
9487,70,652010,7510,751,0912,0,5,0,0,0,70906010,1
9488,80,604015,8010,844,0841,15,10,0,0,0,80803010,1
9490,70,652010,7510,751,0912,0,5,0,0,0,70906010,1
9491,70,652010,7510,751,0912,0,5,0,0,0,70906010,1
9492,80,601530,8010,844,0811,15,10,0,0,0,80802010,1
9493,70,652010,7510,751,0912,0,5,0,0,0,70906010,1
9495,60,653530,5510,655,0914,8,10,0,0,0,50894510,1
9498,70,652010,7510,751,0912,0,5,0,0,0,70906010,1
9500,70,654010,7510,751,0914,0,5,0,0,0,70906010,1
9502,80,581515,8010,844,0731,15,10,0,0,0,80594510,1
9504,70,652010,7510,751,0912,0,5,0,0,0,70906010,1
9505,70,652010,7510,751,0912,0,5,0,0,0,70906010,1
9508,70,652010,7510,751,0912,0,5,0,0,0,70906010,1
9514,70,651520,7510,751,0911,0,5,0,0,0,70906010,1
9515,70,651520,7510,751,0911,0,5,0,0,0,70906010,1
9517,30,571510,8520,351,0713,19,1,0,1,3,39983545,1
9518,80,551510,8010,844,0710,15,10,0,0,0,80591010,1
9529,50,402510,8590,551,0413,0,10,0,0,0,40381510,1
9531,60,657010,6010,655,0923,0,10,0,0,0,50384010,1
9533,50,402510,8590,551,0413,0,10,0,0,0,40381510,1
9534,50,402510,8590,551,0413,0,10,0,0,0,40381510,1
9535,50,401515,8590,551,0411,0,10,0,0,0,40381510,1
9536,50,402510,8590,551,0413,0,10,0,0,0,40381510,1
9537,50,401515,8590,551,0411,0,10,0,0,0,40381510,1
9538,50,402510,8590,551,0413,0,10,0,0,0,40381510,1
9539,50,402510,8590,551,0413,0,10,0,0,0,40381510,1
9540,30,403510,8590,351,0415,0,1,0,0,0,30154510,1
9541,50,402510,8590,551,0413,0,10,0,0,0,40381510,1
9542,50,402510,8590,551,0413,0,10,0,0,0,40381510,1
9556,80,258210,8010,844,0232,15,10,0,0,0,80258810,1
9564,30,801510,3090,353,1041,8,1,0,0,0,30901510,1
9569,30,801515,3090,353,1041,8,10,144,0,0,30901010,1
9571,80,254510,8010,844,0223,15,10,0,0,0,80252010,1
9572,60,654530,8590,651,0915,0,10,0,0,0,50751010,1
9573,30,204015,3090,353,0114,0,1,0,0,0,30103510,1
9574,60,204015,8590,651,0114,0,10,0,0,0,50202515,1
9580,60,351510,8590,651,0311,0,10,0,0,0,50382010,1
9584,60,204010,8590,651,0114,0,10,0,0,0,50202515,1
9585,60,204010,8590,651,0114,0,10,0,0,0,50202515,1
9586,60,204010,8590,651,0114,0,10,0,0,0,50202515,1
9588,60,204010,8590,651,0114,0,10,0,0,0,50202515,1
9589,60,204010,8590,651,0114,0,10,0,0,0,50202515,1
9602,20,151010,8510,244,0021,7,1,0,0,0,10401010,1
9603,20,151010,8510,244,0021,7,1,0,0,0,10401010,1
9604,20,151010,8510,241,0021,7,1,0,0,0,10401010,1
9606,20,151040,8510,241,0021,7,1,0,0,0,10402010,1
9607,20,151040,8590,241,0021,7,1,0,0,0,10403010,1
9618,50,654510,4510,551,0915,0,10,0,0,0,40894525,1
9620,60,654510,6010,655,0915,0,10,0,0,0,50894525,1
9621,30,204015,3090,353,0114,0,1,0,0,0,30103510,1
9622,30,403510,8590,351,0415,0,1,0,0,0,30154510,1
9623,30,403510,8590,351,0415,0,1,0,0,0,30154510,1
9654,30,303520,3090,353,0214,8,1,0,0,0,30902510,1
9655,60,551510,6020,655,0710,8,10,156,0,0,50591010,1
9658,60,551510,6020,655,0710,8,10,156,0,0,50591010,1
9668,70,253515,7010,746,0222,8,10,0,0,0,70306010,1
9677,30,602025,8520,351,0812,19,1,0,1,3,39982515,1
9678,30,702525,8520,351,1013,19,1,0,1,3,39982035,1
9679,30,702530,8520,351,1013,19,1,0,1,3,39982035,1
9681,30,702515,8520,351,1013,19,1,0,1,3,39982035,1
9682,30,702510,8520,351,1013,19,1,0,1,3,39982035,1
9683,30,574020,8520,351,0716,19,1,0,1,3,39985020,1
9684,30,555020,8520,351,0721,19,1,0,1,3,39982020,1
9685,30,555020,8520,351,0721,19,1,0,1,3,39982020,1
9686,70,751010,7510,757,1031,8,10,0,0,0,70952510,1
9687,60,751010,6010,655,1031,8,3,0,0,0,50952510,1
9688,60,751010,5510,655,1031,8,3,0,0,0,50952510,1
9689,30,555025,8520,351,0721,19,1,0,1,3,39982010,1
9693,30,582020,8520,351,0732,19,1,0,1,3,39983540,1
9694,30,582010,8520,351,0732,19,1,0,1,3,39983520,1
9695,30,575010,8520,351,0722,19,1,0,1,3,39985550,1
9696,30,555055,8520,351,0722,19,1,0,1,3,39985510,1
9697,30,601520,8520,351,0811,19,1,0,1,3,39982510,1
9698,30,555015,8520,351,0721,19,1,0,1,3,39982025,1
9699,30,555020,8520,351,0721,19,1,0,1,3,39982020,1
9703,30,582055,8520,351,0732,19,1,0,1,3,39983510,1
9704,30,555065,8520,351,0723,19,1,0,1,3,39985570,1
9705,60,257610,9510,651,0231,8,10,0,0,0,50259010,1
9706,30,271010,8520,351,0211,19,1,0,1,3,39984530,1
9707,60,257610,8540,655,0231,8,10,156,0,0,50258215,1
9708,30,575010,8520,351,0722,19,1,0,1,3,39985550,1
9709,30,553010,8520,351,0713,19,1,0,1,3,39984010,1
9710,30,573035,8520,351,0715,19,1,0,1,3,39985545,1
9711,30,555055,8520,351,0722,19,1,0,1,3,39985510,1
9712,30,555055,8520,351,0722,19,1,0,1,3,39985510,1
9713,30,553510,8520,351,0714,19,1,0,1,3,39984010,1
9714,60,257610,8540,655,0231,8,10,156,0,0,50258210,1
9715,30,574015,8520,351,0716,19,1,0,1,3,39985015,1
9716,70,257610,7010,746,0231,8,10,192,0,0,70258810,1
9717,70,257010,7510,746,0231,8,10,156,0,0,70257535,1
9718,30,571510,8520,351,0713,19,1,0,1,3,39983545,1
9719,30,402510,8520,351,0413,19,1,0,1,3,39981510,1
9720,30,702025,3090,353,1012,0,1,0,0,0,30902510,1
9721,30,702025,3090,353,1012,0,1,0,0,0,30902510,1
9722,30,702025,3090,353,1012,0,1,0,0,0,30902510,1
9723,30,555088,8520,351,0728,19,1,0,1,3,39983510,1
9724,30,552010,8520,351,0711,19,1,0,1,3,39985520,1
9725,30,601520,8520,351,0811,19,1,0,1,3,39982510,1
9726,30,402510,8520,351,0413,19,1,0,1,3,39981510,1
9730,30,404025,8520,351,0416,19,1,0,1,3,39981525,1
9731,30,403510,8520,351,0415,19,1,0,1,3,39981515,1
9732,30,403510,8520,351,0415,19,1,0,1,3,39981515,1
9733,30,403510,8520,351,0415,19,1,0,1,3,39981515,1
9734,30,404015,8520,351,0416,19,1,0,1,3,39981525,1
9735,30,555088,8520,351,0728,19,1,0,1,3,39983510,1
9736,30,551010,8520,351,0700,19,1,0,1,3,39985510,1
9737,30,571510,8520,351,0713,19,1,0,1,3,39983545,1
9738,30,573510,8520,351,0715,19,1,0,1,3,39985535,1
9739,30,303510,8520,351,0214,19,1,0,1,3,39985535,1
9740,30,573035,8520,351,0715,19,1,0,1,3,39985545,1
9741,30,574035,8520,351,0716,19,1,0,1,3,39985015,1
9742,30,574010,8520,351,0716,19,1,0,1,3,39986510,1
9743,30,572010,8520,351,0715,19,1,0,1,3,39985565,1
9744,30,553015,8520,351,0713,19,1,0,1,3,39984010,1
9745,30,553510,8520,351,0714,19,1,0,1,3,39984010,1
9746,30,582015,8520,351,0732,19,1,0,1,3,39983530,1
9747,30,582060,8520,351,0738,19,1,0,1,3,39983510,1
9748,30,582025,8520,351,0732,19,1,0,1,3,39983525,1
9749,30,582020,8520,351,0732,19,1,0,1,3,39983540,1
9750,30,555040,8520,351,0722,19,1,0,1,3,39983555,1
9751,30,582020,8520,351,0732,19,1,0,1,3,39983540,1
9752,30,555040,8520,351,0722,19,1,0,1,3,39983555,1
9753,30,571510,8520,351,0713,19,1,0,1,3,39983545,1
9754,30,582010,8520,351,0732,19,1,0,1,3,39983520,1
9755,30,271035,8520,351,0211,19,1,0,1,3,39984535,1
9756,30,574020,8520,351,0716,19,1,0,1,3,39985025,1
9757,30,271025,8520,351,0211,19,1,0,1,3,39984530,1
9758,30,271010,8520,351,0211,19,1,0,1,3,39984530,1
9759,30,271020,8520,351,0211,19,1,0,1,3,39984530,1
9760,30,271020,8520,351,0211,19,1,0,1,3,39984530,1
9761,30,271025,8520,351,0211,19,1,0,1,3,39984530,1
9762,30,271020,8520,351,0211,19,1,0,1,3,39984530,1
9763,30,555065,8520,351,0723,19,1,0,1,3,39985570,1
9764,30,555075,8520,351,0723,19,1,0,1,3,39985570,1
9765,30,653520,8520,351,0914,19,1,0,1,3,39985575,1
9766,30,651515,8520,351,0911,19,1,0,1,3,39981030,1
9767,30,702020,8520,351,1012,19,1,0,1,3,39981530,1
9768,30,701515,8520,351,1011,19,1,0,1,3,39983555,1
9769,30,602010,8520,351,0812,19,1,0,1,3,39982515,1
9770,30,555015,8520,351,0721,19,1,0,1,3,39982025,1
9771,30,555020,8520,351,0721,19,1,0,1,3,39982020,1
9772,30,555020,8520,351,0721,19,1,0,1,3,39982020,1
9773,30,555025,8520,351,0721,19,1,0,1,3,39982010,1
9774,30,555025,8520,351,0721,19,1,0,1,3,39982010,1
9775,30,555025,8520,351,0721,19,1,0,1,3,39982010,1
9776,30,702515,8520,351,1013,19,1,0,1,3,39982035,1
9777,30,271030,8520,351,0211,19,1,0,1,3,39984530,1
9778,30,553520,8520,351,0714,19,1,0,1,3,39984020,1
9779,30,401510,8520,351,0411,19,1,0,1,3,39981545,1
9780,30,403510,8520,351,0415,19,1,0,1,3,39981515,1
9781,30,403010,8520,351,0414,19,1,0,1,3,39981520,1
9782,30,403510,8520,351,0415,19,1,0,1,3,39981515,1
9783,30,404010,8520,351,0416,19,1,0,1,3,39981515,1
9784,30,271010,8520,351,0211,19,1,0,1,3,39984530,1
9785,30,402010,8520,351,0412,19,1,0,1,3,39981520,1
9786,30,271010,8520,351,0211,19,1,0,1,3,39984530,1
9787,30,602010,8520,351,0812,19,1,0,1,3,39982515,1
9788,30,555065,8520,351,0723,19,1,0,1,3,39985570,1
9800,30,551010,8520,351,0700,19,1,0,1,3,39985510,1
9801,30,573510,8520,351,0715,19,1,0,1,3,39985535,1
9802,30,573510,8520,351,0715,19,1,0,1,3,39985535,1
9803,30,573510,8520,351,0715,19,1,0,1,3,39985535,1
9804,30,573510,8520,351,0715,19,1,0,1,3,39985535,1
9805,30,573030,8520,351,0715,19,1,0,1,3,39985535,1
9806,30,571510,8520,351,0713,19,1,0,1,3,39983545,1
9807,30,573015,8520,351,0715,19,1,0,1,3,39985510,1
9808,30,573030,8520,351,0715,19,1,0,1,3,39985535,1
9809,30,553030,8520,351,0713,19,1,0,1,3,39984010,1
9810,30,552015,8520,351,0711,19,1,0,1,3,39985520,1
9811,30,581010,8520,351,0730,19,1,0,1,3,39983510,1
9812,30,582060,8520,351,0738,19,1,0,1,3,39983510,1
9813,30,574025,8520,351,0716,19,1,0,1,3,39985015,1
9814,30,555060,8520,351,0722,19,1,0,1,3,39985510,1
9815,30,555060,8520,351,0722,19,1,0,1,3,39985510,1
9816,30,555050,8520,351,0722,19,1,0,1,3,39986010,1
9817,30,582060,8520,351,0738,19,1,0,1,3,39983510,1
9818,30,582030,8520,351,0732,19,1,0,1,3,39983550,1
9819,30,555065,8520,351,0723,19,1,0,1,3,39985570,1
9820,30,581010,8520,351,0730,19,1,0,1,3,39983510,1
9821,30,582055,8520,351,0732,19,1,0,1,3,39983510,1
9822,30,555065,8520,351,0723,19,1,0,1,3,39985570,1
9823,30,555065,8520,351,0723,19,1,0,1,3,39985570,1
9824,30,555065,8520,351,0723,19,1,0,1,3,39985570,1
9825,30,555065,8520,351,0723,19,1,0,1,3,39985570,1
9826,30,555080,8520,351,0723,19,1,0,1,3,39985585,1
9827,30,555065,8520,351,0723,19,1,0,1,3,39985570,1
9828,30,555075,8520,351,0723,19,1,0,1,3,39985570,1
9829,30,555075,8520,351,0723,19,1,0,1,3,39985570,1
9830,30,271530,8520,351,0211,19,1,0,1,3,39984515,1
9831,30,555060,8520,351,0722,19,1,0,1,3,39985510,1
9832,30,575010,8520,351,0722,19,1,0,1,3,39985550,1
9833,30,701525,8520,351,1011,19,1,0,1,3,39981550,1
9834,30,701515,8520,351,1011,19,1,0,1,3,39981550,1
9835,30,751530,8520,351,1032,19,1,0,1,3,39981550,1
9836,30,701525,8520,351,1011,19,1,0,1,3,39981550,1
9837,30,601510,8520,351,0811,19,1,0,1,3,39982510,1
9838,30,601510,8520,351,0811,19,1,0,1,3,39982510,1
9839,30,602010,8520,351,0812,19,1,0,1,3,39982515,1
9840,30,555015,8520,351,0721,19,1,0,1,3,39982025,1
9841,30,555020,8520,351,0721,19,1,0,1,3,39982020,1
9842,30,555020,8520,351,0721,19,1,0,1,3,39982020,1
9843,30,555020,8520,351,0721,19,1,0,1,3,39982020,1
9844,30,555035,8520,351,0721,19,1,0,1,3,39982050,1
9845,30,702525,8520,351,1013,19,1,0,1,3,39982035,1
9846,30,803015,8520,351,1041,19,1,0,1,3,39986535,1
9847,30,803015,8520,351,1041,19,1,0,1,3,39986535,1
9848,30,751525,8520,351,1032,19,1,0,1,3,39986535,1
9849,30,803015,8520,351,1041,19,1,0,1,3,39986535,1
9850,30,802015,8520,351,1041,19,1,0,1,3,39986540,1
9851,30,802010,8520,351,1041,19,1,0,1,3,39986515,1
9852,30,555065,8520,351,0723,19,1,0,1,3,39985570,1
9853,30,555065,8520,351,0723,19,1,0,1,3,39985570,1
9854,30,271030,8520,351,0211,19,1,0,1,3,39984530,1
9855,30,271030,8520,351,0211,19,1,0,1,3,39984530,1
9856,30,555035,8520,351,0721,19,1,0,1,3,39982050,1
9857,30,581010,8520,351,0730,19,1,0,1,3,39983510,1
9858,30,582015,8520,351,0732,19,1,0,1,3,39983530,1
9859,30,582055,8520,351,0732,19,1,0,1,3,39983510,1
9860,30,603510,8520,351,0831,19,1,0,1,3,39989010,1
9861,30,555035,8520,351,0721,19,1,0,1,3,39982050,1
9862,30,702515,8520,351,1013,19,1,0,1,3,39982035,1
9863,30,571010,8520,351,0715,19,1,0,1,3,39985535,1
9864,30,575010,8520,351,0722,19,1,0,1,3,39985550,1
9865,30,571510,8520,351,0713,19,1,0,1,3,39983545,1
9866,30,555020,8520,351,0721,19,1,0,1,3,39982020,1
9867,30,555020,8520,351,0721,19,1,0,1,3,39982020,1
9868,30,601510,8520,351,0811,19,1,0,1,3,39982510,1
9869,30,803015,8520,351,1041,19,1,0,1,3,39986535,1
9870,30,555015,8520,351,0721,19,1,0,1,3,39982025,1
9871,30,575010,8520,351,0722,19,1,0,1,3,39985550,1
9872,30,701525,8520,351,1011,19,1,0,1,3,39981550,1
9873,30,555080,8520,351,0723,19,1,0,1,3,39985585,1
9874,30,555065,8520,351,0723,19,1,0,1,3,39985570,1
9875,30,555040,8520,351,0722,19,1,0,1,3,39983555,1
9876,30,555040,8520,351,0722,19,1,0,1,3,39983555,1
9877,30,701525,8520,351,1011,19,1,0,1,3,39981550,1
9878,30,555060,8520,351,0722,19,1,0,1,3,39985510,1
9879,30,555060,8520,351,0722,19,1,0,1,3,39985510,1
9880,30,555060,8520,351,0722,19,1,0,1,3,39985510,1
9881,30,555060,8520,351,0722,19,1,0,1,3,39985510,1
9882,30,751530,8520,351,1032,19,1,0,1,3,39981550,1
9883,30,751530,8520,351,1032,19,1,0,1,3,39981550,1
9884,30,555065,8520,351,0723,19,1,0,1,3,39985570,1
9886,30,603510,8520,351,0831,19,1,0,1,3,39989010,1
9887,30,555055,8520,351,0722,19,1,0,1,3,39985510,1
9888,30,555055,8520,351,0722,19,1,0,1,3,39985510,1
9889,30,555035,8520,351,0721,19,1,0,1,3,39982050,1
9909,30,572015,3020,353,0715,3,1,0,2,4,30556510,1
9910,30,573035,3020,353,0715,3,1,0,2,4,30554510,1
9912,30,571510,3020,353,0713,3,1,132,2,4,30553015,1
9913,30,575010,3020,353,0722,3,1,132,2,4,30555010,1
9915,30,553025,3020,354,0713,3,1,132,2,4,30552510,1
9916,30,573015,3020,353,0715,3,1,132,2,4,30559025,1
9917,30,573015,3020,353,0715,3,1,132,2,4,30552010,1
9918,30,573015,3020,353,0715,3,1,132,2,4,30552010,1
9999,90,992010,9910,999,9999,0,0,0,0,0,90994010,1
