UDDANNELSE;SEKTOR;AFLOEN;LONGRP;LØNMÅL;KØN;TID;INDHOLD
I alt;Sektorer i alt;Time- og fastlønnede i alt;Lønmodtagergrupper (eksklusiv unge og elever);FORTJENESTE PR. PRÆSTERET TIME;Mænd og kvinder i alt;2019;330,35
I alt;Sektorer i alt;Time- og fastlønnede i alt;Lønmodtagergrupper (eksklusiv unge og elever);FORTJENESTE PR. PRÆSTERET TIME;Mænd og kvinder i alt;2020;337,36
I alt;Sektorer i alt;Time- og fastlønnede i alt;Lønmodtagergrupper (eksklusiv unge og elever);FORTJENESTE PR. PRÆSTERET TIME;Mænd og kvinder i alt;2021;342,53
I alt;Sektorer i alt;Time- og fastlønnede i alt;Lønmodtagergrupper (eksklusiv unge og elever);FORTJENESTE PR. PRÆSTERET TIME;Mænd og kvinder i alt;2022;354,25
I alt;Sektorer i alt;Time- og fastlønnede i alt;Lønmodtagergrupper (eksklusiv unge og elever);FORTJENESTE PR. PRÆSTERET TIME;Mænd og kvinder i alt;2023;368,42
I alt;Sektorer i alt;Time- og fastlønnede i alt;Lønmodtagergrupper (eksklusiv unge og elever);FORTJENESTE PR. PRÆSTERET TIME;Mænd og kvinder i alt;2024;386,62
H10 Grundskole;Sektorer i alt;Time- og fastlønnede i alt;Lønmodtagergrupper (eksklusiv unge og elever);FORTJENESTE PR. PRÆSTERET TIME;Mænd og kvinder i alt;2019;263,29
H10 Grundskole;Sektorer i alt;Time- og fastlønnede i alt;Lønmodtagergrupper (eksklusiv unge og elever);FORTJENESTE PR. PRÆSTERET TIME;Mænd og kvinder i alt;2020;268,37
H10 Grundskole;Sektorer i alt;Time- og fastlønnede i alt;Lønmodtagergrupper (eksklusiv unge og elever);FORTJENESTE PR. PRÆSTERET TIME;Mænd og kvinder i alt;2021;272,42
H10 Grundskole;Sektorer i alt;Time- og fastlønnede i alt;Lønmodtagergrupper (eksklusiv unge og elever);FORTJENESTE PR. PRÆSTERET TIME;Mænd og kvinder i alt;2022;280,74
H10 Grundskole;Sektorer i alt;Time- og fastlønnede i alt;Lønmodtagergrupper (eksklusiv unge og elever);FORTJENESTE PR. PRÆSTERET TIME;Mænd og kvinder i alt;2023;291,78
H10 Grundskole;Sektorer i alt;Time- og fastlønnede i alt;Lønmodtagergrupper (eksklusiv unge og elever);FORTJENESTE PR. PRÆSTERET TIME;Mænd og kvinder i alt;2024;304,93
H1001 Ingen uddannelse;Sektorer i alt;Time- og fastlønnede i alt;Lønmodtagergrupper (eksklusiv unge og elever);FORTJENESTE PR. PRÆSTERET TIME;Mænd og kvinder i alt;2019;222,77
H1001 Ingen uddannelse;Sektorer i alt;Time- og fastlønnede i alt;Lønmodtagergrupper (eksklusiv unge og elever);FORTJENESTE PR. PRÆSTERET TIME;Mænd og kvinder i alt;2020;231,92
H1001 Ingen uddannelse;Sektorer i alt;Time- og fastlønnede i alt;Lønmodtagergrupper (eksklusiv unge og elever);FORTJENESTE PR. PRÆSTERET TIME;Mænd og kvinder i alt;2021;238,93
H1001 Ingen uddannelse;Sektorer i alt;Time- og fastlønnede i alt;Lønmodtagergrupper (eksklusiv unge og elever);FORTJENESTE PR. PRÆSTERET TIME;Mænd og kvinder i alt;2022;246,44
H1001 Ingen uddannelse;Sektorer i alt;Time- og fastlønnede i alt;Lønmodtagergrupper (eksklusiv unge og elever);FORTJENESTE PR. PRÆSTERET TIME;Mænd og kvinder i alt;2023;255,69
H1001 Ingen uddannelse;Sektorer i alt;Time- og fastlønnede i alt;Lønmodtagergrupper (eksklusiv unge og elever);FORTJENESTE PR. PRÆSTERET TIME;Mænd og kvinder i alt;2024;269,52
H1010 Grundskole til og med 6. klasse;Sektorer i alt;Time- og fastlønnede i alt;Lønmodtagergrupper (eksklusiv unge og elever);FORTJENESTE PR. PRÆSTERET TIME;Mænd og kvinder i alt;2019;227,27
H1010 Grundskole til og med 6. klasse;Sektorer i alt;Time- og fastlønnede i alt;Lønmodtagergrupper (eksklusiv unge og elever);FORTJENESTE PR. PRÆSTERET TIME;Mænd og kvinder i alt;2020;233,12
H1010 Grundskole til og med 6. klasse;Sektorer i alt;Time- og fastlønnede i alt;Lønmodtagergrupper (eksklusiv unge og elever);FORTJENESTE PR. PRÆSTERET TIME;Mænd og kvinder i alt;2021;238,47
H1010 Grundskole til og med 6. klasse;Sektorer i alt;Time- og fastlønnede i alt;Lønmodtagergrupper (eksklusiv unge og elever);FORTJENESTE PR. PRÆSTERET TIME;Mænd og kvinder i alt;2022;247,23
H1010 Grundskole til og med 6. klasse;Sektorer i alt;Time- og fastlønnede i alt;Lønmodtagergrupper (eksklusiv unge og elever);FORTJENESTE PR. PRÆSTERET TIME;Mænd og kvinder i alt;2023;257,03
H1010 Grundskole til og med 6. klasse;Sektorer i alt;Time- og fastlønnede i alt;Lønmodtagergrupper (eksklusiv unge og elever);FORTJENESTE PR. PRÆSTERET TIME;Mænd og kvinder i alt;2024;269,20
H1020 Grundskole 7.-9. klasse;Sektorer i alt;Time- og fastlønnede i alt;Lønmodtagergrupper (eksklusiv unge og elever);FORTJENESTE PR. PRÆSTERET TIME;Mænd og kvinder i alt;2019;257,88
H1020 Grundskole 7.-9. klasse;Sektorer i alt;Time- og fastlønnede i alt;Lønmodtagergrupper (eksklusiv unge og elever);FORTJENESTE PR. PRÆSTERET TIME;Mænd og kvinder i alt;2020;263,66
H1020 Grundskole 7.-9. klasse;Sektorer i alt;Time- og fastlønnede i alt;Lønmodtagergrupper (eksklusiv unge og elever);FORTJENESTE PR. PRÆSTERET TIME;Mænd og kvinder i alt;2021;268,46
H1020 Grundskole 7.-9. klasse;Sektorer i alt;Time- og fastlønnede i alt;Lønmodtagergrupper (eksklusiv unge og elever);FORTJENESTE PR. PRÆSTERET TIME;Mænd og kvinder i alt;2022;277,20
H1020 Grundskole 7.-9. klasse;Sektorer i alt;Time- og fastlønnede i alt;Lønmodtagergrupper (eksklusiv unge og elever);FORTJENESTE PR. PRÆSTERET TIME;Mænd og kvinder i alt;2023;288,38
H1020 Grundskole 7.-9. klasse;Sektorer i alt;Time- og fastlønnede i alt;Lønmodtagergrupper (eksklusiv unge og elever);FORTJENESTE PR. PRÆSTERET TIME;Mænd og kvinder i alt;2024;301,92
H1030 Grundskole 10. klasse;Sektorer i alt;Time- og fastlønnede i alt;Lønmodtagergrupper (eksklusiv unge og elever);FORTJENESTE PR. PRÆSTERET TIME;Mænd og kvinder i alt;2019;270,18
H1030 Grundskole 10. klasse;Sektorer i alt;Time- og fastlønnede i alt;Lønmodtagergrupper (eksklusiv unge og elever);FORTJENESTE PR. PRÆSTERET TIME;Mænd og kvinder i alt;2020;274,42
H1030 Grundskole 10. klasse;Sektorer i alt;Time- og fastlønnede i alt;Lønmodtagergrupper (eksklusiv unge og elever);FORTJENESTE PR. PRÆSTERET TIME;Mænd og kvinder i alt;2021;277,86
H1030 Grundskole 10. klasse;Sektorer i alt;Time- og fastlønnede i alt;Lønmodtagergrupper (eksklusiv unge og elever);FORTJENESTE PR. PRÆSTERET TIME;Mænd og kvinder i alt;2022;286,05
H1030 Grundskole 10. klasse;Sektorer i alt;Time- og fastlønnede i alt;Lønmodtagergrupper (eksklusiv unge og elever);FORTJENESTE PR. PRÆSTERET TIME;Mænd og kvinder i alt;2023;297,07
H1030 Grundskole 10. klasse;Sektorer i alt;Time- og fastlønnede i alt;Lønmodtagergrupper (eksklusiv unge og elever);FORTJENESTE PR. PRÆSTERET TIME;Mænd og kvinder i alt;2024;309,82
H20 Gymnasiale uddannelser;Sektorer i alt;Time- og fastlønnede i alt;Lønmodtagergrupper (eksklusiv unge og elever);FORTJENESTE PR. PRÆSTERET TIME;Mænd og kvinder i alt;2019;279,38
H20 Gymnasiale uddannelser;Sektorer i alt;Time- og fastlønnede i alt;Lønmodtagergrupper (eksklusiv unge og elever);FORTJENESTE PR. PRÆSTERET TIME;Mænd og kvinder i alt;2020;279,04
H20 Gymnasiale uddannelser;Sektorer i alt;Time- og fastlønnede i alt;Lønmodtagergrupper (eksklusiv unge og elever);FORTJENESTE PR. PRÆSTERET TIME;Mænd og kvinder i alt;2021;279,54
H20 Gymnasiale uddannelser;Sektorer i alt;Time- og fastlønnede i alt;Lønmodtagergrupper (eksklusiv unge og elever);FORTJENESTE PR. PRÆSTERET TIME;Mænd og kvinder i alt;2022;286,66
H20 Gymnasiale uddannelser;Sektorer i alt;Time- og fastlønnede i alt;Lønmodtagergrupper (eksklusiv unge og elever);FORTJENESTE PR. PRÆSTERET TIME;Mænd og kvinder i alt;2023;295,15
H20 Gymnasiale uddannelser;Sektorer i alt;Time- og fastlønnede i alt;Lønmodtagergrupper (eksklusiv unge og elever);FORTJENESTE PR. PRÆSTERET TIME;Mænd og kvinder i alt;2024;305,83
H2010 Alment gymnasiale uddannelser;Sektorer i alt;Time- og fastlønnede i alt;Lønmodtagergrupper (eksklusiv unge og elever);FORTJENESTE PR. PRÆSTERET TIME;Mænd og kvinder i alt;2019;274,08
H2010 Alment gymnasiale uddannelser;Sektorer i alt;Time- og fastlønnede i alt;Lønmodtagergrupper (eksklusiv unge og elever);FORTJENESTE PR. PRÆSTERET TIME;Mænd og kvinder i alt;2020;273,03
H2010 Alment gymnasiale uddannelser;Sektorer i alt;Time- og fastlønnede i alt;Lønmodtagergrupper (eksklusiv unge og elever);FORTJENESTE PR. PRÆSTERET TIME;Mænd og kvinder i alt;2021;272,02
H2010 Alment gymnasiale uddannelser;Sektorer i alt;Time- og fastlønnede i alt;Lønmodtagergrupper (eksklusiv unge og elever);FORTJENESTE PR. PRÆSTERET TIME;Mænd og kvinder i alt;2022;279,65
H2010 Alment gymnasiale uddannelser;Sektorer i alt;Time- og fastlønnede i alt;Lønmodtagergrupper (eksklusiv unge og elever);FORTJENESTE PR. PRÆSTERET TIME;Mænd og kvinder i alt;2023;287,80
H2010 Alment gymnasiale uddannelser;Sektorer i alt;Time- og fastlønnede i alt;Lønmodtagergrupper (eksklusiv unge og elever);FORTJENESTE PR. PRÆSTERET TIME;Mænd og kvinder i alt;2024;297,76
H2020 Erhvervsrettede gymnasiale uddannelser;Sektorer i alt;Time- og fastlønnede i alt;Lønmodtagergrupper (eksklusiv unge og elever);FORTJENESTE PR. PRÆSTERET TIME;Mænd og kvinder i alt;2019;302,62
H2020 Erhvervsrettede gymnasiale uddannelser;Sektorer i alt;Time- og fastlønnede i alt;Lønmodtagergrupper (eksklusiv unge og elever);FORTJENESTE PR. PRÆSTERET TIME;Mænd og kvinder i alt;2020;300,69
H2020 Erhvervsrettede gymnasiale uddannelser;Sektorer i alt;Time- og fastlønnede i alt;Lønmodtagergrupper (eksklusiv unge og elever);FORTJENESTE PR. PRÆSTERET TIME;Mænd og kvinder i alt;2021;303,25
H2020 Erhvervsrettede gymnasiale uddannelser;Sektorer i alt;Time- og fastlønnede i alt;Lønmodtagergrupper (eksklusiv unge og elever);FORTJENESTE PR. PRÆSTERET TIME;Mænd og kvinder i alt;2022;310,04
H2020 Erhvervsrettede gymnasiale uddannelser;Sektorer i alt;Time- og fastlønnede i alt;Lønmodtagergrupper (eksklusiv unge og elever);FORTJENESTE PR. PRÆSTERET TIME;Mænd og kvinder i alt;2023;319,14
H2020 Erhvervsrettede gymnasiale uddannelser;Sektorer i alt;Time- og fastlønnede i alt;Lønmodtagergrupper (eksklusiv unge og elever);FORTJENESTE PR. PRÆSTERET TIME;Mænd og kvinder i alt;2024;330,67
H2030 Internationale gymnasiale uddannelser;Sektorer i alt;Time- og fastlønnede i alt;Lønmodtagergrupper (eksklusiv unge og elever);FORTJENESTE PR. PRÆSTERET TIME;Mænd og kvinder i alt;2019;239,88
H2030 Internationale gymnasiale uddannelser;Sektorer i alt;Time- og fastlønnede i alt;Lønmodtagergrupper (eksklusiv unge og elever);FORTJENESTE PR. PRÆSTERET TIME;Mænd og kvinder i alt;2020;247,32
H2030 Internationale gymnasiale uddannelser;Sektorer i alt;Time- og fastlønnede i alt;Lønmodtagergrupper (eksklusiv unge og elever);FORTJENESTE PR. PRÆSTERET TIME;Mænd og kvinder i alt;2021;252,79
H2030 Internationale gymnasiale uddannelser;Sektorer i alt;Time- og fastlønnede i alt;Lønmodtagergrupper (eksklusiv unge og elever);FORTJENESTE PR. PRÆSTERET TIME;Mænd og kvinder i alt;2022;260,31
H2030 Internationale gymnasiale uddannelser;Sektorer i alt;Time- og fastlønnede i alt;Lønmodtagergrupper (eksklusiv unge og elever);FORTJENESTE PR. PRÆSTERET TIME;Mænd og kvinder i alt;2023;270,67
H2030 Internationale gymnasiale uddannelser;Sektorer i alt;Time- og fastlønnede i alt;Lønmodtagergrupper (eksklusiv unge og elever);FORTJENESTE PR. PRÆSTERET TIME;Mænd og kvinder i alt;2024;283,64
H30 Erhvervsfaglige uddannelser;Sektorer i alt;Time- og fastlønnede i alt;Lønmodtagergrupper (eksklusiv unge og elever);FORTJENESTE PR. PRÆSTERET TIME;Mænd og kvinder i alt;2019;299,43
H30 Erhvervsfaglige uddannelser;Sektorer i alt;Time- og fastlønnede i alt;Lønmodtagergrupper (eksklusiv unge og elever);FORTJENESTE PR. PRÆSTERET TIME;Mænd og kvinder i alt;2020;305,40
H30 Erhvervsfaglige uddannelser;Sektorer i alt;Time- og fastlønnede i alt;Lønmodtagergrupper (eksklusiv unge og elever);FORTJENESTE PR. PRÆSTERET TIME;Mænd og kvinder i alt;2021;311,70
H30 Erhvervsfaglige uddannelser;Sektorer i alt;Time- og fastlønnede i alt;Lønmodtagergrupper (eksklusiv unge og elever);FORTJENESTE PR. PRÆSTERET TIME;Mænd og kvinder i alt;2022;322,77
H30 Erhvervsfaglige uddannelser;Sektorer i alt;Time- og fastlønnede i alt;Lønmodtagergrupper (eksklusiv unge og elever);FORTJENESTE PR. PRÆSTERET TIME;Mænd og kvinder i alt;2023;334,73
H30 Erhvervsfaglige uddannelser;Sektorer i alt;Time- og fastlønnede i alt;Lønmodtagergrupper (eksklusiv unge og elever);FORTJENESTE PR. PRÆSTERET TIME;Mænd og kvinder i alt;2024;350,53
H3010 Omsorg, sundhed og pædagogik (OSP);Sektorer i alt;Time- og fastlønnede i alt;Lønmodtagergrupper (eksklusiv unge og elever);FORTJENESTE PR. PRÆSTERET TIME;Mænd og kvinder i alt;2019;273,52
H3010 Omsorg, sundhed og pædagogik (OSP);Sektorer i alt;Time- og fastlønnede i alt;Lønmodtagergrupper (eksklusiv unge og elever);FORTJENESTE PR. PRÆSTERET TIME;Mænd og kvinder i alt;2020;284,74
H3010 Omsorg, sundhed og pædagogik (OSP);Sektorer i alt;Time- og fastlønnede i alt;Lønmodtagergrupper (eksklusiv unge og elever);FORTJENESTE PR. PRÆSTERET TIME;Mænd og kvinder i alt;2021;289,88
H3010 Omsorg, sundhed og pædagogik (OSP);Sektorer i alt;Time- og fastlønnede i alt;Lønmodtagergrupper (eksklusiv unge og elever);FORTJENESTE PR. PRÆSTERET TIME;Mænd og kvinder i alt;2022;302,04
H3010 Omsorg, sundhed og pædagogik (OSP);Sektorer i alt;Time- og fastlønnede i alt;Lønmodtagergrupper (eksklusiv unge og elever);FORTJENESTE PR. PRÆSTERET TIME;Mænd og kvinder i alt;2023;308,51
H3010 Omsorg, sundhed og pædagogik (OSP);Sektorer i alt;Time- og fastlønnede i alt;Lønmodtagergrupper (eksklusiv unge og elever);FORTJENESTE PR. PRÆSTERET TIME;Mænd og kvinder i alt;2024;325,12
H3015 Kontor, handel og forretningsservice (KHF);Sektorer i alt;Time- og fastlønnede i alt;Lønmodtagergrupper (eksklusiv unge og elever);FORTJENESTE PR. PRÆSTERET TIME;Mænd og kvinder i alt;2019;313,50
H3015 Kontor, handel og forretningsservice (KHF);Sektorer i alt;Time- og fastlønnede i alt;Lønmodtagergrupper (eksklusiv unge og elever);FORTJENESTE PR. PRÆSTERET TIME;Mænd og kvinder i alt;2020;318,53
H3015 Kontor, handel og forretningsservice (KHF);Sektorer i alt;Time- og fastlønnede i alt;Lønmodtagergrupper (eksklusiv unge og elever);FORTJENESTE PR. PRÆSTERET TIME;Mænd og kvinder i alt;2021;324,20
H3015 Kontor, handel og forretningsservice (KHF);Sektorer i alt;Time- og fastlønnede i alt;Lønmodtagergrupper (eksklusiv unge og elever);FORTJENESTE PR. PRÆSTERET TIME;Mænd og kvinder i alt;2022;334,79
H3015 Kontor, handel og forretningsservice (KHF);Sektorer i alt;Time- og fastlønnede i alt;Lønmodtagergrupper (eksklusiv unge og elever);FORTJENESTE PR. PRÆSTERET TIME;Mænd og kvinder i alt;2023;347,15
H3015 Kontor, handel og forretningsservice (KHF);Sektorer i alt;Time- og fastlønnede i alt;Lønmodtagergrupper (eksklusiv unge og elever);FORTJENESTE PR. PRÆSTERET TIME;Mænd og kvinder i alt;2024;363,07
H3020 Fødevarer mv. (FJO);Sektorer i alt;Time- og fastlønnede i alt;Lønmodtagergrupper (eksklusiv unge og elever);FORTJENESTE PR. PRÆSTERET TIME;Mænd og kvinder i alt;2019;267,38
H3020 Fødevarer mv. (FJO);Sektorer i alt;Time- og fastlønnede i alt;Lønmodtagergrupper (eksklusiv unge og elever);FORTJENESTE PR. PRÆSTERET TIME;Mænd og kvinder i alt;2020;273,74
H3020 Fødevarer mv. (FJO);Sektorer i alt;Time- og fastlønnede i alt;Lønmodtagergrupper (eksklusiv unge og elever);FORTJENESTE PR. PRÆSTERET TIME;Mænd og kvinder i alt;2021;278,78
H3020 Fødevarer mv. (FJO);Sektorer i alt;Time- og fastlønnede i alt;Lønmodtagergrupper (eksklusiv unge og elever);FORTJENESTE PR. PRÆSTERET TIME;Mænd og kvinder i alt;2022;290,19
H3020 Fødevarer mv. (FJO);Sektorer i alt;Time- og fastlønnede i alt;Lønmodtagergrupper (eksklusiv unge og elever);FORTJENESTE PR. PRÆSTERET TIME;Mænd og kvinder i alt;2023;299,12
H3020 Fødevarer mv. (FJO);Sektorer i alt;Time- og fastlønnede i alt;Lønmodtagergrupper (eksklusiv unge og elever);FORTJENESTE PR. PRÆSTERET TIME;Mænd og kvinder i alt;2024;313,27
H3025 Jordbrug og natur (FJO);Sektorer i alt;Time- og fastlønnede i alt;Lønmodtagergrupper (eksklusiv unge og elever);FORTJENESTE PR. PRÆSTERET TIME;Mænd og kvinder i alt;2019;268,93
H3025 Jordbrug og natur (FJO);Sektorer i alt;Time- og fastlønnede i alt;Lønmodtagergrupper (eksklusiv unge og elever);FORTJENESTE PR. PRÆSTERET TIME;Mænd og kvinder i alt;2020;274,99
H3025 Jordbrug og natur (FJO);Sektorer i alt;Time- og fastlønnede i alt;Lønmodtagergrupper (eksklusiv unge og elever);FORTJENESTE PR. PRÆSTERET TIME;Mænd og kvinder i alt;2021;282,63
H3025 Jordbrug og natur (FJO);Sektorer i alt;Time- og fastlønnede i alt;Lønmodtagergrupper (eksklusiv unge og elever);FORTJENESTE PR. PRÆSTERET TIME;Mænd og kvinder i alt;2022;293,05
H3025 Jordbrug og natur (FJO);Sektorer i alt;Time- og fastlønnede i alt;Lønmodtagergrupper (eksklusiv unge og elever);FORTJENESTE PR. PRÆSTERET TIME;Mænd og kvinder i alt;2023;304,51
H3025 Jordbrug og natur (FJO);Sektorer i alt;Time- og fastlønnede i alt;Lønmodtagergrupper (eksklusiv unge og elever);FORTJENESTE PR. PRÆSTERET TIME;Mænd og kvinder i alt;2024;319,47
H3030 Oplevelsesområdet (FJO);Sektorer i alt;Time- og fastlønnede i alt;Lønmodtagergrupper (eksklusiv unge og elever);FORTJENESTE PR. PRÆSTERET TIME;Mænd og kvinder i alt;2019;262,18
H3030 Oplevelsesområdet (FJO);Sektorer i alt;Time- og fastlønnede i alt;Lønmodtagergrupper (eksklusiv unge og elever);FORTJENESTE PR. PRÆSTERET TIME;Mænd og kvinder i alt;2020;268,79
H3030 Oplevelsesområdet (FJO);Sektorer i alt;Time- og fastlønnede i alt;Lønmodtagergrupper (eksklusiv unge og elever);FORTJENESTE PR. PRÆSTERET TIME;Mænd og kvinder i alt;2021;272,91
H3030 Oplevelsesområdet (FJO);Sektorer i alt;Time- og fastlønnede i alt;Lønmodtagergrupper (eksklusiv unge og elever);FORTJENESTE PR. PRÆSTERET TIME;Mænd og kvinder i alt;2022;284,05
H3030 Oplevelsesområdet (FJO);Sektorer i alt;Time- og fastlønnede i alt;Lønmodtagergrupper (eksklusiv unge og elever);FORTJENESTE PR. PRÆSTERET TIME;Mænd og kvinder i alt;2023;292,36
H3030 Oplevelsesområdet (FJO);Sektorer i alt;Time- og fastlønnede i alt;Lønmodtagergrupper (eksklusiv unge og elever);FORTJENESTE PR. PRÆSTERET TIME;Mænd og kvinder i alt;2024;303,33
H3035 Byggeriområdet (TBT);Sektorer i alt;Time- og fastlønnede i alt;Lønmodtagergrupper (eksklusiv unge og elever);FORTJENESTE PR. PRÆSTERET TIME;Mænd og kvinder i alt;2019;291,59
H3035 Byggeriområdet (TBT);Sektorer i alt;Time- og fastlønnede i alt;Lønmodtagergrupper (eksklusiv unge og elever);FORTJENESTE PR. PRÆSTERET TIME;Mænd og kvinder i alt;2020;298,16
H3035 Byggeriområdet (TBT);Sektorer i alt;Time- og fastlønnede i alt;Lønmodtagergrupper (eksklusiv unge og elever);FORTJENESTE PR. PRÆSTERET TIME;Mænd og kvinder i alt;2021;309,40
H3035 Byggeriområdet (TBT);Sektorer i alt;Time- og fastlønnede i alt;Lønmodtagergrupper (eksklusiv unge og elever);FORTJENESTE PR. PRÆSTERET TIME;Mænd og kvinder i alt;2022;321,17
H3035 Byggeriområdet (TBT);Sektorer i alt;Time- og fastlønnede i alt;Lønmodtagergrupper (eksklusiv unge og elever);FORTJENESTE PR. PRÆSTERET TIME;Mænd og kvinder i alt;2023;332,89
H3035 Byggeriområdet (TBT);Sektorer i alt;Time- og fastlønnede i alt;Lønmodtagergrupper (eksklusiv unge og elever);FORTJENESTE PR. PRÆSTERET TIME;Mænd og kvinder i alt;2024;346,91
H3040 Teknologiområdet, strøm og elektronik mv. (TBT);Sektorer i alt;Time- og fastlønnede i alt;Lønmodtagergrupper (eksklusiv unge og elever);FORTJENESTE PR. PRÆSTERET TIME;Mænd og kvinder i alt;2019;337,60
H3040 Teknologiområdet, strøm og elektronik mv. (TBT);Sektorer i alt;Time- og fastlønnede i alt;Lønmodtagergrupper (eksklusiv unge og elever);FORTJENESTE PR. PRÆSTERET TIME;Mænd og kvinder i alt;2020;342,69
H3040 Teknologiområdet, strøm og elektronik mv. (TBT);Sektorer i alt;Time- og fastlønnede i alt;Lønmodtagergrupper (eksklusiv unge og elever);FORTJENESTE PR. PRÆSTERET TIME;Mænd og kvinder i alt;2021;350,30
H3040 Teknologiområdet, strøm og elektronik mv. (TBT);Sektorer i alt;Time- og fastlønnede i alt;Lønmodtagergrupper (eksklusiv unge og elever);FORTJENESTE PR. PRÆSTERET TIME;Mænd og kvinder i alt;2022;364,33
H3040 Teknologiområdet, strøm og elektronik mv. (TBT);Sektorer i alt;Time- og fastlønnede i alt;Lønmodtagergrupper (eksklusiv unge og elever);FORTJENESTE PR. PRÆSTERET TIME;Mænd og kvinder i alt;2023;381,03
H3040 Teknologiområdet, strøm og elektronik mv. (TBT);Sektorer i alt;Time- og fastlønnede i alt;Lønmodtagergrupper (eksklusiv unge og elever);FORTJENESTE PR. PRÆSTERET TIME;Mænd og kvinder i alt;2024;402,32
H3045 Teknologiområdet, grafisk teknik og medieproduktion (TBT);Sektorer i alt;Time- og fastlønnede i alt;Lønmodtagergrupper (eksklusiv unge og elever);FORTJENESTE PR. PRÆSTERET TIME;Mænd og kvinder i alt;2019;298,39
H3045 Teknologiområdet, grafisk teknik og medieproduktion (TBT);Sektorer i alt;Time- og fastlønnede i alt;Lønmodtagergrupper (eksklusiv unge og elever);FORTJENESTE PR. PRÆSTERET TIME;Mænd og kvinder i alt;2020;302,92
H3045 Teknologiområdet, grafisk teknik og medieproduktion (TBT);Sektorer i alt;Time- og fastlønnede i alt;Lønmodtagergrupper (eksklusiv unge og elever);FORTJENESTE PR. PRÆSTERET TIME;Mænd og kvinder i alt;2021;308,26
H3045 Teknologiområdet, grafisk teknik og medieproduktion (TBT);Sektorer i alt;Time- og fastlønnede i alt;Lønmodtagergrupper (eksklusiv unge og elever);FORTJENESTE PR. PRÆSTERET TIME;Mænd og kvinder i alt;2022;318,66
H3045 Teknologiområdet, grafisk teknik og medieproduktion (TBT);Sektorer i alt;Time- og fastlønnede i alt;Lønmodtagergrupper (eksklusiv unge og elever);FORTJENESTE PR. PRÆSTERET TIME;Mænd og kvinder i alt;2023;333,00
H3045 Teknologiområdet, grafisk teknik og medieproduktion (TBT);Sektorer i alt;Time- og fastlønnede i alt;Lønmodtagergrupper (eksklusiv unge og elever);FORTJENESTE PR. PRÆSTERET TIME;Mænd og kvinder i alt;2024;349,01
H3050 Teknologiområdet, cykel-, auto- og skibsmekanik mv. (TBT);Sektorer i alt;Time- og fastlønnede i alt;Lønmodtagergrupper (eksklusiv unge og elever);FORTJENESTE PR. PRÆSTERET TIME;Mænd og kvinder i alt;2019;300,36
H3050 Teknologiområdet, cykel-, auto- og skibsmekanik mv. (TBT);Sektorer i alt;Time- og fastlønnede i alt;Lønmodtagergrupper (eksklusiv unge og elever);FORTJENESTE PR. PRÆSTERET TIME;Mænd og kvinder i alt;2020;305,05
H3050 Teknologiområdet, cykel-, auto- og skibsmekanik mv. (TBT);Sektorer i alt;Time- og fastlønnede i alt;Lønmodtagergrupper (eksklusiv unge og elever);FORTJENESTE PR. PRÆSTERET TIME;Mænd og kvinder i alt;2021;312,24
H3050 Teknologiområdet, cykel-, auto- og skibsmekanik mv. (TBT);Sektorer i alt;Time- og fastlønnede i alt;Lønmodtagergrupper (eksklusiv unge og elever);FORTJENESTE PR. PRÆSTERET TIME;Mænd og kvinder i alt;2022;325,10
H3050 Teknologiområdet, cykel-, auto- og skibsmekanik mv. (TBT);Sektorer i alt;Time- og fastlønnede i alt;Lønmodtagergrupper (eksklusiv unge og elever);FORTJENESTE PR. PRÆSTERET TIME;Mænd og kvinder i alt;2023;340,43
H3050 Teknologiområdet, cykel-, auto- og skibsmekanik mv. (TBT);Sektorer i alt;Time- og fastlønnede i alt;Lønmodtagergrupper (eksklusiv unge og elever);FORTJENESTE PR. PRÆSTERET TIME;Mænd og kvinder i alt;2024;357,07
H3055 Teknologiområdet, maskinteknik og produktion (TBT);Sektorer i alt;Time- og fastlønnede i alt;Lønmodtagergrupper (eksklusiv unge og elever);FORTJENESTE PR. PRÆSTERET TIME;Mænd og kvinder i alt;2019;308,90
H3055 Teknologiområdet, maskinteknik og produktion (TBT);Sektorer i alt;Time- og fastlønnede i alt;Lønmodtagergrupper (eksklusiv unge og elever);FORTJENESTE PR. PRÆSTERET TIME;Mænd og kvinder i alt;2020;313,89
H3055 Teknologiområdet, maskinteknik og produktion (TBT);Sektorer i alt;Time- og fastlønnede i alt;Lønmodtagergrupper (eksklusiv unge og elever);FORTJENESTE PR. PRÆSTERET TIME;Mænd og kvinder i alt;2021;321,21
H3055 Teknologiområdet, maskinteknik og produktion (TBT);Sektorer i alt;Time- og fastlønnede i alt;Lønmodtagergrupper (eksklusiv unge og elever);FORTJENESTE PR. PRÆSTERET TIME;Mænd og kvinder i alt;2022;333,65
H3055 Teknologiområdet, maskinteknik og produktion (TBT);Sektorer i alt;Time- og fastlønnede i alt;Lønmodtagergrupper (eksklusiv unge og elever);FORTJENESTE PR. PRÆSTERET TIME;Mænd og kvinder i alt;2023;349,99
H3055 Teknologiområdet, maskinteknik og produktion (TBT);Sektorer i alt;Time- og fastlønnede i alt;Lønmodtagergrupper (eksklusiv unge og elever);FORTJENESTE PR. PRÆSTERET TIME;Mænd og kvinder i alt;2024;367,34
H3060 Teknik- og industriuddannelser i øvrigt (TBT);Sektorer i alt;Time- og fastlønnede i alt;Lønmodtagergrupper (eksklusiv unge og elever);FORTJENESTE PR. PRÆSTERET TIME;Mænd og kvinder i alt;2019;268,68
H3060 Teknik- og industriuddannelser i øvrigt (TBT);Sektorer i alt;Time- og fastlønnede i alt;Lønmodtagergrupper (eksklusiv unge og elever);FORTJENESTE PR. PRÆSTERET TIME;Mænd og kvinder i alt;2020;276,72
H3060 Teknik- og industriuddannelser i øvrigt (TBT);Sektorer i alt;Time- og fastlønnede i alt;Lønmodtagergrupper (eksklusiv unge og elever);FORTJENESTE PR. PRÆSTERET TIME;Mænd og kvinder i alt;2021;287,00
H3060 Teknik- og industriuddannelser i øvrigt (TBT);Sektorer i alt;Time- og fastlønnede i alt;Lønmodtagergrupper (eksklusiv unge og elever);FORTJENESTE PR. PRÆSTERET TIME;Mænd og kvinder i alt;2022;296,55
H3060 Teknik- og industriuddannelser i øvrigt (TBT);Sektorer i alt;Time- og fastlønnede i alt;Lønmodtagergrupper (eksklusiv unge og elever);FORTJENESTE PR. PRÆSTERET TIME;Mænd og kvinder i alt;2023;306,58
H3060 Teknik- og industriuddannelser i øvrigt (TBT);Sektorer i alt;Time- og fastlønnede i alt;Lønmodtagergrupper (eksklusiv unge og elever);FORTJENESTE PR. PRÆSTERET TIME;Mænd og kvinder i alt;2024;321,74
H3065 Transport og logistikområdet (TBT);Sektorer i alt;Time- og fastlønnede i alt;Lønmodtagergrupper (eksklusiv unge og elever);FORTJENESTE PR. PRÆSTERET TIME;Mænd og kvinder i alt;2019;274,98
H3065 Transport og logistikområdet (TBT);Sektorer i alt;Time- og fastlønnede i alt;Lønmodtagergrupper (eksklusiv unge og elever);FORTJENESTE PR. PRÆSTERET TIME;Mænd og kvinder i alt;2020;278,52
H3065 Transport og logistikområdet (TBT);Sektorer i alt;Time- og fastlønnede i alt;Lønmodtagergrupper (eksklusiv unge og elever);FORTJENESTE PR. PRÆSTERET TIME;Mænd og kvinder i alt;2021;287,98
H3065 Transport og logistikområdet (TBT);Sektorer i alt;Time- og fastlønnede i alt;Lønmodtagergrupper (eksklusiv unge og elever);FORTJENESTE PR. PRÆSTERET TIME;Mænd og kvinder i alt;2022;298,37
H3065 Transport og logistikområdet (TBT);Sektorer i alt;Time- og fastlønnede i alt;Lønmodtagergrupper (eksklusiv unge og elever);FORTJENESTE PR. PRÆSTERET TIME;Mænd og kvinder i alt;2023;312,44
H3065 Transport og logistikområdet (TBT);Sektorer i alt;Time- og fastlønnede i alt;Lønmodtagergrupper (eksklusiv unge og elever);FORTJENESTE PR. PRÆSTERET TIME;Mænd og kvinder i alt;2024;327,65
H3090 Andre erhvervsfaglige uddannelser;Sektorer i alt;Time- og fastlønnede i alt;Lønmodtagergrupper (eksklusiv unge og elever);FORTJENESTE PR. PRÆSTERET TIME;Mænd og kvinder i alt;2019;312,15
H3090 Andre erhvervsfaglige uddannelser;Sektorer i alt;Time- og fastlønnede i alt;Lønmodtagergrupper (eksklusiv unge og elever);FORTJENESTE PR. PRÆSTERET TIME;Mænd og kvinder i alt;2020;312,71
H3090 Andre erhvervsfaglige uddannelser;Sektorer i alt;Time- og fastlønnede i alt;Lønmodtagergrupper (eksklusiv unge og elever);FORTJENESTE PR. PRÆSTERET TIME;Mænd og kvinder i alt;2021;314,34
H3090 Andre erhvervsfaglige uddannelser;Sektorer i alt;Time- og fastlønnede i alt;Lønmodtagergrupper (eksklusiv unge og elever);FORTJENESTE PR. PRÆSTERET TIME;Mænd og kvinder i alt;2022;323,88
H3090 Andre erhvervsfaglige uddannelser;Sektorer i alt;Time- og fastlønnede i alt;Lønmodtagergrupper (eksklusiv unge og elever);FORTJENESTE PR. PRÆSTERET TIME;Mænd og kvinder i alt;2023;334,87
H3090 Andre erhvervsfaglige uddannelser;Sektorer i alt;Time- og fastlønnede i alt;Lønmodtagergrupper (eksklusiv unge og elever);FORTJENESTE PR. PRÆSTERET TIME;Mænd og kvinder i alt;2024;347,95
H35 Adgangsgivende uddannelsesforløb;Sektorer i alt;Time- og fastlønnede i alt;Lønmodtagergrupper (eksklusiv unge og elever);FORTJENESTE PR. PRÆSTERET TIME;Mænd og kvinder i alt;2019;307,42
H35 Adgangsgivende uddannelsesforløb;Sektorer i alt;Time- og fastlønnede i alt;Lønmodtagergrupper (eksklusiv unge og elever);FORTJENESTE PR. PRÆSTERET TIME;Mænd og kvinder i alt;2020;315,63
H35 Adgangsgivende uddannelsesforløb;Sektorer i alt;Time- og fastlønnede i alt;Lønmodtagergrupper (eksklusiv unge og elever);FORTJENESTE PR. PRÆSTERET TIME;Mænd og kvinder i alt;2021;323,16
H35 Adgangsgivende uddannelsesforløb;Sektorer i alt;Time- og fastlønnede i alt;Lønmodtagergrupper (eksklusiv unge og elever);FORTJENESTE PR. PRÆSTERET TIME;Mænd og kvinder i alt;2022;318,06
H35 Adgangsgivende uddannelsesforløb;Sektorer i alt;Time- og fastlønnede i alt;Lønmodtagergrupper (eksklusiv unge og elever);FORTJENESTE PR. PRÆSTERET TIME;Mænd og kvinder i alt;2023;333,94
H35 Adgangsgivende uddannelsesforløb;Sektorer i alt;Time- og fastlønnede i alt;Lønmodtagergrupper (eksklusiv unge og elever);FORTJENESTE PR. PRÆSTERET TIME;Mænd og kvinder i alt;2024;353,49
H3510 Adgangskurser - videregående udd.;Sektorer i alt;Time- og fastlønnede i alt;Lønmodtagergrupper (eksklusiv unge og elever);FORTJENESTE PR. PRÆSTERET TIME;Mænd og kvinder i alt;2019;214,76
H3510 Adgangskurser - videregående udd.;Sektorer i alt;Time- og fastlønnede i alt;Lønmodtagergrupper (eksklusiv unge og elever);FORTJENESTE PR. PRÆSTERET TIME;Mænd og kvinder i alt;2020;220,95
H3510 Adgangskurser - videregående udd.;Sektorer i alt;Time- og fastlønnede i alt;Lønmodtagergrupper (eksklusiv unge og elever);FORTJENESTE PR. PRÆSTERET TIME;Mænd og kvinder i alt;2021;230,54
H3510 Adgangskurser - videregående udd.;Sektorer i alt;Time- og fastlønnede i alt;Lønmodtagergrupper (eksklusiv unge og elever);FORTJENESTE PR. PRÆSTERET TIME;Mænd og kvinder i alt;2022;239,21
H3510 Adgangskurser - videregående udd.;Sektorer i alt;Time- og fastlønnede i alt;Lønmodtagergrupper (eksklusiv unge og elever);FORTJENESTE PR. PRÆSTERET TIME;Mænd og kvinder i alt;2023;251,38
H3510 Adgangskurser - videregående udd.;Sektorer i alt;Time- og fastlønnede i alt;Lønmodtagergrupper (eksklusiv unge og elever);FORTJENESTE PR. PRÆSTERET TIME;Mænd og kvinder i alt;2024;264,41
H3520 Adgangseksamen - ingeniøruddannelse;Sektorer i alt;Time- og fastlønnede i alt;Lønmodtagergrupper (eksklusiv unge og elever);FORTJENESTE PR. PRÆSTERET TIME;Mænd og kvinder i alt;2019;312,09
H3520 Adgangseksamen - ingeniøruddannelse;Sektorer i alt;Time- og fastlønnede i alt;Lønmodtagergrupper (eksklusiv unge og elever);FORTJENESTE PR. PRÆSTERET TIME;Mænd og kvinder i alt;2020;319,42
H3520 Adgangseksamen - ingeniøruddannelse;Sektorer i alt;Time- og fastlønnede i alt;Lønmodtagergrupper (eksklusiv unge og elever);FORTJENESTE PR. PRÆSTERET TIME;Mænd og kvinder i alt;2021;328,82
H3520 Adgangseksamen - ingeniøruddannelse;Sektorer i alt;Time- og fastlønnede i alt;Lønmodtagergrupper (eksklusiv unge og elever);FORTJENESTE PR. PRÆSTERET TIME;Mænd og kvinder i alt;2022;349,59
H3520 Adgangseksamen - ingeniøruddannelse;Sektorer i alt;Time- og fastlønnede i alt;Lønmodtagergrupper (eksklusiv unge og elever);FORTJENESTE PR. PRÆSTERET TIME;Mænd og kvinder i alt;2023;367,49
H3520 Adgangseksamen - ingeniøruddannelse;Sektorer i alt;Time- og fastlønnede i alt;Lønmodtagergrupper (eksklusiv unge og elever);FORTJENESTE PR. PRÆSTERET TIME;Mænd og kvinder i alt;2024;391,96
H40 Korte videregående uddannelser, KVU;Sektorer i alt;Time- og fastlønnede i alt;Lønmodtagergrupper (eksklusiv unge og elever);FORTJENESTE PR. PRÆSTERET TIME;Mænd og kvinder i alt;2019;343,77
H40 Korte videregående uddannelser, KVU;Sektorer i alt;Time- og fastlønnede i alt;Lønmodtagergrupper (eksklusiv unge og elever);FORTJENESTE PR. PRÆSTERET TIME;Mænd og kvinder i alt;2020;349,13
H40 Korte videregående uddannelser, KVU;Sektorer i alt;Time- og fastlønnede i alt;Lønmodtagergrupper (eksklusiv unge og elever);FORTJENESTE PR. PRÆSTERET TIME;Mænd og kvinder i alt;2021;353,81
H40 Korte videregående uddannelser, KVU;Sektorer i alt;Time- og fastlønnede i alt;Lønmodtagergrupper (eksklusiv unge og elever);FORTJENESTE PR. PRÆSTERET TIME;Mænd og kvinder i alt;2022;363,99
H40 Korte videregående uddannelser, KVU;Sektorer i alt;Time- og fastlønnede i alt;Lønmodtagergrupper (eksklusiv unge og elever);FORTJENESTE PR. PRÆSTERET TIME;Mænd og kvinder i alt;2023;377,48
H40 Korte videregående uddannelser, KVU;Sektorer i alt;Time- og fastlønnede i alt;Lønmodtagergrupper (eksklusiv unge og elever);FORTJENESTE PR. PRÆSTERET TIME;Mænd og kvinder i alt;2024;394,63
H4020 Pædagogisk, KVU;Sektorer i alt;Time- og fastlønnede i alt;Lønmodtagergrupper (eksklusiv unge og elever);FORTJENESTE PR. PRÆSTERET TIME;Mænd og kvinder i alt;2019;287,82
H4020 Pædagogisk, KVU;Sektorer i alt;Time- og fastlønnede i alt;Lønmodtagergrupper (eksklusiv unge og elever);FORTJENESTE PR. PRÆSTERET TIME;Mænd og kvinder i alt;2020;303,38
H4020 Pædagogisk, KVU;Sektorer i alt;Time- og fastlønnede i alt;Lønmodtagergrupper (eksklusiv unge og elever);FORTJENESTE PR. PRÆSTERET TIME;Mænd og kvinder i alt;2021;309,28
H4020 Pædagogisk, KVU;Sektorer i alt;Time- og fastlønnede i alt;Lønmodtagergrupper (eksklusiv unge og elever);FORTJENESTE PR. PRÆSTERET TIME;Mænd og kvinder i alt;2022;318,02
H4020 Pædagogisk, KVU;Sektorer i alt;Time- og fastlønnede i alt;Lønmodtagergrupper (eksklusiv unge og elever);FORTJENESTE PR. PRÆSTERET TIME;Mænd og kvinder i alt;2023;330,78
H4020 Pædagogisk, KVU;Sektorer i alt;Time- og fastlønnede i alt;Lønmodtagergrupper (eksklusiv unge og elever);FORTJENESTE PR. PRÆSTERET TIME;Mænd og kvinder i alt;2024;349,71
H4024 Medier og kommunikation, KVU;Sektorer i alt;Time- og fastlønnede i alt;Lønmodtagergrupper (eksklusiv unge og elever);FORTJENESTE PR. PRÆSTERET TIME;Mænd og kvinder i alt;2019;298,05
H4024 Medier og kommunikation, KVU;Sektorer i alt;Time- og fastlønnede i alt;Lønmodtagergrupper (eksklusiv unge og elever);FORTJENESTE PR. PRÆSTERET TIME;Mænd og kvinder i alt;2020;305,35
H4024 Medier og kommunikation, KVU;Sektorer i alt;Time- og fastlønnede i alt;Lønmodtagergrupper (eksklusiv unge og elever);FORTJENESTE PR. PRÆSTERET TIME;Mænd og kvinder i alt;2021;311,33
H4024 Medier og kommunikation, KVU;Sektorer i alt;Time- og fastlønnede i alt;Lønmodtagergrupper (eksklusiv unge og elever);FORTJENESTE PR. PRÆSTERET TIME;Mænd og kvinder i alt;2022;322,23
H4024 Medier og kommunikation, KVU;Sektorer i alt;Time- og fastlønnede i alt;Lønmodtagergrupper (eksklusiv unge og elever);FORTJENESTE PR. PRÆSTERET TIME;Mænd og kvinder i alt;2023;335,00
H4024 Medier og kommunikation, KVU;Sektorer i alt;Time- og fastlønnede i alt;Lønmodtagergrupper (eksklusiv unge og elever);FORTJENESTE PR. PRÆSTERET TIME;Mænd og kvinder i alt;2024;352,98
H4025 Humanistisk og teologisk, KVU;Sektorer i alt;Time- og fastlønnede i alt;Lønmodtagergrupper (eksklusiv unge og elever);FORTJENESTE PR. PRÆSTERET TIME;Mænd og kvinder i alt;2019;338,12
H4025 Humanistisk og teologisk, KVU;Sektorer i alt;Time- og fastlønnede i alt;Lønmodtagergrupper (eksklusiv unge og elever);FORTJENESTE PR. PRÆSTERET TIME;Mænd og kvinder i alt;2020;343,82
H4025 Humanistisk og teologisk, KVU;Sektorer i alt;Time- og fastlønnede i alt;Lønmodtagergrupper (eksklusiv unge og elever);FORTJENESTE PR. PRÆSTERET TIME;Mænd og kvinder i alt;2021;346,57
H4025 Humanistisk og teologisk, KVU;Sektorer i alt;Time- og fastlønnede i alt;Lønmodtagergrupper (eksklusiv unge og elever);FORTJENESTE PR. PRÆSTERET TIME;Mænd og kvinder i alt;2022;357,73
H4025 Humanistisk og teologisk, KVU;Sektorer i alt;Time- og fastlønnede i alt;Lønmodtagergrupper (eksklusiv unge og elever);FORTJENESTE PR. PRÆSTERET TIME;Mænd og kvinder i alt;2023;374,81
H4025 Humanistisk og teologisk, KVU;Sektorer i alt;Time- og fastlønnede i alt;Lønmodtagergrupper (eksklusiv unge og elever);FORTJENESTE PR. PRÆSTERET TIME;Mænd og kvinder i alt;2024;394,65
H4030 Kunstnerisk, KVU;Sektorer i alt;Time- og fastlønnede i alt;Lønmodtagergrupper (eksklusiv unge og elever);FORTJENESTE PR. PRÆSTERET TIME;Mænd og kvinder i alt;2019;275,77
H4030 Kunstnerisk, KVU;Sektorer i alt;Time- og fastlønnede i alt;Lønmodtagergrupper (eksklusiv unge og elever);FORTJENESTE PR. PRÆSTERET TIME;Mænd og kvinder i alt;2020;276,43
H4030 Kunstnerisk, KVU;Sektorer i alt;Time- og fastlønnede i alt;Lønmodtagergrupper (eksklusiv unge og elever);FORTJENESTE PR. PRÆSTERET TIME;Mænd og kvinder i alt;2021;278,29
H4030 Kunstnerisk, KVU;Sektorer i alt;Time- og fastlønnede i alt;Lønmodtagergrupper (eksklusiv unge og elever);FORTJENESTE PR. PRÆSTERET TIME;Mænd og kvinder i alt;2022;290,44
H4030 Kunstnerisk, KVU;Sektorer i alt;Time- og fastlønnede i alt;Lønmodtagergrupper (eksklusiv unge og elever);FORTJENESTE PR. PRÆSTERET TIME;Mænd og kvinder i alt;2023;301,10
H4030 Kunstnerisk, KVU;Sektorer i alt;Time- og fastlønnede i alt;Lønmodtagergrupper (eksklusiv unge og elever);FORTJENESTE PR. PRÆSTERET TIME;Mænd og kvinder i alt;2024;320,08
H4038 Samfundsfaglig, Økonomisk-Merkantil, KVU;Sektorer i alt;Time- og fastlønnede i alt;Lønmodtagergrupper (eksklusiv unge og elever);FORTJENESTE PR. PRÆSTERET TIME;Mænd og kvinder i alt;2019;351,93
H4038 Samfundsfaglig, Økonomisk-Merkantil, KVU;Sektorer i alt;Time- og fastlønnede i alt;Lønmodtagergrupper (eksklusiv unge og elever);FORTJENESTE PR. PRÆSTERET TIME;Mænd og kvinder i alt;2020;356,15
H4038 Samfundsfaglig, Økonomisk-Merkantil, KVU;Sektorer i alt;Time- og fastlønnede i alt;Lønmodtagergrupper (eksklusiv unge og elever);FORTJENESTE PR. PRÆSTERET TIME;Mænd og kvinder i alt;2021;361,24
H4038 Samfundsfaglig, Økonomisk-Merkantil, KVU;Sektorer i alt;Time- og fastlønnede i alt;Lønmodtagergrupper (eksklusiv unge og elever);FORTJENESTE PR. PRÆSTERET TIME;Mænd og kvinder i alt;2022;371,41
H4038 Samfundsfaglig, Økonomisk-Merkantil, KVU;Sektorer i alt;Time- og fastlønnede i alt;Lønmodtagergrupper (eksklusiv unge og elever);FORTJENESTE PR. PRÆSTERET TIME;Mænd og kvinder i alt;2023;385,37
H4038 Samfundsfaglig, Økonomisk-Merkantil, KVU;Sektorer i alt;Time- og fastlønnede i alt;Lønmodtagergrupper (eksklusiv unge og elever);FORTJENESTE PR. PRÆSTERET TIME;Mænd og kvinder i alt;2024;405,01
H4058 Teknisk, KVU;Sektorer i alt;Time- og fastlønnede i alt;Lønmodtagergrupper (eksklusiv unge og elever);FORTJENESTE PR. PRÆSTERET TIME;Mænd og kvinder i alt;2019;376,05
H4058 Teknisk, KVU;Sektorer i alt;Time- og fastlønnede i alt;Lønmodtagergrupper (eksklusiv unge og elever);FORTJENESTE PR. PRÆSTERET TIME;Mænd og kvinder i alt;2020;381,12
H4058 Teknisk, KVU;Sektorer i alt;Time- og fastlønnede i alt;Lønmodtagergrupper (eksklusiv unge og elever);FORTJENESTE PR. PRÆSTERET TIME;Mænd og kvinder i alt;2021;388,00
H4058 Teknisk, KVU;Sektorer i alt;Time- og fastlønnede i alt;Lønmodtagergrupper (eksklusiv unge og elever);FORTJENESTE PR. PRÆSTERET TIME;Mænd og kvinder i alt;2022;401,85
H4058 Teknisk, KVU;Sektorer i alt;Time- og fastlønnede i alt;Lønmodtagergrupper (eksklusiv unge og elever);FORTJENESTE PR. PRÆSTERET TIME;Mænd og kvinder i alt;2023;420,14
H4058 Teknisk, KVU;Sektorer i alt;Time- og fastlønnede i alt;Lønmodtagergrupper (eksklusiv unge og elever);FORTJENESTE PR. PRÆSTERET TIME;Mænd og kvinder i alt;2024;439,75
H4075 Fødevarer, bio- og laboratorieteknik, KVU;Sektorer i alt;Time- og fastlønnede i alt;Lønmodtagergrupper (eksklusiv unge og elever);FORTJENESTE PR. PRÆSTERET TIME;Mænd og kvinder i alt;2019;324,91
H4075 Fødevarer, bio- og laboratorieteknik, KVU;Sektorer i alt;Time- og fastlønnede i alt;Lønmodtagergrupper (eksklusiv unge og elever);FORTJENESTE PR. PRÆSTERET TIME;Mænd og kvinder i alt;2020;330,83
H4075 Fødevarer, bio- og laboratorieteknik, KVU;Sektorer i alt;Time- og fastlønnede i alt;Lønmodtagergrupper (eksklusiv unge og elever);FORTJENESTE PR. PRÆSTERET TIME;Mænd og kvinder i alt;2021;337,19
H4075 Fødevarer, bio- og laboratorieteknik, KVU;Sektorer i alt;Time- og fastlønnede i alt;Lønmodtagergrupper (eksklusiv unge og elever);FORTJENESTE PR. PRÆSTERET TIME;Mænd og kvinder i alt;2022;349,42
H4075 Fødevarer, bio- og laboratorieteknik, KVU;Sektorer i alt;Time- og fastlønnede i alt;Lønmodtagergrupper (eksklusiv unge og elever);FORTJENESTE PR. PRÆSTERET TIME;Mænd og kvinder i alt;2023;367,90
H4075 Fødevarer, bio- og laboratorieteknik, KVU;Sektorer i alt;Time- og fastlønnede i alt;Lønmodtagergrupper (eksklusiv unge og elever);FORTJENESTE PR. PRÆSTERET TIME;Mænd og kvinder i alt;2024;387,87
H4080 Jordbrug, natur og miljø, KVU;Sektorer i alt;Time- og fastlønnede i alt;Lønmodtagergrupper (eksklusiv unge og elever);FORTJENESTE PR. PRÆSTERET TIME;Mænd og kvinder i alt;2019;313,22
H4080 Jordbrug, natur og miljø, KVU;Sektorer i alt;Time- og fastlønnede i alt;Lønmodtagergrupper (eksklusiv unge og elever);FORTJENESTE PR. PRÆSTERET TIME;Mænd og kvinder i alt;2020;320,70
H4080 Jordbrug, natur og miljø, KVU;Sektorer i alt;Time- og fastlønnede i alt;Lønmodtagergrupper (eksklusiv unge og elever);FORTJENESTE PR. PRÆSTERET TIME;Mænd og kvinder i alt;2021;326,40
H4080 Jordbrug, natur og miljø, KVU;Sektorer i alt;Time- og fastlønnede i alt;Lønmodtagergrupper (eksklusiv unge og elever);FORTJENESTE PR. PRÆSTERET TIME;Mænd og kvinder i alt;2022;337,40
H4080 Jordbrug, natur og miljø, KVU;Sektorer i alt;Time- og fastlønnede i alt;Lønmodtagergrupper (eksklusiv unge og elever);FORTJENESTE PR. PRÆSTERET TIME;Mænd og kvinder i alt;2023;349,23
H4080 Jordbrug, natur og miljø, KVU;Sektorer i alt;Time- og fastlønnede i alt;Lønmodtagergrupper (eksklusiv unge og elever);FORTJENESTE PR. PRÆSTERET TIME;Mænd og kvinder i alt;2024;368,95
H4085 Maritimt, KVU;Sektorer i alt;Time- og fastlønnede i alt;Lønmodtagergrupper (eksklusiv unge og elever);FORTJENESTE PR. PRÆSTERET TIME;Mænd og kvinder i alt;2019;412,11
H4085 Maritimt, KVU;Sektorer i alt;Time- og fastlønnede i alt;Lønmodtagergrupper (eksklusiv unge og elever);FORTJENESTE PR. PRÆSTERET TIME;Mænd og kvinder i alt;2020;416,12
H4085 Maritimt, KVU;Sektorer i alt;Time- og fastlønnede i alt;Lønmodtagergrupper (eksklusiv unge og elever);FORTJENESTE PR. PRÆSTERET TIME;Mænd og kvinder i alt;2021;413,71
H4085 Maritimt, KVU;Sektorer i alt;Time- og fastlønnede i alt;Lønmodtagergrupper (eksklusiv unge og elever);FORTJENESTE PR. PRÆSTERET TIME;Mænd og kvinder i alt;2022;424,95
H4085 Maritimt, KVU;Sektorer i alt;Time- og fastlønnede i alt;Lønmodtagergrupper (eksklusiv unge og elever);FORTJENESTE PR. PRÆSTERET TIME;Mænd og kvinder i alt;2023;438,65
H4085 Maritimt, KVU;Sektorer i alt;Time- og fastlønnede i alt;Lønmodtagergrupper (eksklusiv unge og elever);FORTJENESTE PR. PRÆSTERET TIME;Mænd og kvinder i alt;2024;463,77
H4089 Sundhedsfaglig, KVU;Sektorer i alt;Time- og fastlønnede i alt;Lønmodtagergrupper (eksklusiv unge og elever);FORTJENESTE PR. PRÆSTERET TIME;Mænd og kvinder i alt;2019;318,09
H4089 Sundhedsfaglig, KVU;Sektorer i alt;Time- og fastlønnede i alt;Lønmodtagergrupper (eksklusiv unge og elever);FORTJENESTE PR. PRÆSTERET TIME;Mænd og kvinder i alt;2020;322,99
H4089 Sundhedsfaglig, KVU;Sektorer i alt;Time- og fastlønnede i alt;Lønmodtagergrupper (eksklusiv unge og elever);FORTJENESTE PR. PRÆSTERET TIME;Mænd og kvinder i alt;2021;322,06
H4089 Sundhedsfaglig, KVU;Sektorer i alt;Time- og fastlønnede i alt;Lønmodtagergrupper (eksklusiv unge og elever);FORTJENESTE PR. PRÆSTERET TIME;Mænd og kvinder i alt;2022;333,43
H4089 Sundhedsfaglig, KVU;Sektorer i alt;Time- og fastlønnede i alt;Lønmodtagergrupper (eksklusiv unge og elever);FORTJENESTE PR. PRÆSTERET TIME;Mænd og kvinder i alt;2023;342,13
H4089 Sundhedsfaglig, KVU;Sektorer i alt;Time- og fastlønnede i alt;Lønmodtagergrupper (eksklusiv unge og elever);FORTJENESTE PR. PRÆSTERET TIME;Mænd og kvinder i alt;2024;358,97
H4095 Politi og forsvar mv., KVU;Sektorer i alt;Time- og fastlønnede i alt;Lønmodtagergrupper (eksklusiv unge og elever);FORTJENESTE PR. PRÆSTERET TIME;Mænd og kvinder i alt;2019;330,79
H4095 Politi og forsvar mv., KVU;Sektorer i alt;Time- og fastlønnede i alt;Lønmodtagergrupper (eksklusiv unge og elever);FORTJENESTE PR. PRÆSTERET TIME;Mænd og kvinder i alt;2020;332,98
H4095 Politi og forsvar mv., KVU;Sektorer i alt;Time- og fastlønnede i alt;Lønmodtagergrupper (eksklusiv unge og elever);FORTJENESTE PR. PRÆSTERET TIME;Mænd og kvinder i alt;2021;335,18
H4095 Politi og forsvar mv., KVU;Sektorer i alt;Time- og fastlønnede i alt;Lønmodtagergrupper (eksklusiv unge og elever);FORTJENESTE PR. PRÆSTERET TIME;Mænd og kvinder i alt;2022;344,37
H4095 Politi og forsvar mv., KVU;Sektorer i alt;Time- og fastlønnede i alt;Lønmodtagergrupper (eksklusiv unge og elever);FORTJENESTE PR. PRÆSTERET TIME;Mænd og kvinder i alt;2023;352,81
H4095 Politi og forsvar mv., KVU;Sektorer i alt;Time- og fastlønnede i alt;Lønmodtagergrupper (eksklusiv unge og elever);FORTJENESTE PR. PRÆSTERET TIME;Mænd og kvinder i alt;2024;369,08
H50 Mellemlange videregående uddannelser, MVU;Sektorer i alt;Time- og fastlønnede i alt;Lønmodtagergrupper (eksklusiv unge og elever);FORTJENESTE PR. PRÆSTERET TIME;Mænd og kvinder i alt;2019;347,25
H50 Mellemlange videregående uddannelser, MVU;Sektorer i alt;Time- og fastlønnede i alt;Lønmodtagergrupper (eksklusiv unge og elever);FORTJENESTE PR. PRÆSTERET TIME;Mænd og kvinder i alt;2020;356,05
H50 Mellemlange videregående uddannelser, MVU;Sektorer i alt;Time- og fastlønnede i alt;Lønmodtagergrupper (eksklusiv unge og elever);FORTJENESTE PR. PRÆSTERET TIME;Mænd og kvinder i alt;2021;360,29
H50 Mellemlange videregående uddannelser, MVU;Sektorer i alt;Time- og fastlønnede i alt;Lønmodtagergrupper (eksklusiv unge og elever);FORTJENESTE PR. PRÆSTERET TIME;Mænd og kvinder i alt;2022;372,45
H50 Mellemlange videregående uddannelser, MVU;Sektorer i alt;Time- og fastlønnede i alt;Lønmodtagergrupper (eksklusiv unge og elever);FORTJENESTE PR. PRÆSTERET TIME;Mænd og kvinder i alt;2023;384,65
H50 Mellemlange videregående uddannelser, MVU;Sektorer i alt;Time- og fastlønnede i alt;Lønmodtagergrupper (eksklusiv unge og elever);FORTJENESTE PR. PRÆSTERET TIME;Mænd og kvinder i alt;2024;401,24
H5020 Pædagogisk, MVU;Sektorer i alt;Time- og fastlønnede i alt;Lønmodtagergrupper (eksklusiv unge og elever);FORTJENESTE PR. PRÆSTERET TIME;Mænd og kvinder i alt;2019;315,58
H5020 Pædagogisk, MVU;Sektorer i alt;Time- og fastlønnede i alt;Lønmodtagergrupper (eksklusiv unge og elever);FORTJENESTE PR. PRÆSTERET TIME;Mænd og kvinder i alt;2020;325,27
H5020 Pædagogisk, MVU;Sektorer i alt;Time- og fastlønnede i alt;Lønmodtagergrupper (eksklusiv unge og elever);FORTJENESTE PR. PRÆSTERET TIME;Mænd og kvinder i alt;2021;329,72
H5020 Pædagogisk, MVU;Sektorer i alt;Time- og fastlønnede i alt;Lønmodtagergrupper (eksklusiv unge og elever);FORTJENESTE PR. PRÆSTERET TIME;Mænd og kvinder i alt;2022;340,69
H5020 Pædagogisk, MVU;Sektorer i alt;Time- og fastlønnede i alt;Lønmodtagergrupper (eksklusiv unge og elever);FORTJENESTE PR. PRÆSTERET TIME;Mænd og kvinder i alt;2023;350,40
H5020 Pædagogisk, MVU;Sektorer i alt;Time- og fastlønnede i alt;Lønmodtagergrupper (eksklusiv unge og elever);FORTJENESTE PR. PRÆSTERET TIME;Mænd og kvinder i alt;2024;367,56
H5024 Medier og kommunikation, MVU;Sektorer i alt;Time- og fastlønnede i alt;Lønmodtagergrupper (eksklusiv unge og elever);FORTJENESTE PR. PRÆSTERET TIME;Mænd og kvinder i alt;2019;362,30
H5024 Medier og kommunikation, MVU;Sektorer i alt;Time- og fastlønnede i alt;Lønmodtagergrupper (eksklusiv unge og elever);FORTJENESTE PR. PRÆSTERET TIME;Mænd og kvinder i alt;2020;365,81
H5024 Medier og kommunikation, MVU;Sektorer i alt;Time- og fastlønnede i alt;Lønmodtagergrupper (eksklusiv unge og elever);FORTJENESTE PR. PRÆSTERET TIME;Mænd og kvinder i alt;2021;364,67
H5024 Medier og kommunikation, MVU;Sektorer i alt;Time- og fastlønnede i alt;Lønmodtagergrupper (eksklusiv unge og elever);FORTJENESTE PR. PRÆSTERET TIME;Mænd og kvinder i alt;2022;368,44
H5024 Medier og kommunikation, MVU;Sektorer i alt;Time- og fastlønnede i alt;Lønmodtagergrupper (eksklusiv unge og elever);FORTJENESTE PR. PRÆSTERET TIME;Mænd og kvinder i alt;2023;382,67
H5024 Medier og kommunikation, MVU;Sektorer i alt;Time- og fastlønnede i alt;Lønmodtagergrupper (eksklusiv unge og elever);FORTJENESTE PR. PRÆSTERET TIME;Mænd og kvinder i alt;2024;394,21
H5025 Humanistisk og teologisk, MVU;Sektorer i alt;Time- og fastlønnede i alt;Lønmodtagergrupper (eksklusiv unge og elever);FORTJENESTE PR. PRÆSTERET TIME;Mænd og kvinder i alt;2019;345,06
H5025 Humanistisk og teologisk, MVU;Sektorer i alt;Time- og fastlønnede i alt;Lønmodtagergrupper (eksklusiv unge og elever);FORTJENESTE PR. PRÆSTERET TIME;Mænd og kvinder i alt;2020;352,07
H5025 Humanistisk og teologisk, MVU;Sektorer i alt;Time- og fastlønnede i alt;Lønmodtagergrupper (eksklusiv unge og elever);FORTJENESTE PR. PRÆSTERET TIME;Mænd og kvinder i alt;2021;355,45
H5025 Humanistisk og teologisk, MVU;Sektorer i alt;Time- og fastlønnede i alt;Lønmodtagergrupper (eksklusiv unge og elever);FORTJENESTE PR. PRÆSTERET TIME;Mænd og kvinder i alt;2022;367,98
H5025 Humanistisk og teologisk, MVU;Sektorer i alt;Time- og fastlønnede i alt;Lønmodtagergrupper (eksklusiv unge og elever);FORTJENESTE PR. PRÆSTERET TIME;Mænd og kvinder i alt;2023;382,51
H5025 Humanistisk og teologisk, MVU;Sektorer i alt;Time- og fastlønnede i alt;Lønmodtagergrupper (eksklusiv unge og elever);FORTJENESTE PR. PRÆSTERET TIME;Mænd og kvinder i alt;2024;399,02
H5030 Kunstnerisk, MVU;Sektorer i alt;Time- og fastlønnede i alt;Lønmodtagergrupper (eksklusiv unge og elever);FORTJENESTE PR. PRÆSTERET TIME;Mænd og kvinder i alt;2019;267,62
H5030 Kunstnerisk, MVU;Sektorer i alt;Time- og fastlønnede i alt;Lønmodtagergrupper (eksklusiv unge og elever);FORTJENESTE PR. PRÆSTERET TIME;Mænd og kvinder i alt;2020;274,83
H5030 Kunstnerisk, MVU;Sektorer i alt;Time- og fastlønnede i alt;Lønmodtagergrupper (eksklusiv unge og elever);FORTJENESTE PR. PRÆSTERET TIME;Mænd og kvinder i alt;2021;276,17
H5030 Kunstnerisk, MVU;Sektorer i alt;Time- og fastlønnede i alt;Lønmodtagergrupper (eksklusiv unge og elever);FORTJENESTE PR. PRÆSTERET TIME;Mænd og kvinder i alt;2022;292,30
H5030 Kunstnerisk, MVU;Sektorer i alt;Time- og fastlønnede i alt;Lønmodtagergrupper (eksklusiv unge og elever);FORTJENESTE PR. PRÆSTERET TIME;Mænd og kvinder i alt;2023;307,52
H5030 Kunstnerisk, MVU;Sektorer i alt;Time- og fastlønnede i alt;Lønmodtagergrupper (eksklusiv unge og elever);FORTJENESTE PR. PRÆSTERET TIME;Mænd og kvinder i alt;2024;324,05
H5038 Samfundsfaglig, Økonomisk-Merkantil, MVU;Sektorer i alt;Time- og fastlønnede i alt;Lønmodtagergrupper (eksklusiv unge og elever);FORTJENESTE PR. PRÆSTERET TIME;Mænd og kvinder i alt;2019;396,14
H5038 Samfundsfaglig, Økonomisk-Merkantil, MVU;Sektorer i alt;Time- og fastlønnede i alt;Lønmodtagergrupper (eksklusiv unge og elever);FORTJENESTE PR. PRÆSTERET TIME;Mænd og kvinder i alt;2020;400,70
H5038 Samfundsfaglig, Økonomisk-Merkantil, MVU;Sektorer i alt;Time- og fastlønnede i alt;Lønmodtagergrupper (eksklusiv unge og elever);FORTJENESTE PR. PRÆSTERET TIME;Mænd og kvinder i alt;2021;401,19
H5038 Samfundsfaglig, Økonomisk-Merkantil, MVU;Sektorer i alt;Time- og fastlønnede i alt;Lønmodtagergrupper (eksklusiv unge og elever);FORTJENESTE PR. PRÆSTERET TIME;Mænd og kvinder i alt;2022;410,79
H5038 Samfundsfaglig, Økonomisk-Merkantil, MVU;Sektorer i alt;Time- og fastlønnede i alt;Lønmodtagergrupper (eksklusiv unge og elever);FORTJENESTE PR. PRÆSTERET TIME;Mænd og kvinder i alt;2023;423,71
H5038 Samfundsfaglig, Økonomisk-Merkantil, MVU;Sektorer i alt;Time- og fastlønnede i alt;Lønmodtagergrupper (eksklusiv unge og elever);FORTJENESTE PR. PRÆSTERET TIME;Mænd og kvinder i alt;2024;440,23
H5039 Samfundsvidenskab, MVU;Sektorer i alt;Time- og fastlønnede i alt;Lønmodtagergrupper (eksklusiv unge og elever);FORTJENESTE PR. PRÆSTERET TIME;Mænd og kvinder i alt;2019;346,18
H5039 Samfundsvidenskab, MVU;Sektorer i alt;Time- og fastlønnede i alt;Lønmodtagergrupper (eksklusiv unge og elever);FORTJENESTE PR. PRÆSTERET TIME;Mænd og kvinder i alt;2020;363,59
H5039 Samfundsvidenskab, MVU;Sektorer i alt;Time- og fastlønnede i alt;Lønmodtagergrupper (eksklusiv unge og elever);FORTJENESTE PR. PRÆSTERET TIME;Mænd og kvinder i alt;2021;355,57
H5039 Samfundsvidenskab, MVU;Sektorer i alt;Time- og fastlønnede i alt;Lønmodtagergrupper (eksklusiv unge og elever);FORTJENESTE PR. PRÆSTERET TIME;Mænd og kvinder i alt;2022;380,48
H5039 Samfundsvidenskab, MVU;Sektorer i alt;Time- og fastlønnede i alt;Lønmodtagergrupper (eksklusiv unge og elever);FORTJENESTE PR. PRÆSTERET TIME;Mænd og kvinder i alt;2023;403,83
H5039 Samfundsvidenskab, MVU;Sektorer i alt;Time- og fastlønnede i alt;Lønmodtagergrupper (eksklusiv unge og elever);FORTJENESTE PR. PRÆSTERET TIME;Mænd og kvinder i alt;2024;418,18
H5058 Teknisk, MVU;Sektorer i alt;Time- og fastlønnede i alt;Lønmodtagergrupper (eksklusiv unge og elever);FORTJENESTE PR. PRÆSTERET TIME;Mænd og kvinder i alt;2019;405,57
H5058 Teknisk, MVU;Sektorer i alt;Time- og fastlønnede i alt;Lønmodtagergrupper (eksklusiv unge og elever);FORTJENESTE PR. PRÆSTERET TIME;Mænd og kvinder i alt;2020;410,04
H5058 Teknisk, MVU;Sektorer i alt;Time- og fastlønnede i alt;Lønmodtagergrupper (eksklusiv unge og elever);FORTJENESTE PR. PRÆSTERET TIME;Mænd og kvinder i alt;2021;414,52
H5058 Teknisk, MVU;Sektorer i alt;Time- og fastlønnede i alt;Lønmodtagergrupper (eksklusiv unge og elever);FORTJENESTE PR. PRÆSTERET TIME;Mænd og kvinder i alt;2022;427,52
H5058 Teknisk, MVU;Sektorer i alt;Time- og fastlønnede i alt;Lønmodtagergrupper (eksklusiv unge og elever);FORTJENESTE PR. PRÆSTERET TIME;Mænd og kvinder i alt;2023;449,22
H5058 Teknisk, MVU;Sektorer i alt;Time- og fastlønnede i alt;Lønmodtagergrupper (eksklusiv unge og elever);FORTJENESTE PR. PRÆSTERET TIME;Mænd og kvinder i alt;2024;470,65
H5059 Teknisk videnskab, MVU;Sektorer i alt;Time- og fastlønnede i alt;Lønmodtagergrupper (eksklusiv unge og elever);FORTJENESTE PR. PRÆSTERET TIME;Mænd og kvinder i alt;2019;531,00
H5059 Teknisk videnskab, MVU;Sektorer i alt;Time- og fastlønnede i alt;Lønmodtagergrupper (eksklusiv unge og elever);FORTJENESTE PR. PRÆSTERET TIME;Mænd og kvinder i alt;2020;540,11
H5059 Teknisk videnskab, MVU;Sektorer i alt;Time- og fastlønnede i alt;Lønmodtagergrupper (eksklusiv unge og elever);FORTJENESTE PR. PRÆSTERET TIME;Mænd og kvinder i alt;2021;546,08
H5059 Teknisk videnskab, MVU;Sektorer i alt;Time- og fastlønnede i alt;Lønmodtagergrupper (eksklusiv unge og elever);FORTJENESTE PR. PRÆSTERET TIME;Mænd og kvinder i alt;2022;561,71
H5059 Teknisk videnskab, MVU;Sektorer i alt;Time- og fastlønnede i alt;Lønmodtagergrupper (eksklusiv unge og elever);FORTJENESTE PR. PRÆSTERET TIME;Mænd og kvinder i alt;2023;584,58
H5059 Teknisk videnskab, MVU;Sektorer i alt;Time- og fastlønnede i alt;Lønmodtagergrupper (eksklusiv unge og elever);FORTJENESTE PR. PRÆSTERET TIME;Mænd og kvinder i alt;2024;609,32
H5075 Fødevarer, Bio- og laboratorieteknik, MVU;Sektorer i alt;Time- og fastlønnede i alt;Lønmodtagergrupper (eksklusiv unge og elever);FORTJENESTE PR. PRÆSTERET TIME;Mænd og kvinder i alt;2019;303,38
H5075 Fødevarer, Bio- og laboratorieteknik, MVU;Sektorer i alt;Time- og fastlønnede i alt;Lønmodtagergrupper (eksklusiv unge og elever);FORTJENESTE PR. PRÆSTERET TIME;Mænd og kvinder i alt;2020;311,26
H5075 Fødevarer, Bio- og laboratorieteknik, MVU;Sektorer i alt;Time- og fastlønnede i alt;Lønmodtagergrupper (eksklusiv unge og elever);FORTJENESTE PR. PRÆSTERET TIME;Mænd og kvinder i alt;2021;316,07
H5075 Fødevarer, Bio- og laboratorieteknik, MVU;Sektorer i alt;Time- og fastlønnede i alt;Lønmodtagergrupper (eksklusiv unge og elever);FORTJENESTE PR. PRÆSTERET TIME;Mænd og kvinder i alt;2022;328,44
H5075 Fødevarer, Bio- og laboratorieteknik, MVU;Sektorer i alt;Time- og fastlønnede i alt;Lønmodtagergrupper (eksklusiv unge og elever);FORTJENESTE PR. PRÆSTERET TIME;Mænd og kvinder i alt;2023;342,39
H5075 Fødevarer, Bio- og laboratorieteknik, MVU;Sektorer i alt;Time- og fastlønnede i alt;Lønmodtagergrupper (eksklusiv unge og elever);FORTJENESTE PR. PRÆSTERET TIME;Mænd og kvinder i alt;2024;358,15
H5080 Jordbrug, natur og miljø, MVU;Sektorer i alt;Time- og fastlønnede i alt;Lønmodtagergrupper (eksklusiv unge og elever);FORTJENESTE PR. PRÆSTERET TIME;Mænd og kvinder i alt;2019;339,97
H5080 Jordbrug, natur og miljø, MVU;Sektorer i alt;Time- og fastlønnede i alt;Lønmodtagergrupper (eksklusiv unge og elever);FORTJENESTE PR. PRÆSTERET TIME;Mænd og kvinder i alt;2020;344,07
H5080 Jordbrug, natur og miljø, MVU;Sektorer i alt;Time- og fastlønnede i alt;Lønmodtagergrupper (eksklusiv unge og elever);FORTJENESTE PR. PRÆSTERET TIME;Mænd og kvinder i alt;2021;351,02
H5080 Jordbrug, natur og miljø, MVU;Sektorer i alt;Time- og fastlønnede i alt;Lønmodtagergrupper (eksklusiv unge og elever);FORTJENESTE PR. PRÆSTERET TIME;Mænd og kvinder i alt;2022;360,37
H5080 Jordbrug, natur og miljø, MVU;Sektorer i alt;Time- og fastlønnede i alt;Lønmodtagergrupper (eksklusiv unge og elever);FORTJENESTE PR. PRÆSTERET TIME;Mænd og kvinder i alt;2023;373,88
H5080 Jordbrug, natur og miljø, MVU;Sektorer i alt;Time- og fastlønnede i alt;Lønmodtagergrupper (eksklusiv unge og elever);FORTJENESTE PR. PRÆSTERET TIME;Mænd og kvinder i alt;2024;386,83
H5085 Maritimt, MVU;Sektorer i alt;Time- og fastlønnede i alt;Lønmodtagergrupper (eksklusiv unge og elever);FORTJENESTE PR. PRÆSTERET TIME;Mænd og kvinder i alt;2019;449,70
H5085 Maritimt, MVU;Sektorer i alt;Time- og fastlønnede i alt;Lønmodtagergrupper (eksklusiv unge og elever);FORTJENESTE PR. PRÆSTERET TIME;Mænd og kvinder i alt;2020;453,98
H5085 Maritimt, MVU;Sektorer i alt;Time- og fastlønnede i alt;Lønmodtagergrupper (eksklusiv unge og elever);FORTJENESTE PR. PRÆSTERET TIME;Mænd og kvinder i alt;2021;450,95
H5085 Maritimt, MVU;Sektorer i alt;Time- og fastlønnede i alt;Lønmodtagergrupper (eksklusiv unge og elever);FORTJENESTE PR. PRÆSTERET TIME;Mænd og kvinder i alt;2022;455,30
H5085 Maritimt, MVU;Sektorer i alt;Time- og fastlønnede i alt;Lønmodtagergrupper (eksklusiv unge og elever);FORTJENESTE PR. PRÆSTERET TIME;Mænd og kvinder i alt;2023;484,05
H5085 Maritimt, MVU;Sektorer i alt;Time- og fastlønnede i alt;Lønmodtagergrupper (eksklusiv unge og elever);FORTJENESTE PR. PRÆSTERET TIME;Mænd og kvinder i alt;2024;510,11
H5089 Sundhedsfaglig, MVU;Sektorer i alt;Time- og fastlønnede i alt;Lønmodtagergrupper (eksklusiv unge og elever);FORTJENESTE PR. PRÆSTERET TIME;Mænd og kvinder i alt;2019;319,53
H5089 Sundhedsfaglig, MVU;Sektorer i alt;Time- og fastlønnede i alt;Lønmodtagergrupper (eksklusiv unge og elever);FORTJENESTE PR. PRÆSTERET TIME;Mænd og kvinder i alt;2020;332,01
H5089 Sundhedsfaglig, MVU;Sektorer i alt;Time- og fastlønnede i alt;Lønmodtagergrupper (eksklusiv unge og elever);FORTJENESTE PR. PRÆSTERET TIME;Mænd og kvinder i alt;2021;338,79
H5089 Sundhedsfaglig, MVU;Sektorer i alt;Time- og fastlønnede i alt;Lønmodtagergrupper (eksklusiv unge og elever);FORTJENESTE PR. PRÆSTERET TIME;Mænd og kvinder i alt;2022;355,91
H5089 Sundhedsfaglig, MVU;Sektorer i alt;Time- og fastlønnede i alt;Lønmodtagergrupper (eksklusiv unge og elever);FORTJENESTE PR. PRÆSTERET TIME;Mænd og kvinder i alt;2023;358,91
H5089 Sundhedsfaglig, MVU;Sektorer i alt;Time- og fastlønnede i alt;Lønmodtagergrupper (eksklusiv unge og elever);FORTJENESTE PR. PRÆSTERET TIME;Mænd og kvinder i alt;2024;371,88
H5095 Politi og forsvar mv., MVU;Sektorer i alt;Time- og fastlønnede i alt;Lønmodtagergrupper (eksklusiv unge og elever);FORTJENESTE PR. PRÆSTERET TIME;Mænd og kvinder i alt;2019;436,19
H5095 Politi og forsvar mv., MVU;Sektorer i alt;Time- og fastlønnede i alt;Lønmodtagergrupper (eksklusiv unge og elever);FORTJENESTE PR. PRÆSTERET TIME;Mænd og kvinder i alt;2020;442,60
H5095 Politi og forsvar mv., MVU;Sektorer i alt;Time- og fastlønnede i alt;Lønmodtagergrupper (eksklusiv unge og elever);FORTJENESTE PR. PRÆSTERET TIME;Mænd og kvinder i alt;2021;451,12
H5095 Politi og forsvar mv., MVU;Sektorer i alt;Time- og fastlønnede i alt;Lønmodtagergrupper (eksklusiv unge og elever);FORTJENESTE PR. PRÆSTERET TIME;Mænd og kvinder i alt;2022;475,55
H5095 Politi og forsvar mv., MVU;Sektorer i alt;Time- og fastlønnede i alt;Lønmodtagergrupper (eksklusiv unge og elever);FORTJENESTE PR. PRÆSTERET TIME;Mænd og kvinder i alt;2023;493,55
H5095 Politi og forsvar mv., MVU;Sektorer i alt;Time- og fastlønnede i alt;Lønmodtagergrupper (eksklusiv unge og elever);FORTJENESTE PR. PRÆSTERET TIME;Mænd og kvinder i alt;2024;518,45
H5097 Videregående uddannelser uden nærmere angivelse, MVU;Sektorer i alt;Time- og fastlønnede i alt;Lønmodtagergrupper (eksklusiv unge og elever);FORTJENESTE PR. PRÆSTERET TIME;Mænd og kvinder i alt;2019;283,36
H5097 Videregående uddannelser uden nærmere angivelse, MVU;Sektorer i alt;Time- og fastlønnede i alt;Lønmodtagergrupper (eksklusiv unge og elever);FORTJENESTE PR. PRÆSTERET TIME;Mænd og kvinder i alt;2020;296,84
H5097 Videregående uddannelser uden nærmere angivelse, MVU;Sektorer i alt;Time- og fastlønnede i alt;Lønmodtagergrupper (eksklusiv unge og elever);FORTJENESTE PR. PRÆSTERET TIME;Mænd og kvinder i alt;2021;302,30
H5097 Videregående uddannelser uden nærmere angivelse, MVU;Sektorer i alt;Time- og fastlønnede i alt;Lønmodtagergrupper (eksklusiv unge og elever);FORTJENESTE PR. PRÆSTERET TIME;Mænd og kvinder i alt;2022;311,46
H5097 Videregående uddannelser uden nærmere angivelse, MVU;Sektorer i alt;Time- og fastlønnede i alt;Lønmodtagergrupper (eksklusiv unge og elever);FORTJENESTE PR. PRÆSTERET TIME;Mænd og kvinder i alt;2023;332,42
H5097 Videregående uddannelser uden nærmere angivelse, MVU;Sektorer i alt;Time- og fastlønnede i alt;Lønmodtagergrupper (eksklusiv unge og elever);FORTJENESTE PR. PRÆSTERET TIME;Mænd og kvinder i alt;2024;353,58
H60 Bacheloruddannelser, BACH;Sektorer i alt;Time- og fastlønnede i alt;Lønmodtagergrupper (eksklusiv unge og elever);FORTJENESTE PR. PRÆSTERET TIME;Mænd og kvinder i alt;2019;345,79
H60 Bacheloruddannelser, BACH;Sektorer i alt;Time- og fastlønnede i alt;Lønmodtagergrupper (eksklusiv unge og elever);FORTJENESTE PR. PRÆSTERET TIME;Mænd og kvinder i alt;2020;348,07
H60 Bacheloruddannelser, BACH;Sektorer i alt;Time- og fastlønnede i alt;Lønmodtagergrupper (eksklusiv unge og elever);FORTJENESTE PR. PRÆSTERET TIME;Mænd og kvinder i alt;2021;349,52
H60 Bacheloruddannelser, BACH;Sektorer i alt;Time- og fastlønnede i alt;Lønmodtagergrupper (eksklusiv unge og elever);FORTJENESTE PR. PRÆSTERET TIME;Mænd og kvinder i alt;2022;358,60
H60 Bacheloruddannelser, BACH;Sektorer i alt;Time- og fastlønnede i alt;Lønmodtagergrupper (eksklusiv unge og elever);FORTJENESTE PR. PRÆSTERET TIME;Mænd og kvinder i alt;2023;367,28
H60 Bacheloruddannelser, BACH;Sektorer i alt;Time- og fastlønnede i alt;Lønmodtagergrupper (eksklusiv unge og elever);FORTJENESTE PR. PRÆSTERET TIME;Mænd og kvinder i alt;2024;384,77
H6020 Pædagogisk, BACH;Sektorer i alt;Time- og fastlønnede i alt;Lønmodtagergrupper (eksklusiv unge og elever);FORTJENESTE PR. PRÆSTERET TIME;Mænd og kvinder i alt;2019;324,07
H6020 Pædagogisk, BACH;Sektorer i alt;Time- og fastlønnede i alt;Lønmodtagergrupper (eksklusiv unge og elever);FORTJENESTE PR. PRÆSTERET TIME;Mænd og kvinder i alt;2020;327,65
H6020 Pædagogisk, BACH;Sektorer i alt;Time- og fastlønnede i alt;Lønmodtagergrupper (eksklusiv unge og elever);FORTJENESTE PR. PRÆSTERET TIME;Mænd og kvinder i alt;2021;333,66
H6020 Pædagogisk, BACH;Sektorer i alt;Time- og fastlønnede i alt;Lønmodtagergrupper (eksklusiv unge og elever);FORTJENESTE PR. PRÆSTERET TIME;Mænd og kvinder i alt;2022;339,10
H6020 Pædagogisk, BACH;Sektorer i alt;Time- og fastlønnede i alt;Lønmodtagergrupper (eksklusiv unge og elever);FORTJENESTE PR. PRÆSTERET TIME;Mænd og kvinder i alt;2023;344,35
H6020 Pædagogisk, BACH;Sektorer i alt;Time- og fastlønnede i alt;Lønmodtagergrupper (eksklusiv unge og elever);FORTJENESTE PR. PRÆSTERET TIME;Mænd og kvinder i alt;2024;366,51
H6025 Humanistisk og teologisk, BACH;Sektorer i alt;Time- og fastlønnede i alt;Lønmodtagergrupper (eksklusiv unge og elever);FORTJENESTE PR. PRÆSTERET TIME;Mænd og kvinder i alt;2019;308,70
H6025 Humanistisk og teologisk, BACH;Sektorer i alt;Time- og fastlønnede i alt;Lønmodtagergrupper (eksklusiv unge og elever);FORTJENESTE PR. PRÆSTERET TIME;Mænd og kvinder i alt;2020;315,49
H6025 Humanistisk og teologisk, BACH;Sektorer i alt;Time- og fastlønnede i alt;Lønmodtagergrupper (eksklusiv unge og elever);FORTJENESTE PR. PRÆSTERET TIME;Mænd og kvinder i alt;2021;318,71
H6025 Humanistisk og teologisk, BACH;Sektorer i alt;Time- og fastlønnede i alt;Lønmodtagergrupper (eksklusiv unge og elever);FORTJENESTE PR. PRÆSTERET TIME;Mænd og kvinder i alt;2022;331,02
H6025 Humanistisk og teologisk, BACH;Sektorer i alt;Time- og fastlønnede i alt;Lønmodtagergrupper (eksklusiv unge og elever);FORTJENESTE PR. PRÆSTERET TIME;Mænd og kvinder i alt;2023;345,37
H6025 Humanistisk og teologisk, BACH;Sektorer i alt;Time- og fastlønnede i alt;Lønmodtagergrupper (eksklusiv unge og elever);FORTJENESTE PR. PRÆSTERET TIME;Mænd og kvinder i alt;2024;363,26
H6030 Kunstnerisk, BACH;Sektorer i alt;Time- og fastlønnede i alt;Lønmodtagergrupper (eksklusiv unge og elever);FORTJENESTE PR. PRÆSTERET TIME;Mænd og kvinder i alt;2019;308,08
H6030 Kunstnerisk, BACH;Sektorer i alt;Time- og fastlønnede i alt;Lønmodtagergrupper (eksklusiv unge og elever);FORTJENESTE PR. PRÆSTERET TIME;Mænd og kvinder i alt;2020;316,87
H6030 Kunstnerisk, BACH;Sektorer i alt;Time- og fastlønnede i alt;Lønmodtagergrupper (eksklusiv unge og elever);FORTJENESTE PR. PRÆSTERET TIME;Mænd og kvinder i alt;2021;319,55
H6030 Kunstnerisk, BACH;Sektorer i alt;Time- og fastlønnede i alt;Lønmodtagergrupper (eksklusiv unge og elever);FORTJENESTE PR. PRÆSTERET TIME;Mænd og kvinder i alt;2022;327,30
H6030 Kunstnerisk, BACH;Sektorer i alt;Time- og fastlønnede i alt;Lønmodtagergrupper (eksklusiv unge og elever);FORTJENESTE PR. PRÆSTERET TIME;Mænd og kvinder i alt;2023;336,60
H6030 Kunstnerisk, BACH;Sektorer i alt;Time- og fastlønnede i alt;Lønmodtagergrupper (eksklusiv unge og elever);FORTJENESTE PR. PRÆSTERET TIME;Mænd og kvinder i alt;2024;352,24
H6035 Naturvidenskab, BACH;Sektorer i alt;Time- og fastlønnede i alt;Lønmodtagergrupper (eksklusiv unge og elever);FORTJENESTE PR. PRÆSTERET TIME;Mænd og kvinder i alt;2019;331,44
H6035 Naturvidenskab, BACH;Sektorer i alt;Time- og fastlønnede i alt;Lønmodtagergrupper (eksklusiv unge og elever);FORTJENESTE PR. PRÆSTERET TIME;Mænd og kvinder i alt;2020;339,23
H6035 Naturvidenskab, BACH;Sektorer i alt;Time- og fastlønnede i alt;Lønmodtagergrupper (eksklusiv unge og elever);FORTJENESTE PR. PRÆSTERET TIME;Mænd og kvinder i alt;2021;342,66
H6035 Naturvidenskab, BACH;Sektorer i alt;Time- og fastlønnede i alt;Lønmodtagergrupper (eksklusiv unge og elever);FORTJENESTE PR. PRÆSTERET TIME;Mænd og kvinder i alt;2022;355,54
H6035 Naturvidenskab, BACH;Sektorer i alt;Time- og fastlønnede i alt;Lønmodtagergrupper (eksklusiv unge og elever);FORTJENESTE PR. PRÆSTERET TIME;Mænd og kvinder i alt;2023;368,47
H6035 Naturvidenskab, BACH;Sektorer i alt;Time- og fastlønnede i alt;Lønmodtagergrupper (eksklusiv unge og elever);FORTJENESTE PR. PRÆSTERET TIME;Mænd og kvinder i alt;2024;388,21
H6039 Samfundsvidenskab, BACH;Sektorer i alt;Time- og fastlønnede i alt;Lønmodtagergrupper (eksklusiv unge og elever);FORTJENESTE PR. PRÆSTERET TIME;Mænd og kvinder i alt;2019;392,03
H6039 Samfundsvidenskab, BACH;Sektorer i alt;Time- og fastlønnede i alt;Lønmodtagergrupper (eksklusiv unge og elever);FORTJENESTE PR. PRÆSTERET TIME;Mænd og kvinder i alt;2020;392,63
H6039 Samfundsvidenskab, BACH;Sektorer i alt;Time- og fastlønnede i alt;Lønmodtagergrupper (eksklusiv unge og elever);FORTJENESTE PR. PRÆSTERET TIME;Mænd og kvinder i alt;2021;392,29
H6039 Samfundsvidenskab, BACH;Sektorer i alt;Time- og fastlønnede i alt;Lønmodtagergrupper (eksklusiv unge og elever);FORTJENESTE PR. PRÆSTERET TIME;Mænd og kvinder i alt;2022;400,46
H6039 Samfundsvidenskab, BACH;Sektorer i alt;Time- og fastlønnede i alt;Lønmodtagergrupper (eksklusiv unge og elever);FORTJENESTE PR. PRÆSTERET TIME;Mænd og kvinder i alt;2023;415,57
H6039 Samfundsvidenskab, BACH;Sektorer i alt;Time- og fastlønnede i alt;Lønmodtagergrupper (eksklusiv unge og elever);FORTJENESTE PR. PRÆSTERET TIME;Mænd og kvinder i alt;2024;436,25
H6059 Teknisk videnskab, BACH;Sektorer i alt;Time- og fastlønnede i alt;Lønmodtagergrupper (eksklusiv unge og elever);FORTJENESTE PR. PRÆSTERET TIME;Mænd og kvinder i alt;2019;270,12
H6059 Teknisk videnskab, BACH;Sektorer i alt;Time- og fastlønnede i alt;Lønmodtagergrupper (eksklusiv unge og elever);FORTJENESTE PR. PRÆSTERET TIME;Mænd og kvinder i alt;2020;279,82
H6059 Teknisk videnskab, BACH;Sektorer i alt;Time- og fastlønnede i alt;Lønmodtagergrupper (eksklusiv unge og elever);FORTJENESTE PR. PRÆSTERET TIME;Mænd og kvinder i alt;2021;285,11
H6059 Teknisk videnskab, BACH;Sektorer i alt;Time- og fastlønnede i alt;Lønmodtagergrupper (eksklusiv unge og elever);FORTJENESTE PR. PRÆSTERET TIME;Mænd og kvinder i alt;2022;298,26
H6059 Teknisk videnskab, BACH;Sektorer i alt;Time- og fastlønnede i alt;Lønmodtagergrupper (eksklusiv unge og elever);FORTJENESTE PR. PRÆSTERET TIME;Mænd og kvinder i alt;2023;314,44
H6059 Teknisk videnskab, BACH;Sektorer i alt;Time- og fastlønnede i alt;Lønmodtagergrupper (eksklusiv unge og elever);FORTJENESTE PR. PRÆSTERET TIME;Mænd og kvinder i alt;2024;327,61
H6075 Fødevarer, Bio- og laboratorieteknik, BACH;Sektorer i alt;Time- og fastlønnede i alt;Lønmodtagergrupper (eksklusiv unge og elever);FORTJENESTE PR. PRÆSTERET TIME;Mænd og kvinder i alt;2019;347,77
H6075 Fødevarer, Bio- og laboratorieteknik, BACH;Sektorer i alt;Time- og fastlønnede i alt;Lønmodtagergrupper (eksklusiv unge og elever);FORTJENESTE PR. PRÆSTERET TIME;Mænd og kvinder i alt;2020;342,87
H6075 Fødevarer, Bio- og laboratorieteknik, BACH;Sektorer i alt;Time- og fastlønnede i alt;Lønmodtagergrupper (eksklusiv unge og elever);FORTJENESTE PR. PRÆSTERET TIME;Mænd og kvinder i alt;2021;322,05
H6075 Fødevarer, Bio- og laboratorieteknik, BACH;Sektorer i alt;Time- og fastlønnede i alt;Lønmodtagergrupper (eksklusiv unge og elever);FORTJENESTE PR. PRÆSTERET TIME;Mænd og kvinder i alt;2022;339,04
H6075 Fødevarer, Bio- og laboratorieteknik, BACH;Sektorer i alt;Time- og fastlønnede i alt;Lønmodtagergrupper (eksklusiv unge og elever);FORTJENESTE PR. PRÆSTERET TIME;Mænd og kvinder i alt;2023;362,07
H6075 Fødevarer, Bio- og laboratorieteknik, BACH;Sektorer i alt;Time- og fastlønnede i alt;Lønmodtagergrupper (eksklusiv unge og elever);FORTJENESTE PR. PRÆSTERET TIME;Mænd og kvinder i alt;2024;370,35
H6080 Jordbrug, natur og miljø, BACH;Sektorer i alt;Time- og fastlønnede i alt;Lønmodtagergrupper (eksklusiv unge og elever);FORTJENESTE PR. PRÆSTERET TIME;Mænd og kvinder i alt;2019;283,40
H6080 Jordbrug, natur og miljø, BACH;Sektorer i alt;Time- og fastlønnede i alt;Lønmodtagergrupper (eksklusiv unge og elever);FORTJENESTE PR. PRÆSTERET TIME;Mænd og kvinder i alt;2020;287,85
H6080 Jordbrug, natur og miljø, BACH;Sektorer i alt;Time- og fastlønnede i alt;Lønmodtagergrupper (eksklusiv unge og elever);FORTJENESTE PR. PRÆSTERET TIME;Mænd og kvinder i alt;2021;294,68
H6080 Jordbrug, natur og miljø, BACH;Sektorer i alt;Time- og fastlønnede i alt;Lønmodtagergrupper (eksklusiv unge og elever);FORTJENESTE PR. PRÆSTERET TIME;Mænd og kvinder i alt;2022;304,43
H6080 Jordbrug, natur og miljø, BACH;Sektorer i alt;Time- og fastlønnede i alt;Lønmodtagergrupper (eksklusiv unge og elever);FORTJENESTE PR. PRÆSTERET TIME;Mænd og kvinder i alt;2023;319,88
H6080 Jordbrug, natur og miljø, BACH;Sektorer i alt;Time- og fastlønnede i alt;Lønmodtagergrupper (eksklusiv unge og elever);FORTJENESTE PR. PRÆSTERET TIME;Mænd og kvinder i alt;2024;328,69
H6090 Sundhedsvidenskab, BACH;Sektorer i alt;Time- og fastlønnede i alt;Lønmodtagergrupper (eksklusiv unge og elever);FORTJENESTE PR. PRÆSTERET TIME;Mænd og kvinder i alt;2019;238,38
H6090 Sundhedsvidenskab, BACH;Sektorer i alt;Time- og fastlønnede i alt;Lønmodtagergrupper (eksklusiv unge og elever);FORTJENESTE PR. PRÆSTERET TIME;Mænd og kvinder i alt;2020;260,43
H6090 Sundhedsvidenskab, BACH;Sektorer i alt;Time- og fastlønnede i alt;Lønmodtagergrupper (eksklusiv unge og elever);FORTJENESTE PR. PRÆSTERET TIME;Mænd og kvinder i alt;2021;257,39
H6090 Sundhedsvidenskab, BACH;Sektorer i alt;Time- og fastlønnede i alt;Lønmodtagergrupper (eksklusiv unge og elever);FORTJENESTE PR. PRÆSTERET TIME;Mænd og kvinder i alt;2022;263,54
H6090 Sundhedsvidenskab, BACH;Sektorer i alt;Time- og fastlønnede i alt;Lønmodtagergrupper (eksklusiv unge og elever);FORTJENESTE PR. PRÆSTERET TIME;Mænd og kvinder i alt;2023;263,73
H6090 Sundhedsvidenskab, BACH;Sektorer i alt;Time- og fastlønnede i alt;Lønmodtagergrupper (eksklusiv unge og elever);FORTJENESTE PR. PRÆSTERET TIME;Mænd og kvinder i alt;2024;277,51
H6097 Videregående uddannelser uden nærmere angivelse, BACH;Sektorer i alt;Time- og fastlønnede i alt;Lønmodtagergrupper (eksklusiv unge og elever);FORTJENESTE PR. PRÆSTERET TIME;Mænd og kvinder i alt;2019;243,27
H6097 Videregående uddannelser uden nærmere angivelse, BACH;Sektorer i alt;Time- og fastlønnede i alt;Lønmodtagergrupper (eksklusiv unge og elever);FORTJENESTE PR. PRÆSTERET TIME;Mænd og kvinder i alt;2020;258,73
H6097 Videregående uddannelser uden nærmere angivelse, BACH;Sektorer i alt;Time- og fastlønnede i alt;Lønmodtagergrupper (eksklusiv unge og elever);FORTJENESTE PR. PRÆSTERET TIME;Mænd og kvinder i alt;2021;262,99
H6097 Videregående uddannelser uden nærmere angivelse, BACH;Sektorer i alt;Time- og fastlønnede i alt;Lønmodtagergrupper (eksklusiv unge og elever);FORTJENESTE PR. PRÆSTERET TIME;Mænd og kvinder i alt;2022;268,95
H6097 Videregående uddannelser uden nærmere angivelse, BACH;Sektorer i alt;Time- og fastlønnede i alt;Lønmodtagergrupper (eksklusiv unge og elever);FORTJENESTE PR. PRÆSTERET TIME;Mænd og kvinder i alt;2023;307,65
H6097 Videregående uddannelser uden nærmere angivelse, BACH;Sektorer i alt;Time- og fastlønnede i alt;Lønmodtagergrupper (eksklusiv unge og elever);FORTJENESTE PR. PRÆSTERET TIME;Mænd og kvinder i alt;2024;342,83
H70 Lange videregående uddannelser, LVU;Sektorer i alt;Time- og fastlønnede i alt;Lønmodtagergrupper (eksklusiv unge og elever);FORTJENESTE PR. PRÆSTERET TIME;Mænd og kvinder i alt;2019;429,63
H70 Lange videregående uddannelser, LVU;Sektorer i alt;Time- og fastlønnede i alt;Lønmodtagergrupper (eksklusiv unge og elever);FORTJENESTE PR. PRÆSTERET TIME;Mænd og kvinder i alt;2020;436,20
H70 Lange videregående uddannelser, LVU;Sektorer i alt;Time- og fastlønnede i alt;Lønmodtagergrupper (eksklusiv unge og elever);FORTJENESTE PR. PRÆSTERET TIME;Mænd og kvinder i alt;2021;439,36
H70 Lange videregående uddannelser, LVU;Sektorer i alt;Time- og fastlønnede i alt;Lønmodtagergrupper (eksklusiv unge og elever);FORTJENESTE PR. PRÆSTERET TIME;Mænd og kvinder i alt;2022;452,47
H70 Lange videregående uddannelser, LVU;Sektorer i alt;Time- og fastlønnede i alt;Lønmodtagergrupper (eksklusiv unge og elever);FORTJENESTE PR. PRÆSTERET TIME;Mænd og kvinder i alt;2023;469,54
H70 Lange videregående uddannelser, LVU;Sektorer i alt;Time- og fastlønnede i alt;Lønmodtagergrupper (eksklusiv unge og elever);FORTJENESTE PR. PRÆSTERET TIME;Mænd og kvinder i alt;2024;491,88
H7020 Pædagogisk, LVU;Sektorer i alt;Time- og fastlønnede i alt;Lønmodtagergrupper (eksklusiv unge og elever);FORTJENESTE PR. PRÆSTERET TIME;Mænd og kvinder i alt;2019;361,47
H7020 Pædagogisk, LVU;Sektorer i alt;Time- og fastlønnede i alt;Lønmodtagergrupper (eksklusiv unge og elever);FORTJENESTE PR. PRÆSTERET TIME;Mænd og kvinder i alt;2020;370,43
H7020 Pædagogisk, LVU;Sektorer i alt;Time- og fastlønnede i alt;Lønmodtagergrupper (eksklusiv unge og elever);FORTJENESTE PR. PRÆSTERET TIME;Mænd og kvinder i alt;2021;373,90
H7020 Pædagogisk, LVU;Sektorer i alt;Time- og fastlønnede i alt;Lønmodtagergrupper (eksklusiv unge og elever);FORTJENESTE PR. PRÆSTERET TIME;Mænd og kvinder i alt;2022;386,83
H7020 Pædagogisk, LVU;Sektorer i alt;Time- og fastlønnede i alt;Lønmodtagergrupper (eksklusiv unge og elever);FORTJENESTE PR. PRÆSTERET TIME;Mænd og kvinder i alt;2023;397,73
H7020 Pædagogisk, LVU;Sektorer i alt;Time- og fastlønnede i alt;Lønmodtagergrupper (eksklusiv unge og elever);FORTJENESTE PR. PRÆSTERET TIME;Mænd og kvinder i alt;2024;416,23
H7025 Humanistisk og teologisk, LVU;Sektorer i alt;Time- og fastlønnede i alt;Lønmodtagergrupper (eksklusiv unge og elever);FORTJENESTE PR. PRÆSTERET TIME;Mænd og kvinder i alt;2019;361,30
H7025 Humanistisk og teologisk, LVU;Sektorer i alt;Time- og fastlønnede i alt;Lønmodtagergrupper (eksklusiv unge og elever);FORTJENESTE PR. PRÆSTERET TIME;Mænd og kvinder i alt;2020;366,22
H7025 Humanistisk og teologisk, LVU;Sektorer i alt;Time- og fastlønnede i alt;Lønmodtagergrupper (eksklusiv unge og elever);FORTJENESTE PR. PRÆSTERET TIME;Mænd og kvinder i alt;2021;368,97
H7025 Humanistisk og teologisk, LVU;Sektorer i alt;Time- og fastlønnede i alt;Lønmodtagergrupper (eksklusiv unge og elever);FORTJENESTE PR. PRÆSTERET TIME;Mænd og kvinder i alt;2022;380,01
H7025 Humanistisk og teologisk, LVU;Sektorer i alt;Time- og fastlønnede i alt;Lønmodtagergrupper (eksklusiv unge og elever);FORTJENESTE PR. PRÆSTERET TIME;Mænd og kvinder i alt;2023;394,11
H7025 Humanistisk og teologisk, LVU;Sektorer i alt;Time- og fastlønnede i alt;Lønmodtagergrupper (eksklusiv unge og elever);FORTJENESTE PR. PRÆSTERET TIME;Mænd og kvinder i alt;2024;415,60
H7030 Kunstnerisk, LVU;Sektorer i alt;Time- og fastlønnede i alt;Lønmodtagergrupper (eksklusiv unge og elever);FORTJENESTE PR. PRÆSTERET TIME;Mænd og kvinder i alt;2019;369,27
H7030 Kunstnerisk, LVU;Sektorer i alt;Time- og fastlønnede i alt;Lønmodtagergrupper (eksklusiv unge og elever);FORTJENESTE PR. PRÆSTERET TIME;Mænd og kvinder i alt;2020;376,20
H7030 Kunstnerisk, LVU;Sektorer i alt;Time- og fastlønnede i alt;Lønmodtagergrupper (eksklusiv unge og elever);FORTJENESTE PR. PRÆSTERET TIME;Mænd og kvinder i alt;2021;376,97
H7030 Kunstnerisk, LVU;Sektorer i alt;Time- og fastlønnede i alt;Lønmodtagergrupper (eksklusiv unge og elever);FORTJENESTE PR. PRÆSTERET TIME;Mænd og kvinder i alt;2022;385,73
H7030 Kunstnerisk, LVU;Sektorer i alt;Time- og fastlønnede i alt;Lønmodtagergrupper (eksklusiv unge og elever);FORTJENESTE PR. PRÆSTERET TIME;Mænd og kvinder i alt;2023;402,05
H7030 Kunstnerisk, LVU;Sektorer i alt;Time- og fastlønnede i alt;Lønmodtagergrupper (eksklusiv unge og elever);FORTJENESTE PR. PRÆSTERET TIME;Mænd og kvinder i alt;2024;420,15
H7035 Naturvidenskab, LVU;Sektorer i alt;Time- og fastlønnede i alt;Lønmodtagergrupper (eksklusiv unge og elever);FORTJENESTE PR. PRÆSTERET TIME;Mænd og kvinder i alt;2019;413,50
H7035 Naturvidenskab, LVU;Sektorer i alt;Time- og fastlønnede i alt;Lønmodtagergrupper (eksklusiv unge og elever);FORTJENESTE PR. PRÆSTERET TIME;Mænd og kvinder i alt;2020;416,71
H7035 Naturvidenskab, LVU;Sektorer i alt;Time- og fastlønnede i alt;Lønmodtagergrupper (eksklusiv unge og elever);FORTJENESTE PR. PRÆSTERET TIME;Mænd og kvinder i alt;2021;418,15
H7035 Naturvidenskab, LVU;Sektorer i alt;Time- og fastlønnede i alt;Lønmodtagergrupper (eksklusiv unge og elever);FORTJENESTE PR. PRÆSTERET TIME;Mænd og kvinder i alt;2022;430,37
H7035 Naturvidenskab, LVU;Sektorer i alt;Time- og fastlønnede i alt;Lønmodtagergrupper (eksklusiv unge og elever);FORTJENESTE PR. PRÆSTERET TIME;Mænd og kvinder i alt;2023;447,03
H7035 Naturvidenskab, LVU;Sektorer i alt;Time- og fastlønnede i alt;Lønmodtagergrupper (eksklusiv unge og elever);FORTJENESTE PR. PRÆSTERET TIME;Mænd og kvinder i alt;2024;469,50
H7039 Samfundsvidenskab, LVU;Sektorer i alt;Time- og fastlønnede i alt;Lønmodtagergrupper (eksklusiv unge og elever);FORTJENESTE PR. PRÆSTERET TIME;Mænd og kvinder i alt;2019;464,30
H7039 Samfundsvidenskab, LVU;Sektorer i alt;Time- og fastlønnede i alt;Lønmodtagergrupper (eksklusiv unge og elever);FORTJENESTE PR. PRÆSTERET TIME;Mænd og kvinder i alt;2020;468,82
H7039 Samfundsvidenskab, LVU;Sektorer i alt;Time- og fastlønnede i alt;Lønmodtagergrupper (eksklusiv unge og elever);FORTJENESTE PR. PRÆSTERET TIME;Mænd og kvinder i alt;2021;475,01
H7039 Samfundsvidenskab, LVU;Sektorer i alt;Time- og fastlønnede i alt;Lønmodtagergrupper (eksklusiv unge og elever);FORTJENESTE PR. PRÆSTERET TIME;Mænd og kvinder i alt;2022;488,70
H7039 Samfundsvidenskab, LVU;Sektorer i alt;Time- og fastlønnede i alt;Lønmodtagergrupper (eksklusiv unge og elever);FORTJENESTE PR. PRÆSTERET TIME;Mænd og kvinder i alt;2023;508,54
H7039 Samfundsvidenskab, LVU;Sektorer i alt;Time- og fastlønnede i alt;Lønmodtagergrupper (eksklusiv unge og elever);FORTJENESTE PR. PRÆSTERET TIME;Mænd og kvinder i alt;2024;532,01
H7059 Teknisk videnskab, LVU;Sektorer i alt;Time- og fastlønnede i alt;Lønmodtagergrupper (eksklusiv unge og elever);FORTJENESTE PR. PRÆSTERET TIME;Mænd og kvinder i alt;2019;450,14
H7059 Teknisk videnskab, LVU;Sektorer i alt;Time- og fastlønnede i alt;Lønmodtagergrupper (eksklusiv unge og elever);FORTJENESTE PR. PRÆSTERET TIME;Mænd og kvinder i alt;2020;451,69
H7059 Teknisk videnskab, LVU;Sektorer i alt;Time- og fastlønnede i alt;Lønmodtagergrupper (eksklusiv unge og elever);FORTJENESTE PR. PRÆSTERET TIME;Mænd og kvinder i alt;2021;456,05
H7059 Teknisk videnskab, LVU;Sektorer i alt;Time- og fastlønnede i alt;Lønmodtagergrupper (eksklusiv unge og elever);FORTJENESTE PR. PRÆSTERET TIME;Mænd og kvinder i alt;2022;468,51
H7059 Teknisk videnskab, LVU;Sektorer i alt;Time- og fastlønnede i alt;Lønmodtagergrupper (eksklusiv unge og elever);FORTJENESTE PR. PRÆSTERET TIME;Mænd og kvinder i alt;2023;488,73
H7059 Teknisk videnskab, LVU;Sektorer i alt;Time- og fastlønnede i alt;Lønmodtagergrupper (eksklusiv unge og elever);FORTJENESTE PR. PRÆSTERET TIME;Mænd og kvinder i alt;2024;511,23
H7075 Fødevarer, Bio- og laboratorieteknik, LVU;Sektorer i alt;Time- og fastlønnede i alt;Lønmodtagergrupper (eksklusiv unge og elever);FORTJENESTE PR. PRÆSTERET TIME;Mænd og kvinder i alt;2019;459,40
H7075 Fødevarer, Bio- og laboratorieteknik, LVU;Sektorer i alt;Time- og fastlønnede i alt;Lønmodtagergrupper (eksklusiv unge og elever);FORTJENESTE PR. PRÆSTERET TIME;Mænd og kvinder i alt;2020;453,79
H7075 Fødevarer, Bio- og laboratorieteknik, LVU;Sektorer i alt;Time- og fastlønnede i alt;Lønmodtagergrupper (eksklusiv unge og elever);FORTJENESTE PR. PRÆSTERET TIME;Mænd og kvinder i alt;2021;454,30
H7075 Fødevarer, Bio- og laboratorieteknik, LVU;Sektorer i alt;Time- og fastlønnede i alt;Lønmodtagergrupper (eksklusiv unge og elever);FORTJENESTE PR. PRÆSTERET TIME;Mænd og kvinder i alt;2022;469,41
H7075 Fødevarer, Bio- og laboratorieteknik, LVU;Sektorer i alt;Time- og fastlønnede i alt;Lønmodtagergrupper (eksklusiv unge og elever);FORTJENESTE PR. PRÆSTERET TIME;Mænd og kvinder i alt;2023;485,18
H7075 Fødevarer, Bio- og laboratorieteknik, LVU;Sektorer i alt;Time- og fastlønnede i alt;Lønmodtagergrupper (eksklusiv unge og elever);FORTJENESTE PR. PRÆSTERET TIME;Mænd og kvinder i alt;2024;506,44
H7080 Jordbrug, natur og miljø, LVU;Sektorer i alt;Time- og fastlønnede i alt;Lønmodtagergrupper (eksklusiv unge og elever);FORTJENESTE PR. PRÆSTERET TIME;Mænd og kvinder i alt;2019;412,96
H7080 Jordbrug, natur og miljø, LVU;Sektorer i alt;Time- og fastlønnede i alt;Lønmodtagergrupper (eksklusiv unge og elever);FORTJENESTE PR. PRÆSTERET TIME;Mænd og kvinder i alt;2020;420,18
H7080 Jordbrug, natur og miljø, LVU;Sektorer i alt;Time- og fastlønnede i alt;Lønmodtagergrupper (eksklusiv unge og elever);FORTJENESTE PR. PRÆSTERET TIME;Mænd og kvinder i alt;2021;424,37
H7080 Jordbrug, natur og miljø, LVU;Sektorer i alt;Time- og fastlønnede i alt;Lønmodtagergrupper (eksklusiv unge og elever);FORTJENESTE PR. PRÆSTERET TIME;Mænd og kvinder i alt;2022;436,65
H7080 Jordbrug, natur og miljø, LVU;Sektorer i alt;Time- og fastlønnede i alt;Lønmodtagergrupper (eksklusiv unge og elever);FORTJENESTE PR. PRÆSTERET TIME;Mænd og kvinder i alt;2023;447,18
H7080 Jordbrug, natur og miljø, LVU;Sektorer i alt;Time- og fastlønnede i alt;Lønmodtagergrupper (eksklusiv unge og elever);FORTJENESTE PR. PRÆSTERET TIME;Mænd og kvinder i alt;2024;465,67
H7090 Sundhedsvidenskab, LVU;Sektorer i alt;Time- og fastlønnede i alt;Lønmodtagergrupper (eksklusiv unge og elever);FORTJENESTE PR. PRÆSTERET TIME;Mænd og kvinder i alt;2019;488,36
H7090 Sundhedsvidenskab, LVU;Sektorer i alt;Time- og fastlønnede i alt;Lønmodtagergrupper (eksklusiv unge og elever);FORTJENESTE PR. PRÆSTERET TIME;Mænd og kvinder i alt;2020;505,73
H7090 Sundhedsvidenskab, LVU;Sektorer i alt;Time- og fastlønnede i alt;Lønmodtagergrupper (eksklusiv unge og elever);FORTJENESTE PR. PRÆSTERET TIME;Mænd og kvinder i alt;2021;496,30
H7090 Sundhedsvidenskab, LVU;Sektorer i alt;Time- og fastlønnede i alt;Lønmodtagergrupper (eksklusiv unge og elever);FORTJENESTE PR. PRÆSTERET TIME;Mænd og kvinder i alt;2022;516,69
H7090 Sundhedsvidenskab, LVU;Sektorer i alt;Time- og fastlønnede i alt;Lønmodtagergrupper (eksklusiv unge og elever);FORTJENESTE PR. PRÆSTERET TIME;Mænd og kvinder i alt;2023;525,60
H7090 Sundhedsvidenskab, LVU;Sektorer i alt;Time- og fastlønnede i alt;Lønmodtagergrupper (eksklusiv unge og elever);FORTJENESTE PR. PRÆSTERET TIME;Mænd og kvinder i alt;2024;541,94
H7095 Politi og forsvar mv., LVU;Sektorer i alt;Time- og fastlønnede i alt;Lønmodtagergrupper (eksklusiv unge og elever);FORTJENESTE PR. PRÆSTERET TIME;Mænd og kvinder i alt;2019;513,44
H7095 Politi og forsvar mv., LVU;Sektorer i alt;Time- og fastlønnede i alt;Lønmodtagergrupper (eksklusiv unge og elever);FORTJENESTE PR. PRÆSTERET TIME;Mænd og kvinder i alt;2020;516,71
H7095 Politi og forsvar mv., LVU;Sektorer i alt;Time- og fastlønnede i alt;Lønmodtagergrupper (eksklusiv unge og elever);FORTJENESTE PR. PRÆSTERET TIME;Mænd og kvinder i alt;2021;518,02
H7095 Politi og forsvar mv., LVU;Sektorer i alt;Time- og fastlønnede i alt;Lønmodtagergrupper (eksklusiv unge og elever);FORTJENESTE PR. PRÆSTERET TIME;Mænd og kvinder i alt;2022;549,71
H7095 Politi og forsvar mv., LVU;Sektorer i alt;Time- og fastlønnede i alt;Lønmodtagergrupper (eksklusiv unge og elever);FORTJENESTE PR. PRÆSTERET TIME;Mænd og kvinder i alt;2023;570,15
H7095 Politi og forsvar mv., LVU;Sektorer i alt;Time- og fastlønnede i alt;Lønmodtagergrupper (eksklusiv unge og elever);FORTJENESTE PR. PRÆSTERET TIME;Mænd og kvinder i alt;2024;602,58
H7097 Videregående uddannelser uden nærmere angivelse, LVU;Sektorer i alt;Time- og fastlønnede i alt;Lønmodtagergrupper (eksklusiv unge og elever);FORTJENESTE PR. PRÆSTERET TIME;Mænd og kvinder i alt;2019;366,48
H7097 Videregående uddannelser uden nærmere angivelse, LVU;Sektorer i alt;Time- og fastlønnede i alt;Lønmodtagergrupper (eksklusiv unge og elever);FORTJENESTE PR. PRÆSTERET TIME;Mænd og kvinder i alt;2020;383,04
H7097 Videregående uddannelser uden nærmere angivelse, LVU;Sektorer i alt;Time- og fastlønnede i alt;Lønmodtagergrupper (eksklusiv unge og elever);FORTJENESTE PR. PRÆSTERET TIME;Mænd og kvinder i alt;2021;387,76
H7097 Videregående uddannelser uden nærmere angivelse, LVU;Sektorer i alt;Time- og fastlønnede i alt;Lønmodtagergrupper (eksklusiv unge og elever);FORTJENESTE PR. PRÆSTERET TIME;Mænd og kvinder i alt;2022;401,19
H7097 Videregående uddannelser uden nærmere angivelse, LVU;Sektorer i alt;Time- og fastlønnede i alt;Lønmodtagergrupper (eksklusiv unge og elever);FORTJENESTE PR. PRÆSTERET TIME;Mænd og kvinder i alt;2023;419,75
H7097 Videregående uddannelser uden nærmere angivelse, LVU;Sektorer i alt;Time- og fastlønnede i alt;Lønmodtagergrupper (eksklusiv unge og elever);FORTJENESTE PR. PRÆSTERET TIME;Mænd og kvinder i alt;2024;448,73
H80 Ph.d. og forskeruddannelser;Sektorer i alt;Time- og fastlønnede i alt;Lønmodtagergrupper (eksklusiv unge og elever);FORTJENESTE PR. PRÆSTERET TIME;Mænd og kvinder i alt;2019;469,09
H80 Ph.d. og forskeruddannelser;Sektorer i alt;Time- og fastlønnede i alt;Lønmodtagergrupper (eksklusiv unge og elever);FORTJENESTE PR. PRÆSTERET TIME;Mænd og kvinder i alt;2020;480,01
H80 Ph.d. og forskeruddannelser;Sektorer i alt;Time- og fastlønnede i alt;Lønmodtagergrupper (eksklusiv unge og elever);FORTJENESTE PR. PRÆSTERET TIME;Mænd og kvinder i alt;2021;484,26
H80 Ph.d. og forskeruddannelser;Sektorer i alt;Time- og fastlønnede i alt;Lønmodtagergrupper (eksklusiv unge og elever);FORTJENESTE PR. PRÆSTERET TIME;Mænd og kvinder i alt;2022;501,87
H80 Ph.d. og forskeruddannelser;Sektorer i alt;Time- og fastlønnede i alt;Lønmodtagergrupper (eksklusiv unge og elever);FORTJENESTE PR. PRÆSTERET TIME;Mænd og kvinder i alt;2023;518,81
H80 Ph.d. og forskeruddannelser;Sektorer i alt;Time- og fastlønnede i alt;Lønmodtagergrupper (eksklusiv unge og elever);FORTJENESTE PR. PRÆSTERET TIME;Mænd og kvinder i alt;2024;543,48
H8020 Pædagogisk, Ph.d.;Sektorer i alt;Time- og fastlønnede i alt;Lønmodtagergrupper (eksklusiv unge og elever);FORTJENESTE PR. PRÆSTERET TIME;Mænd og kvinder i alt;2019;..
H8020 Pædagogisk, Ph.d.;Sektorer i alt;Time- og fastlønnede i alt;Lønmodtagergrupper (eksklusiv unge og elever);FORTJENESTE PR. PRÆSTERET TIME;Mænd og kvinder i alt;2020;..
H8020 Pædagogisk, Ph.d.;Sektorer i alt;Time- og fastlønnede i alt;Lønmodtagergrupper (eksklusiv unge og elever);FORTJENESTE PR. PRÆSTERET TIME;Mænd og kvinder i alt;2021;..
H8020 Pædagogisk, Ph.d.;Sektorer i alt;Time- og fastlønnede i alt;Lønmodtagergrupper (eksklusiv unge og elever);FORTJENESTE PR. PRÆSTERET TIME;Mænd og kvinder i alt;2022;..
H8020 Pædagogisk, Ph.d.;Sektorer i alt;Time- og fastlønnede i alt;Lønmodtagergrupper (eksklusiv unge og elever);FORTJENESTE PR. PRÆSTERET TIME;Mænd og kvinder i alt;2023;..
H8020 Pædagogisk, Ph.d.;Sektorer i alt;Time- og fastlønnede i alt;Lønmodtagergrupper (eksklusiv unge og elever);FORTJENESTE PR. PRÆSTERET TIME;Mænd og kvinder i alt;2024;..
H8025 Humanistisk og teologisk, Ph.d.;Sektorer i alt;Time- og fastlønnede i alt;Lønmodtagergrupper (eksklusiv unge og elever);FORTJENESTE PR. PRÆSTERET TIME;Mænd og kvinder i alt;2019;405,36
H8025 Humanistisk og teologisk, Ph.d.;Sektorer i alt;Time- og fastlønnede i alt;Lønmodtagergrupper (eksklusiv unge og elever);FORTJENESTE PR. PRÆSTERET TIME;Mænd og kvinder i alt;2020;413,06
H8025 Humanistisk og teologisk, Ph.d.;Sektorer i alt;Time- og fastlønnede i alt;Lønmodtagergrupper (eksklusiv unge og elever);FORTJENESTE PR. PRÆSTERET TIME;Mænd og kvinder i alt;2021;415,86
H8025 Humanistisk og teologisk, Ph.d.;Sektorer i alt;Time- og fastlønnede i alt;Lønmodtagergrupper (eksklusiv unge og elever);FORTJENESTE PR. PRÆSTERET TIME;Mænd og kvinder i alt;2022;431,30
H8025 Humanistisk og teologisk, Ph.d.;Sektorer i alt;Time- og fastlønnede i alt;Lønmodtagergrupper (eksklusiv unge og elever);FORTJENESTE PR. PRÆSTERET TIME;Mænd og kvinder i alt;2023;436,64
H8025 Humanistisk og teologisk, Ph.d.;Sektorer i alt;Time- og fastlønnede i alt;Lønmodtagergrupper (eksklusiv unge og elever);FORTJENESTE PR. PRÆSTERET TIME;Mænd og kvinder i alt;2024;460,16
H8030 Kunstnerisk, Ph.d.;Sektorer i alt;Time- og fastlønnede i alt;Lønmodtagergrupper (eksklusiv unge og elever);FORTJENESTE PR. PRÆSTERET TIME;Mænd og kvinder i alt;2019;336,09
H8030 Kunstnerisk, Ph.d.;Sektorer i alt;Time- og fastlønnede i alt;Lønmodtagergrupper (eksklusiv unge og elever);FORTJENESTE PR. PRÆSTERET TIME;Mænd og kvinder i alt;2020;343,90
H8030 Kunstnerisk, Ph.d.;Sektorer i alt;Time- og fastlønnede i alt;Lønmodtagergrupper (eksklusiv unge og elever);FORTJENESTE PR. PRÆSTERET TIME;Mænd og kvinder i alt;2021;341,99
H8030 Kunstnerisk, Ph.d.;Sektorer i alt;Time- og fastlønnede i alt;Lønmodtagergrupper (eksklusiv unge og elever);FORTJENESTE PR. PRÆSTERET TIME;Mænd og kvinder i alt;2022;348,67
H8030 Kunstnerisk, Ph.d.;Sektorer i alt;Time- og fastlønnede i alt;Lønmodtagergrupper (eksklusiv unge og elever);FORTJENESTE PR. PRÆSTERET TIME;Mænd og kvinder i alt;2023;355,41
H8030 Kunstnerisk, Ph.d.;Sektorer i alt;Time- og fastlønnede i alt;Lønmodtagergrupper (eksklusiv unge og elever);FORTJENESTE PR. PRÆSTERET TIME;Mænd og kvinder i alt;2024;372,89
H8035 Naturvidenskab, Ph.d.;Sektorer i alt;Time- og fastlønnede i alt;Lønmodtagergrupper (eksklusiv unge og elever);FORTJENESTE PR. PRÆSTERET TIME;Mænd og kvinder i alt;2019;463,47
H8035 Naturvidenskab, Ph.d.;Sektorer i alt;Time- og fastlønnede i alt;Lønmodtagergrupper (eksklusiv unge og elever);FORTJENESTE PR. PRÆSTERET TIME;Mænd og kvinder i alt;2020;470,91
H8035 Naturvidenskab, Ph.d.;Sektorer i alt;Time- og fastlønnede i alt;Lønmodtagergrupper (eksklusiv unge og elever);FORTJENESTE PR. PRÆSTERET TIME;Mænd og kvinder i alt;2021;478,18
H8035 Naturvidenskab, Ph.d.;Sektorer i alt;Time- og fastlønnede i alt;Lønmodtagergrupper (eksklusiv unge og elever);FORTJENESTE PR. PRÆSTERET TIME;Mænd og kvinder i alt;2022;500,27
H8035 Naturvidenskab, Ph.d.;Sektorer i alt;Time- og fastlønnede i alt;Lønmodtagergrupper (eksklusiv unge og elever);FORTJENESTE PR. PRÆSTERET TIME;Mænd og kvinder i alt;2023;520,83
H8035 Naturvidenskab, Ph.d.;Sektorer i alt;Time- og fastlønnede i alt;Lønmodtagergrupper (eksklusiv unge og elever);FORTJENESTE PR. PRÆSTERET TIME;Mænd og kvinder i alt;2024;545,73
H8039 Samfundsvidenskab, Ph.d.;Sektorer i alt;Time- og fastlønnede i alt;Lønmodtagergrupper (eksklusiv unge og elever);FORTJENESTE PR. PRÆSTERET TIME;Mænd og kvinder i alt;2019;473,12
H8039 Samfundsvidenskab, Ph.d.;Sektorer i alt;Time- og fastlønnede i alt;Lønmodtagergrupper (eksklusiv unge og elever);FORTJENESTE PR. PRÆSTERET TIME;Mænd og kvinder i alt;2020;482,68
H8039 Samfundsvidenskab, Ph.d.;Sektorer i alt;Time- og fastlønnede i alt;Lønmodtagergrupper (eksklusiv unge og elever);FORTJENESTE PR. PRÆSTERET TIME;Mænd og kvinder i alt;2021;486,65
H8039 Samfundsvidenskab, Ph.d.;Sektorer i alt;Time- og fastlønnede i alt;Lønmodtagergrupper (eksklusiv unge og elever);FORTJENESTE PR. PRÆSTERET TIME;Mænd og kvinder i alt;2022;501,74
H8039 Samfundsvidenskab, Ph.d.;Sektorer i alt;Time- og fastlønnede i alt;Lønmodtagergrupper (eksklusiv unge og elever);FORTJENESTE PR. PRÆSTERET TIME;Mænd og kvinder i alt;2023;511,53
H8039 Samfundsvidenskab, Ph.d.;Sektorer i alt;Time- og fastlønnede i alt;Lønmodtagergrupper (eksklusiv unge og elever);FORTJENESTE PR. PRÆSTERET TIME;Mænd og kvinder i alt;2024;537,50
H8059 Teknisk videnskab, Ph.d.;Sektorer i alt;Time- og fastlønnede i alt;Lønmodtagergrupper (eksklusiv unge og elever);FORTJENESTE PR. PRÆSTERET TIME;Mænd og kvinder i alt;2019;487,26
H8059 Teknisk videnskab, Ph.d.;Sektorer i alt;Time- og fastlønnede i alt;Lønmodtagergrupper (eksklusiv unge og elever);FORTJENESTE PR. PRÆSTERET TIME;Mænd og kvinder i alt;2020;492,10
H8059 Teknisk videnskab, Ph.d.;Sektorer i alt;Time- og fastlønnede i alt;Lønmodtagergrupper (eksklusiv unge og elever);FORTJENESTE PR. PRÆSTERET TIME;Mænd og kvinder i alt;2021;499,19
H8059 Teknisk videnskab, Ph.d.;Sektorer i alt;Time- og fastlønnede i alt;Lønmodtagergrupper (eksklusiv unge og elever);FORTJENESTE PR. PRÆSTERET TIME;Mænd og kvinder i alt;2022;517,87
H8059 Teknisk videnskab, Ph.d.;Sektorer i alt;Time- og fastlønnede i alt;Lønmodtagergrupper (eksklusiv unge og elever);FORTJENESTE PR. PRÆSTERET TIME;Mænd og kvinder i alt;2023;542,79
H8059 Teknisk videnskab, Ph.d.;Sektorer i alt;Time- og fastlønnede i alt;Lønmodtagergrupper (eksklusiv unge og elever);FORTJENESTE PR. PRÆSTERET TIME;Mænd og kvinder i alt;2024;570,25
H8080 Jordbrug, natur og miljø, Ph.d.;Sektorer i alt;Time- og fastlønnede i alt;Lønmodtagergrupper (eksklusiv unge og elever);FORTJENESTE PR. PRÆSTERET TIME;Mænd og kvinder i alt;2019;458,20
H8080 Jordbrug, natur og miljø, Ph.d.;Sektorer i alt;Time- og fastlønnede i alt;Lønmodtagergrupper (eksklusiv unge og elever);FORTJENESTE PR. PRÆSTERET TIME;Mænd og kvinder i alt;2020;465,52
H8080 Jordbrug, natur og miljø, Ph.d.;Sektorer i alt;Time- og fastlønnede i alt;Lønmodtagergrupper (eksklusiv unge og elever);FORTJENESTE PR. PRÆSTERET TIME;Mænd og kvinder i alt;2021;477,02
H8080 Jordbrug, natur og miljø, Ph.d.;Sektorer i alt;Time- og fastlønnede i alt;Lønmodtagergrupper (eksklusiv unge og elever);FORTJENESTE PR. PRÆSTERET TIME;Mænd og kvinder i alt;2022;494,45
H8080 Jordbrug, natur og miljø, Ph.d.;Sektorer i alt;Time- og fastlønnede i alt;Lønmodtagergrupper (eksklusiv unge og elever);FORTJENESTE PR. PRÆSTERET TIME;Mænd og kvinder i alt;2023;515,01
H8080 Jordbrug, natur og miljø, Ph.d.;Sektorer i alt;Time- og fastlønnede i alt;Lønmodtagergrupper (eksklusiv unge og elever);FORTJENESTE PR. PRÆSTERET TIME;Mænd og kvinder i alt;2024;542,70
H8090 Sundhedsvidenskab, Ph.d.;Sektorer i alt;Time- og fastlønnede i alt;Lønmodtagergrupper (eksklusiv unge og elever);FORTJENESTE PR. PRÆSTERET TIME;Mænd og kvinder i alt;2019;532,90
H8090 Sundhedsvidenskab, Ph.d.;Sektorer i alt;Time- og fastlønnede i alt;Lønmodtagergrupper (eksklusiv unge og elever);FORTJENESTE PR. PRÆSTERET TIME;Mænd og kvinder i alt;2020;551,74
H8090 Sundhedsvidenskab, Ph.d.;Sektorer i alt;Time- og fastlønnede i alt;Lønmodtagergrupper (eksklusiv unge og elever);FORTJENESTE PR. PRÆSTERET TIME;Mænd og kvinder i alt;2021;551,58
H8090 Sundhedsvidenskab, Ph.d.;Sektorer i alt;Time- og fastlønnede i alt;Lønmodtagergrupper (eksklusiv unge og elever);FORTJENESTE PR. PRÆSTERET TIME;Mænd og kvinder i alt;2022;575,98
H8090 Sundhedsvidenskab, Ph.d.;Sektorer i alt;Time- og fastlønnede i alt;Lønmodtagergrupper (eksklusiv unge og elever);FORTJENESTE PR. PRÆSTERET TIME;Mænd og kvinder i alt;2023;591,66
H8090 Sundhedsvidenskab, Ph.d.;Sektorer i alt;Time- og fastlønnede i alt;Lønmodtagergrupper (eksklusiv unge og elever);FORTJENESTE PR. PRÆSTERET TIME;Mænd og kvinder i alt;2024;615,34
H8097 Videregående uddannelser uden nærmere angivelse, Ph.d.;Sektorer i alt;Time- og fastlønnede i alt;Lønmodtagergrupper (eksklusiv unge og elever);FORTJENESTE PR. PRÆSTERET TIME;Mænd og kvinder i alt;2019;403,31
H8097 Videregående uddannelser uden nærmere angivelse, Ph.d.;Sektorer i alt;Time- og fastlønnede i alt;Lønmodtagergrupper (eksklusiv unge og elever);FORTJENESTE PR. PRÆSTERET TIME;Mænd og kvinder i alt;2020;413,72
H8097 Videregående uddannelser uden nærmere angivelse, Ph.d.;Sektorer i alt;Time- og fastlønnede i alt;Lønmodtagergrupper (eksklusiv unge og elever);FORTJENESTE PR. PRÆSTERET TIME;Mænd og kvinder i alt;2021;418,52
H8097 Videregående uddannelser uden nærmere angivelse, Ph.d.;Sektorer i alt;Time- og fastlønnede i alt;Lønmodtagergrupper (eksklusiv unge og elever);FORTJENESTE PR. PRÆSTERET TIME;Mænd og kvinder i alt;2022;430,06
H8097 Videregående uddannelser uden nærmere angivelse, Ph.d.;Sektorer i alt;Time- og fastlønnede i alt;Lønmodtagergrupper (eksklusiv unge og elever);FORTJENESTE PR. PRÆSTERET TIME;Mænd og kvinder i alt;2023;447,26
H8097 Videregående uddannelser uden nærmere angivelse, Ph.d.;Sektorer i alt;Time- og fastlønnede i alt;Lønmodtagergrupper (eksklusiv unge og elever);FORTJENESTE PR. PRÆSTERET TIME;Mænd og kvinder i alt;2024;471,88
H90 Uoplyst mv.;Sektorer i alt;Time- og fastlønnede i alt;Lønmodtagergrupper (eksklusiv unge og elever);FORTJENESTE PR. PRÆSTERET TIME;Mænd og kvinder i alt;2019;304,09
H90 Uoplyst mv.;Sektorer i alt;Time- og fastlønnede i alt;Lønmodtagergrupper (eksklusiv unge og elever);FORTJENESTE PR. PRÆSTERET TIME;Mænd og kvinder i alt;2020;309,76
H90 Uoplyst mv.;Sektorer i alt;Time- og fastlønnede i alt;Lønmodtagergrupper (eksklusiv unge og elever);FORTJENESTE PR. PRÆSTERET TIME;Mænd og kvinder i alt;2021;310,76
H90 Uoplyst mv.;Sektorer i alt;Time- og fastlønnede i alt;Lønmodtagergrupper (eksklusiv unge og elever);FORTJENESTE PR. PRÆSTERET TIME;Mænd og kvinder i alt;2022;320,04
H90 Uoplyst mv.;Sektorer i alt;Time- og fastlønnede i alt;Lønmodtagergrupper (eksklusiv unge og elever);FORTJENESTE PR. PRÆSTERET TIME;Mænd og kvinder i alt;2023;339,45
H90 Uoplyst mv.;Sektorer i alt;Time- og fastlønnede i alt;Lønmodtagergrupper (eksklusiv unge og elever);FORTJENESTE PR. PRÆSTERET TIME;Mænd og kvinder i alt;2024;358,61
H9099 Uoplyst mv.;Sektorer i alt;Time- og fastlønnede i alt;Lønmodtagergrupper (eksklusiv unge og elever);FORTJENESTE PR. PRÆSTERET TIME;Mænd og kvinder i alt;2019;284,07
H9099 Uoplyst mv.;Sektorer i alt;Time- og fastlønnede i alt;Lønmodtagergrupper (eksklusiv unge og elever);FORTJENESTE PR. PRÆSTERET TIME;Mænd og kvinder i alt;2020;289,18
H9099 Uoplyst mv.;Sektorer i alt;Time- og fastlønnede i alt;Lønmodtagergrupper (eksklusiv unge og elever);FORTJENESTE PR. PRÆSTERET TIME;Mænd og kvinder i alt;2021;290,86
H9099 Uoplyst mv.;Sektorer i alt;Time- og fastlønnede i alt;Lønmodtagergrupper (eksklusiv unge og elever);FORTJENESTE PR. PRÆSTERET TIME;Mænd og kvinder i alt;2022;300,23
H9099 Uoplyst mv.;Sektorer i alt;Time- og fastlønnede i alt;Lønmodtagergrupper (eksklusiv unge og elever);FORTJENESTE PR. PRÆSTERET TIME;Mænd og kvinder i alt;2023;316,06
H9099 Uoplyst mv.;Sektorer i alt;Time- og fastlønnede i alt;Lønmodtagergrupper (eksklusiv unge og elever);FORTJENESTE PR. PRÆSTERET TIME;Mænd og kvinder i alt;2024;335,03
